label,log_file,log_path,descent_id,descent_index,t,time_from_descent_start_s,altitude_source,altitude_rel_m,altitude_rel_smooth_m,altitude_bin_5m,descent_rate_mps,airspeed_mps,airspeed_source,aoa_deg,aoa_logged_deg,aoa_derived_deg,aoa_source,sideslip_deg,sideslip_logged_deg,sideslip_derived_deg,sideslip_source,aero_angle_source,aero_angle_derived_source,groundspeed_mps,vn_mps,ve_mps,vd_mps_raw,roll_deg,pitch_deg,yaw_deg,desired_roll_deg,desired_pitch_deg,desired_yaw_deg,roll_error_deg,pitch_error_deg,pilot_roll_pwm,pilot_pitch_pwm,pilot_throttle_pwm,pilot_yaw_pwm,pilot_roll_centered,pilot_pitch_centered,pilot_throttle_norm,pilot_yaw_centered,pilot_roll_rate_per_s,pilot_pitch_rate_per_s,pilot_throttle_rate_per_s,pilot_yaw_rate_per_s,servo_roll_pwm,servo_pitch_pwm,servo_throttle_pwm,servo_yaw_pwm,throttle_output,rudder_output,tecs_throttle_demand,p_radps,q_radps,r_radps,accel_x_mps2,accel_y_mps2,accel_z_mps2,lat_deg,lon_deg,pn_m,pe_m,pd_m,wind_n_mps,wind_e_mps,wind_d_mps,u_air_body_mps,v_air_body_mps,w_air_body_mps,u_ground_body_mps,v_ground_body_mps,w_ground_body_mps,gps_I,gps_Status,gps_GMS,gps_GWk,gps_NSats,gps_HDop,gps_Lat,gps_Lng,gps_Alt,gps_Spd,gps_GCrs,gps_VZ,gps_Yaw,gps_U,pos_Lat,pos_Lng,pos_Alt,pos_RelHomeAlt,pos_RelOriginAlt,att_DesRoll,att_Roll,att_DesPitch,att_Pitch,att_DesYaw,att_Yaw,att_ErrRP,att_ErrYaw,att_AEKF,imu_I,imu_GyrX,imu_GyrY,imu_GyrZ,imu_AccX,imu_AccY,imu_AccZ,imu_EG,imu_EA,imu_T,imu_GH,imu_AH,imu_GHz,imu_AHz,ahr2_Roll,ahr2_Pitch,ahr2_Yaw,ahr2_Alt,ahr2_Lat,ahr2_Lng,ahr2_Q1,ahr2_Q2,ahr2_Q3,ahr2_Q4,xkf1_C,xkf1_Roll,xkf1_Pitch,xkf1_Yaw,xkf1_VN,xkf1_VE,xkf1_VD,xkf1_dPD,xkf1_PN,xkf1_PE,xkf1_PD,xkf1_GX,xkf1_GY,xkf1_GZ,xkf1_OH,xkf2_C,xkf2_AX,xkf2_AY,xkf2_AZ,xkf2_VWN,xkf2_VWE,xkf2_MN,xkf2_ME,xkf2_MD,xkf2_MX,xkf2_MY,xkf2_MZ,xkf2_IDX,xkf2_IDY,xkf2_IS,ctun_NavRoll,ctun_Roll,ctun_NavPitch,ctun_Pitch,ctun_ThO,ctun_RdO,ctun_ThD,ctun_As,ctun_AsT,ctun_SAs,ctun_E2T,ctun_GU,ntun_Dist,ntun_TBrg,ntun_NavBrg,ntun_AltE,ntun_XT,ntun_XTi,ntun_AsE,ntun_TLat,ntun_TLng,ntun_TAW,ntun_TAT,ntun_TAsp,tecs_h,tecs_dh,tecs_hin,tecs_hdem,tecs_dhdem,tecs_spdem,tecs_sp,tecs_dsp,tecs_th,tecs_ph,tecs_pmin,tecs_pmax,tecs_dspdem,tecs_f,arsp_I,arsp_Airspeed,arsp_DiffPress,arsp_Temp,arsp_RawPress,arsp_Offset,arsp_U,arsp_H,arsp_Hp,arsp_TR,arsp_Pri,aoa_AOA,aoa_SSA,dcm_Roll,dcm_Pitch,dcm_Yaw,rcin_C1,rcin_C2,rcin_C3,rcin_C4,rcin_C5,rcin_C6,rcin_C7,rcin_C8,rcin_C9,rcin_C10,rcin_C11,rcin_C12,rcin_C13,rcin_C14,rcou_C1,rcou_C2,rcou_C3,rcou_C4,rcou_C5,rcou_C6,rcou_C7,rcou_C8,rcou_C9,rcou_C10,rcou_C11,rcou_C12,rcou_C13,rcou_C14,baro_I,baro_Alt,baro_Press,baro_Temp,baro_CRt,baro_SMS,baro_Offset,baro_GndTemp,baro_Health,rfnd_Instance,rfnd_Dist,rfnd_Stat,rfnd_Orient,rfnd_Quality,mode_Mode,mode_ModeNum,mode_Rsn
auto,00000003.BIN,C:\Users\Siya Bhadu\OneDrive\Desktop\ardupilot_parse\data\auto\00000003.BIN,00000003__descent_002,2,26456.771214,0.0,POS.RelHomeAlt,11.511131286621094,11.50389289855957,10.0,0.014553070067512275,4.043121337890625,ARSP.Airspeed,-0.14991557598114014,-0.14991557598114014,1.916498771244752,ArduPilot_AOA.AOA,8.437372207641602,8.437372207641602,2.3669497035704232,ArduPilot_AOA.SSA,ArduPilot_AOA,ground_relative_approx,0.16710021883385834,0.023280959576368332,-0.16547048091888428,0.006981466896831989,-0.29,-0.49,275.63,-0.29,-0.49,0.0,0.0,0.0,1501.0,1502.0,1000.0,1500.0,0.002,0.004,0.0,0.0,0.0399999999976717,-0.0399999999976717,0.0,0.0,1493.0,1505.0,1579.0,1498.0,0.0,26.0,0.0,-0.0009695531916804612,-0.013144027441740036,-0.036099258810281754,-0.5321705937385559,-0.4723714292049408,-9.828348159790039,32.9473596,-118.5318917,13.955832481384277,7.180419921875,-7.973201274871826,,,,0.16700983439528772,0.006907145389706711,0.005588431996448272,0.16700983439528772,0.006907145389706711,0.005588431996448272,2,4,346325200,2436,28,0.52,32.9473592,-118.5318885,261.04,0.18280568718910217,273.13580322265625,0.02484453283250332,0.0,1,32.9473596,-118.5318917,271.22998046875,11.511131286621094,8.011131286621094,-0.29,-0.29,-0.49,-0.49,0.0,275.63,0.01,0.06,3,0,-0.0009695531916804612,-0.013144027441740036,-0.036099258810281754,-0.5321705937385559,-0.4723714292049408,-9.828348159790039,0,0,45.0,1,1,3276,3276,-0.13,0.65,281.63,271.32000732421875,32.9473592,-118.5318889,0.7751020789146423,0.0026901152450591326,0.005126133561134338,-0.6318095326423645,2,0.09,0.31,276.08,0.023280959576368332,-0.16547048091888428,0.006981466896831989,0.020680110901594162,13.955832481384277,7.180419921875,-7.973201274871826,0.28,-0.11,0.01,259.57,2,0.18,-0.05,0.03,-1.08,3.94,226,43,382,14,-12,-21,0.0,0.0,-0.005415600724518299,-0.29,-0.29,-0.49,-0.49,0.0,26.0,0.0,4.110664367675781,1,4.697778701782227,1.0346100330352783,0,147.83155822753906,-79.28,-74.02,0.33,4.174069404602051,0.00544491782784462,16.989336013793945,32.9471741,-118.5303247,259.72,12.52,23.0,,,,,,,,,,,,,,,0,4.043121337890625,11.072043418884277,25.32,11.072043418884277,-2.490830183029175,1,1,1.0,0.0874156802892685,0,-0.14991557598114014,8.437372207641602,-0.13220347464084625,0.650082528591156,281.6302795410156,1501,1502,1000,1500,1000,1000,1000,2000,1000,1500,0,0,0,0,1493,1505,1579,1498,1539,1428,1584,1464,0,1503,0,0,0,1500,0,11.396796226501465,98549.09375,46.43,-0.23991456627845764,27916977,0.0,26.30678939819336,1,0,0.28,4,25,-1,,,
auto,00000003.BIN,C:\Users\Siya Bhadu\OneDrive\Desktop\ardupilot_parse\data\auto\00000003.BIN,00000003__descent_002,2,26456.821214000003,0.05000000000291038,POS.RelHomeAlt,11.509188652038574,11.503165245056152,10.0,0.018429756164437094,4.043121337890625,ARSP.Airspeed,-0.14991557598114014,-0.14991557598114014,3.4328419831403396,ArduPilot_AOA.AOA,8.437372207641602,8.437372207641602,6.62748189690122,ArduPilot_AOA.SSA,ArduPilot_AOA,ground_relative_approx,0.15602179316059073,0.03297366201877594,-0.15249766409397125,0.010447421111166477,-0.31,-0.46,275.54,-0.31,-0.46,0.0,0.0,0.0,1502.0,1501.0,1000.0,1500.0,0.004,0.002,0.0,0.0,0.01999999999810825,-0.019999999998108246,0.0,0.0,1493.0,1505.0,1579.0,1498.0,0.0,26.0,0.0,-0.0026047583669424057,-0.010164025239646435,-0.04034189134836197,-0.06069701537489891,0.30487048625946045,-9.887104988098145,32.9473597,-118.5318918,13.95681381225586,7.175801753997803,-7.971432209014893,,,,0.1550475346827409,0.018047363049648487,0.009300710977051126,0.1550475346827409,0.018047363049648487,0.009300710977051126,2,4,346325400,2436,28,0.52,32.9473593,-118.5318891,261.07,0.1504674255847931,279.80902099609375,0.023097146302461624,0.0,1,32.9473597,-118.5318918,271.2200012207031,11.509188652038574,8.009188652038574,-0.31,-0.31,-0.46,-0.46,0.0,275.54,0.01,0.06,3,0,-0.0026047583669424057,-0.010164025239646435,-0.04034189134836197,-0.06069701537489891,0.30487048625946045,-9.887104988098145,0,0,45.0,1,1,3276,3276,-0.15,0.67,281.53,271.1099853515625,32.9473592,-118.531889,0.7745843529701233,0.002665712498128414,0.005372146610170603,-0.6324421763420105,2,0.07,0.33,275.99,0.03297366201877594,-0.15249766409397125,0.010447421111166477,0.022417675703763962,13.95681381225586,7.175801753997803,-7.971432209014893,0.28,-0.11,0.01,259.57,0,0.18,0.0,-0.02,-1.0,3.95,227,43,381,10,-10,-23,0.0,0.0,-0.044091660529375076,-0.31,-0.31,-0.46,-0.46,0.0,26.0,0.0,4.090518474578857,1,4.697778701782227,1.0346100330352783,0,147.83155822753906,-79.28,-74.02,0.33,4.174069404602051,0.00544491782784462,16.989336013793945,32.9471741,-118.5303247,259.72,12.52,23.0,,,,,,,,,,,,,,,0,4.043121337890625,11.072043418884277,25.32,11.072043418884277,-2.490830183029175,1,1,1.0,0.0874156802892685,0,-0.14991557598114014,8.437372207641602,-0.13220347464084625,0.650082528591156,281.6302795410156,1502,1501,1000,1500,1000,1000,1000,2000,1000,1500,0,0,0,0,1493,1505,1579,1498,1539,1428,1584,1464,0,1503,0,0,0,1500,0,11.396796226501465,98549.09375,46.43,-0.23991456627845764,27916977,0.0,26.30678939819336,1,0,0.28,4,25,-1,,,
auto,00000003.BIN,C:\Users\Siya Bhadu\OneDrive\Desktop\ardupilot_parse\data\auto\00000003.BIN,00000003__descent_002,2,26456.871214000003,0.10000000000218279,POS.RelHomeAlt,11.508111953735352,11.502049922943115,10.0,0.022306442261054826,4.111863613128662,ARSP.Airspeed,-0.38730037212371826,-0.38730037212371826,-1.6242667934033919,ArduPilot_AOA.AOA,8.578656196594238,8.578656196594238,9.865989362930732,ArduPilot_AOA.SSA,ArduPilot_AOA,ground_relative_approx,0.14580185676319724,0.03856596350669861,-0.14060884714126587,-0.0030762862879782915,-0.36,-0.46,275.48,-0.36,-0.46,0.0,0.0,0.0,1502.0,1501.0,1000.0,1500.0,0.004,0.002,0.0,0.0,-0.02000000000029104,0.02000000000029104,0.0,0.0,1494.0,1505.0,1579.0,1498.0,0.0,26.0,0.0,-0.020655689761042595,-0.0031060301698744297,-0.027892116457223892,-0.06791564077138901,0.201811745762825,-10.19422721862793,32.9473597,-118.5318919,13.95781135559082,7.171364784240723,-7.970545291900635,,,,0.14361986381565875,0.024987878851556143,-0.0040725423255096324,0.14361986381565875,0.024987878851556143,-0.0040725423255096324,2,4,346325400,2436,28,0.52,32.9473593,-118.5318891,261.07,0.1504674255847931,279.80902099609375,0.023097146302461624,0.0,1,32.9473597,-118.5318919,271.2200012207031,11.508111953735352,8.008111953735352,-0.36,-0.36,-0.46,-0.46,0.0,275.48,0.01,0.06,3,0,-0.020655689761042595,-0.0031060301698744297,-0.027892116457223892,-0.06791564077138901,0.201811745762825,-10.19422721862793,0,0,45.0,1,1,3276,3276,-0.19,0.66,281.44,271.1099853515625,32.9473592,-118.531889,0.7740792036056519,0.0023125261068344116,0.005567075684666634,-0.6330601572990417,2,0.03,0.34,275.93,0.03856596350669861,-0.14060884714126587,-0.0030762862879782915,0.012454056181013584,13.95781135559082,7.171364784240723,-7.970545291900635,0.28,-0.11,0.01,259.57,2,0.18,-0.05,0.03,-1.08,3.94,226,43,382,14,-12,-21,0.0,0.0,-0.005415600724518299,-0.36,-0.36,-0.46,-0.46,0.0,26.0,0.0,4.090518474578857,1,4.697778701782227,1.0346100330352783,0,147.83155822753906,-79.28,-74.02,0.33,4.174069404602051,0.00544491782784462,16.989336013793945,32.9471741,-118.5303247,259.72,12.52,23.0,,,,,,,,,,,,,,,0,4.111863613128662,11.451743125915527,25.32,11.451743125915527,-2.490830183029175,1,1,1.0,0.0874156802892685,0,-0.38730037212371826,8.578656196594238,-0.19147786498069763,0.7015292048454285,281.48968505859375,1502,1501,1000,1500,1000,1000,1000,2000,1000,1500,0,0,0,0,1494,1505,1579,1498,1540,1427,1584,1465,0,1503,0,0,0,1500,0,11.83066463470459,98544.2109375,46.42,-0.5087200999259949,27917077,0.0,26.30678939819336,1,0,0.28,4,25,-1,,,
auto,00000003.BIN,C:\Users\Siya Bhadu\OneDrive\Desktop\ardupilot_parse\data\auto\00000003.BIN,00000003__descent_002,2,26456.921214,0.1500000000014552,POS.RelHomeAlt,11.50714111328125,11.500934600830078,10.0,0.02140522003205092,4.111863613128662,ARSP.Airspeed,-0.38730037212371826,-0.38730037212371826,7.471634085489091,ArduPilot_AOA.AOA,8.578656196594238,8.578656196594238,8.15005769156041,ArduPilot_AOA.SSA,ArduPilot_AOA,ground_relative_approx,0.14169568825675402,0.033876508474349976,-0.13758651912212372,0.019154930487275124,-0.44,-0.37,275.55,-0.44,-0.37,0.0,0.0,0.0,1501.0,1502.0,1000.0,1500.0,0.002,0.004,0.0,0.0,0.0,0.0,0.0,0.0,1494.0,1505.0,1579.0,1498.0,0.0,26.0,0.0,-0.029063494876027107,0.015946606174111366,0.0016289971536025405,-0.1008526012301445,0.5330274105072021,-9.437993049621582,32.9473597,-118.5318919,13.959514617919922,7.1628336906433105,-7.968433856964111,,,,0.1403386555721149,0.02027036576532445,0.018405256218777047,0.1403386555721149,0.02027036576532445,0.018405256218777047,2,4,346325400,2436,28,0.52,32.9473593,-118.5318891,261.07,0.1504674255847931,279.80902099609375,0.023097146302461624,0.0,1,32.9473597,-118.5318919,271.2200012207031,11.50714111328125,8.00714111328125,-0.44,-0.44,-0.37,-0.37,0.0,275.55,0.01,0.07,3,0,-0.029063494876027107,0.015946606174111366,0.0016289971536025405,-0.1008526012301445,0.5330274105072021,-9.437993049621582,0,0,45.0,1,1,3276,3276,-0.26,0.69,281.43,271.54998779296875,32.9473593,-118.5318893,0.7740296721458435,0.0020672758109867573,0.00619084807112813,-0.6331157088279724,2,-0.04,0.42,276.01,0.033876508474349976,-0.13758651912212372,0.019154930487275124,0.029987554997205734,13.959514617919922,7.1628336906433105,-7.968433856964111,0.28,-0.11,0.01,259.57,2,0.18,-0.05,0.03,-1.08,3.94,226,43,382,14,-12,-21,0.0,0.0,-0.005415600724518299,-0.42,-0.42,-0.41,-0.41,0.0,26.0,0.0,4.096933841705322,1,4.667257785797119,1.0346100330352783,0,147.8516082763672,-79.28,-74.02,0.34,4.174069404602051,0.00544491782784462,17.00948143005371,32.9471741,-118.5303247,259.72,12.52,23.0,,,,,,,,,,,,,,,0,4.111863613128662,11.451743125915527,25.32,11.451743125915527,-2.490830183029175,1,1,1.0,0.0874156802892685,0,-0.38730037212371826,8.578656196594238,-0.19147786498069763,0.7015292048454285,281.48968505859375,1501,1502,1000,1500,1000,1000,1000,2000,1000,1500,0,0,0,0,1494,1505,1579,1498,1540,1427,1584,1465,0,1503,0,0,0,1501,0,11.83066463470459,98544.2109375,46.42,-0.5087200999259949,27917077,0.0,26.30678939819336,1,0,0.29,4,25,-1,,,
auto,00000003.BIN,C:\Users\Siya Bhadu\OneDrive\Desktop\ardupilot_parse\data\auto\00000003.BIN,00000003__descent_002,2,26456.971214,0.2000000000007276,POS.RelHomeAlt,11.504620552062988,11.499909400939941,10.0,0.020503997803032803,3.9306342601776123,ARSP.Airspeed,-0.2924003601074219,-0.2924003601074219,6.307449547418584,ArduPilot_AOA.AOA,8.56541919708252,8.56541919708252,6.677644024991837,ArduPilot_AOA.SSA,ArduPilot_AOA,ground_relative_approx,0.13691235245256994,0.029410460963845253,-0.1337161809206009,0.01588275097310543,-0.38,-0.4,275.64,-0.38,-0.4,0.0,0.0,0.0,1502.0,1501.0,1000.0,1500.0,0.004,0.002,0.0,0.0,0.02000000000029104,-0.02000000000029104,0.0,0.0,1493.0,1505.0,1579.0,1498.0,0.0,26.0,0.0,-0.012426796369254589,-0.002604210749268532,0.015399972908198833,0.25668537616729736,0.4895652234554291,-9.761292457580566,32.9473597,-118.531892,13.960736274719238,7.158195495605469,-7.967324733734131,,,,0.13606682526599126,0.016027375721231286,0.015039824536712468,0.13606682526599126,0.016027375721231286,0.015039824536712468,2,4,346325400,2436,28,0.52,32.9473593,-118.5318891,261.07,0.1504674255847931,279.80902099609375,0.023097146302461624,0.0,1,32.9473597,-118.531892,271.2200012207031,11.504620552062988,8.004620552062988,-0.38,-0.38,-0.4,-0.4,0.0,275.64,0.01,0.07,3,0,-0.012426796369254589,-0.002604210749268532,0.015399972908198833,0.25668537616729736,0.4895652234554291,-9.761292457580566,0,0,45.0,1,1,3276,3276,-0.22,0.69,281.65,271.54998779296875,32.9473593,-118.5318894,0.7752212882041931,0.0023426534608006477,0.0059331003576517105,-0.631657600402832,2,0.0,0.39,276.09,0.029410460963845253,-0.1337161809206009,0.01588275097310543,0.02577160857617855,13.960736274719238,7.158195495605469,-7.967324733734131,0.28,-0.11,0.01,259.57,2,0.18,-0.05,0.03,-1.09,3.94,226,43,382,14,-12,-21,0.0,0.0,-0.005415600724518299,-0.38,-0.38,-0.4,-0.4,0.0,26.0,0.0,4.096933841705322,1,4.667257785797119,1.0346100330352783,0,147.86085510253906,-79.28,-74.02,0.34,4.174069404602051,0.00544491782784462,17.003067016601562,32.9471741,-118.5303247,259.72,12.52,23.0,,,,,,,,,,,,,,,0,3.9306342601776123,10.464524269104004,25.32,10.464524269104004,-2.490830183029175,1,1,1.0,0.0874156802892685,0,-0.2924003601074219,8.56541919708252,-0.22136233747005463,0.6966449618339539,281.65179443359375,1502,1501,1000,1500,1000,1000,1000,2000,1000,1500,0,0,0,0,1493,1505,1579,1498,1539,1428,1584,1464,0,1503,0,0,0,1500,0,11.528604507446289,98547.625,46.43,-0.3314156234264374,27917177,0.0,26.30678939819336,1,0,0.28,4,25,-1,,,
auto,00000003.BIN,C:\Users\Siya Bhadu\OneDrive\Desktop\ardupilot_parse\data\auto\00000003.BIN,00000003__descent_002,2,26457.021214,0.25,POS.RelHomeAlt,11.503165245056152,11.498884201049805,10.0,0.021905899047268917,3.9306342601776123,ARSP.Airspeed,-0.2924003601074219,-0.2924003601074219,5.084388658407993,ArduPilot_AOA.AOA,8.56541919708252,8.56541919708252,3.1723886019991765,ArduPilot_AOA.SSA,ArduPilot_AOA,ground_relative_approx,0.14040879815051496,0.02187447063624859,-0.1386944055557251,0.013445029966533184,-0.29,-0.41,275.75,-0.29,-0.41,0.0,0.0,0.0,1502.0,1501.0,1000.0,1500.0,0.004,0.002,0.0,0.0,0.0,0.0,0.0,0.0,1493.0,1505.0,1579.0,1498.0,0.0,26.0,0.0,0.03926052525639534,-0.012627135030925274,0.04380663484334946,0.16333255171775818,-0.1742585450410843,-9.950411796569824,32.9473597,-118.531892,13.96106243133545,7.154101848602295,-7.965994358062744,,,,0.14028074855847852,0.0078058132251454665,0.012481197564340265,0.14028074855847852,0.0078058132251454665,0.012481197564340265,2,4,346325600,2436,28,0.52,32.9473593,-118.5318889,261.03,0.084269218146801,261.9296569824219,0.003208376467227936,0.0,1,32.9473597,-118.531892,271.2200012207031,11.503165245056152,8.003165245056152,-0.29,-0.29,-0.41,-0.41,0.0,275.75,0.01,0.07,3,0,0.03926052525639534,-0.012627135030925274,0.04380663484334946,0.16333255171775818,-0.1742585450410843,-9.950411796569824,0,0,45.0,1,1,3276,3276,-0.12,0.67,281.76,271.239990234375,32.9473593,-118.5318895,0.775845468044281,0.0028545267414301634,0.005282929632812738,-0.6308944225311279,2,0.09,0.38,276.21,0.02187447063624859,-0.1386944055557251,0.013445029966533184,0.024464312940835953,13.96106243133545,7.154101848602295,-7.965994358062744,0.28,-0.11,0.01,259.57,2,0.18,-0.05,0.03,-1.09,3.94,226,43,382,14,-12,-21,0.0,0.0,-0.005415600724518299,-0.29,-0.29,-0.41,-0.41,0.0,26.0,0.0,4.0477614402771,1,4.667257785797119,1.0346100330352783,0,147.86085510253906,-79.28,-74.02,0.34,4.174069404602051,0.00544491782784462,17.003067016601562,32.9471741,-118.5303247,259.72,12.52,23.0,,,,,,,,,,,,,,,0,3.9306342601776123,10.464524269104004,25.32,10.464524269104004,-2.490830183029175,1,1,1.0,0.0874156802892685,0,-0.2924003601074219,8.56541919708252,-0.22136233747005463,0.6966449618339539,281.65179443359375,1502,1501,1000,1500,1000,1000,1000,2000,1000,1500,0,0,0,0,1493,1505,1579,1498,1539,1428,1584,1464,0,1503,0,0,0,1500,0,11.528604507446289,98547.625,46.43,-0.3314156234264374,27917177,0.0,26.30678939819336,1,0,0.28,4,25,-1,,,
auto,00000003.BIN,C:\Users\Siya Bhadu\OneDrive\Desktop\ardupilot_parse\data\auto\00000003.BIN,00000003__descent_002,2,26457.071214000003,0.3000000000029104,POS.RelHomeAlt,11.500934600830078,11.497718811035156,10.0,0.02330780029245716,3.770488739013672,ARSP.Airspeed,-0.3525836169719696,-0.3525836169719696,1.418679571988599,ArduPilot_AOA.AOA,8.536713600158691,8.536713600158691,6.893964893810783,ArduPilot_AOA.SSA,ArduPilot_AOA,ground_relative_approx,0.1448013618236139,0.03196209669113159,-0.1412298083305359,0.004481692332774401,-0.19,-0.39,275.85,-0.19,-0.39,0.0,0.0,0.0,1502.0,1501.0,1000.0,1500.0,0.004,0.002,0.0,0.0,-0.020000000001018634,0.0,0.0,0.0,1494.0,1505.0,1579.0,1498.0,0.0,26.0,0.0,0.041842423379421234,0.0033346654381603003,0.03841882571578026,0.2234044075012207,-0.1502777487039566,-9.874752044677734,32.9473597,-118.5318921,13.980067253112793,7.153400897979736,-8.000934600830078,,,,0.14377919832875927,0.01738915886882317,0.0035607911919868945,0.14377919832875927,0.01738915886882317,0.0035607911919868945,2,4,346325600,2436,28,0.52,32.9473593,-118.5318889,261.03,0.084269218146801,261.9296569824219,0.003208376467227936,0.0,1,32.9473597,-118.5318921,271.2200012207031,11.500934600830078,8.000934600830078,-0.19,-0.19,-0.39,-0.39,0.0,275.85,0.01,0.07,3,0,0.041842423379421234,0.0033346654381603003,0.03841882571578026,0.2234044075012207,-0.1502777487039566,-9.874752044677734,0,0,45.5,1,1,3276,3276,-0.02,0.69,281.81,271.239990234375,32.9473593,-118.5318895,0.7761315703392029,0.0036921189166605473,0.004823483992367983,-0.6305417418479919,0,-0.19,-0.39,275.84,0.03196209669113159,-0.1412298083305359,0.004481692332774401,0.03756606578826904,13.980067253112793,7.153400897979736,-8.000934600830078,-0.12,-0.24,-0.18,259.57,0,0.18,0.0,-0.02,-1.01,3.95,227,43,381,10,-10,-23,0.0,0.0,-0.044091660529375076,-0.19,-0.19,-0.39,-0.39,0.0,26.0,0.0,4.0477614402771,1,4.667257785797119,1.0346100330352783,0,147.86085510253906,-79.28,-74.02,0.34,4.174069404602051,0.00544491782784462,17.003067016601562,32.9471741,-118.5303247,259.72,12.52,23.0,,,,,,,,,,,,,,,0,3.770488739013672,9.62918472290039,25.32,9.62918472290039,-2.490830183029175,1,1,1.0,0.03730354830622673,0,-0.3525836169719696,8.536713600158691,0.01635356992483139,0.6960836052894592,281.85272216796875,1502,1501,1000,1500,1000,1000,1000,2001,1000,1500,0,0,0,0,1494,1505,1579,1498,1540,1427,1584,1465,0,1503,0,0,0,1500,0,11.786728858947754,98544.6875,46.43,0.1927255392074585,27917277,0.0,26.30678939819336,1,0,0.28,4,25,-1,,,
auto,00000003.BIN,C:\Users\Siya Bhadu\OneDrive\Desktop\ardupilot_parse\data\auto\00000003.BIN,00000003__descent_002,2,26457.121214000003,0.3500000000021828,POS.RelHomeAlt,11.498884201049805,11.496553421020508,10.0,0.014262199402068632,3.770488739013672,ARSP.Airspeed,-0.3525836169719696,-0.3525836169719696,7.290192467588889,ArduPilot_AOA.AOA,8.536713600158691,8.536713600158691,0.26210206499846517,ArduPilot_AOA.SSA,ArduPilot_AOA,ground_relative_approx,0.12844180321049392,0.014024442061781883,-0.12767384946346283,0.017365077510476112,-0.11,-0.41,275.99,-0.11,-0.41,0.0,0.0,0.0,1501.0,1501.0,1000.0,1500.0,0.002,0.002,0.0,0.0,0.0,0.0,0.0,0.0,1494.0,1505.0,1579.0,1498.0,0.0,26.0,0.0,0.02322475239634514,-0.002923735650256276,0.02758772484958172,-0.01160949096083641,0.11533163487911224,-9.724923133850098,32.9473597,-118.5318921,13.962578773498535,7.140939712524414,-7.960517406463623,,,,0.12856125747169514,0.0005929061806490863,0.016446709958698107,0.12856125747169514,0.0005929061806490863,0.016446709958698107,2,4,346325600,2436,28,0.52,32.9473593,-118.5318889,261.03,0.084269218146801,261.9296569824219,0.003208376467227936,0.0,1,32.9473597,-118.5318921,271.2099914550781,11.498884201049805,7.998884677886963,-0.11,-0.11,-0.41,-0.41,0.0,275.99,0.01,0.07,3,0,0.02322475239634514,-0.002923735650256276,0.02758772484958172,-0.01160949096083641,0.11533163487911224,-9.724923133850098,0,0,45.0,1,1,3276,3276,0.04,0.68,281.87,271.5,32.9473593,-118.531889,0.7764182090759277,0.004088813904672861,0.004425279330462217,-0.6301891803741455,2,0.28,0.38,276.45,0.014024442061781883,-0.12767384946346283,0.017365077510476112,0.04785183444619179,13.962578773498535,7.140939712524414,-7.960517406463623,0.28,-0.11,0.01,259.57,1,0.18,-0.01,0.02,-0.93,3.97,226,42,381,11,-10,-22,0.0,0.0,-0.04983825981616974,-0.12,-0.12,-0.38,-0.38,0.0,26.0,0.0,3.9666152000427246,1,4.596639156341553,1.0346100330352783,0,147.8701171875,-79.28,-74.02,0.35,4.174069404602051,0.00544491782784462,17.05223846435547,32.9471741,-118.5303247,259.72,12.52,23.0,,,,,,,,,,,,,,,0,3.770488739013672,9.62918472290039,25.32,9.62918472290039,-2.490830183029175,1,1,1.0,0.03730354830622673,0,-0.3525836169719696,8.536713600158691,0.01635356992483139,0.6960836052894592,281.85272216796875,1501,1501,1000,1500,1000,1000,1000,2000,1000,1500,0,0,0,0,1494,1505,1579,1498,1540,1427,1584,1465,0,1503,0,0,0,1500,0,11.786728858947754,98544.6875,46.43,0.1927255392074585,27917277,0.0,26.30678939819336,1,0,0.28,4,25,-1,,,
auto,00000003.BIN,C:\Users\Siya Bhadu\OneDrive\Desktop\ardupilot_parse\data\auto\00000003.BIN,00000003__descent_002,2,26457.171214,0.4000000000014552,POS.RelHomeAlt,11.496553421020508,11.49629259109497,10.0,0.005216598510827453,3.814831495285034,ARSP.Airspeed,-0.3327259123325348,-0.3327259123325348,-0.829190437781938,ArduPilot_AOA.AOA,8.268620491027832,8.268620491027832,-6.242682118545777,ArduPilot_AOA.SSA,ArduPilot_AOA,ground_relative_approx,0.12857029444934137,-0.0005267173983156681,-0.12856921553611755,-0.0009702871320769191,-0.13,-0.38,276.01,-0.13,-0.38,0.0,0.0,0.0,1502.0,1501.0,1000.0,1500.0,0.004,0.002,0.0,0.0,0.0,0.0,0.0,0.0,1493.0,1505.0,1579.0,1498.0,0.0,26.0,0.0,0.0005611824453808367,-0.014184252358973026,0.014377218671143055,-0.15826022624969482,-0.048795975744724274,-9.92465591430664,32.9473597,-118.5318922,13.958255767822266,7.134735107421875,-8.006725311279297,,,,0.12779815796835634,-0.013981120619178227,-0.001849637271478834,0.12779815796835634,-0.013981120619178227,-0.001849637271478834,2,4,346325600,2436,28,0.52,32.9473593,-118.5318889,261.03,0.084269218146801,261.9296569824219,0.003208376467227936,0.0,1,32.9473597,-118.5318922,271.2099914550781,11.496553421020508,7.996553897857666,-0.13,-0.13,-0.38,-0.38,0.0,276.01,0.01,0.07,3,0,0.0005611824453808367,-0.014184252358973026,0.014377218671143055,-0.15826022624969482,-0.048795975744724274,-9.92465591430664,0,0,45.0,1,1,3276,3276,0.02,0.7,281.97,271.5,32.9473593,-118.5318891,0.7770130634307861,0.004069839138537645,0.004619956482201815,-0.6294543147087097,1,-0.02,-0.33,275.58,-0.0005267173983156681,-0.12856921553611755,-0.0009702871320769191,0.03787624090909958,13.958255767822266,7.134735107421875,-8.006725311279297,-0.05,-0.03,-0.02,259.57,2,0.18,-0.05,0.03,-1.09,3.94,226,43,382,14,-12,-21,0.0,0.0,-0.005415600724518299,-0.13,-0.13,-0.38,-0.38,0.0,26.0,0.0,3.9666152000427246,1,4.596639156341553,1.0346100330352783,0,147.87936401367188,-79.28,-74.02,0.35,4.174069404602051,0.00544491782784462,17.133384704589844,32.9471741,-118.5303247,259.72,12.52,23.0,,,,,,,,,,,,,,,0,3.814831495285034,9.857004165649414,25.32,9.857004165649414,-2.490830183029175,1,1,1.0,0.03730354830622673,0,-0.3327259123325348,8.268620491027832,0.029140062630176544,0.7049328088760376,281.978759765625,1502,1501,1000,1500,1000,1000,1000,2000,1000,1500,0,0,0,0,1493,1505,1579,1498,1540,1427,1584,1464,0,1503,0,0,0,1500,0,11.385811805725098,98549.21875,46.43,0.3442673981189728,27917377,0.0,26.30678939819336,1,0,0.28,4,25,-1,,,
auto,00000003.BIN,C:\Users\Siya Bhadu\OneDrive\Desktop\ardupilot_parse\data\auto\00000003.BIN,00000003__descent_002,2,26457.221214,0.4500000000007276,POS.RelHomeAlt,11.496031761169434,11.496031761169434,10.0,0.007514953613394937,3.814831495285034,ARSP.Airspeed,-0.3327259123325348,-0.3327259123325348,5.794460856893018,ArduPilot_AOA.AOA,8.268620491027832,8.268620491027832,-5.371376558702914,ArduPilot_AOA.SSA,ArduPilot_AOA,ground_relative_approx,0.12807718798569967,0.0013767455238848925,-0.12806978821754456,0.013765043579041958,-0.18,-0.35,276.0,-0.18,-0.35,0.0,0.0,0.0,1501.0,1501.0,1000.0,1500.0,0.002,0.002,0.0,0.0,-0.02000000000029104,0.02000000000029104,0.0,0.0,1494.0,1505.0,1579.0,1498.0,0.0,26.0,0.0,-0.024537747725844383,0.013090712018311024,-0.010850436054170132,0.1470632404088974,-0.09000719338655472,-9.925307273864746,32.9473597,-118.5318922,13.96360969543457,7.133986949920654,-7.959060192108154,,,,0.12759382386439064,-0.012058471509530317,0.012948045550347804,0.12759382386439064,-0.012058471509530317,0.012948045550347804,2,4,346325800,2436,28,0.52,32.9473593,-118.5318888,261.01,0.09018225967884064,283.54437255859375,0.0006622704677283764,0.0,1,32.9473597,-118.5318922,271.2099914550781,11.496031761169434,7.996032238006592,-0.18,-0.18,-0.35,-0.35,0.0,276.0,0.01,0.06,3,0,-0.024537747725844383,0.013090712018311024,-0.010850436054170132,0.1470632404088974,-0.09000719338655472,-9.925307273864746,0,0,45.0,1,1,3276,3276,-0.03,0.75,281.96,271.1000061035156,32.9473593,-118.5318891,0.7769341468811035,0.003908115439116955,0.0052583287470042706,-0.6295477747917175,2,0.21,0.44,276.45,0.0013767455238848925,-0.12806978821754456,0.013765043579041958,0.025626718997955322,13.96360969543457,7.133986949920654,-7.959060192108154,0.28,-0.11,0.01,259.57,2,0.18,-0.05,0.03,-1.09,3.94,226,43,382,14,-12,-21,0.0,0.0,-0.005415600724518299,-0.18,-0.18,-0.35,-0.35,0.0,26.0,0.0,3.921696901321411,1,4.596639156341553,1.0346100330352783,0,147.87936401367188,-79.28,-74.02,0.35,4.174069404602051,0.00544491782784462,17.133384704589844,32.9471741,-118.5303247,259.72,12.52,23.0,,,,,,,,,,,,,,,0,3.814831495285034,9.857004165649414,25.32,9.857004165649414,-2.490830183029175,1,1,1.0,0.03730354830622673,0,-0.3327259123325348,8.268620491027832,0.029140062630176544,0.7049328088760376,281.978759765625,1501,1501,1000,1500,1000,1000,1000,2000,1000,1500,0,0,0,0,1494,1505,1579,1498,1540,1427,1584,1465,0,1503,0,0,0,1500,0,11.385811805725098,98549.21875,46.43,0.3442673981189728,27917377,0.0,26.30678939819336,1,0,0.28,4,25,-1,,,
auto,00000003.BIN,C:\Users\Siya Bhadu\OneDrive\Desktop\ardupilot_parse\data\auto\00000003.BIN,00000003__descent_002,2,26457.271214,0.5,POS.RelHomeAlt,11.495050430297852,11.495541095733643,10.0,0.014901161193165535,3.7406346797943115,ARSP.Airspeed,-0.22374896705150604,-0.22374896705150604,3.002673554338792,ArduPilot_AOA.AOA,8.332483291625977,8.332483291625977,2.982989157732985,ArduPilot_AOA.SSA,ArduPilot_AOA,ground_relative_approx,0.1209433243260505,0.01875528134405613,-0.11948023736476898,0.007047814782708883,-0.25,-0.35,275.92,-0.25,-0.35,0.0,0.0,0.0,1501.0,1502.0,1000.0,1500.0,0.002,0.004,0.0,0.0,0.0,0.020000000001018634,0.0,0.0,1493.0,1505.0,1579.0,1498.0,0.0,26.0,0.0,-0.03503820672631264,0.001685510971583426,-0.03369013965129852,0.0572589635848999,0.11074512451887131,-9.53111457824707,32.9473597,-118.5318923,13.981429100036621,7.135967254638672,-7.99505090713501,,,,0.12081824826682037,0.006304503273583751,0.006337469247099591,0.12081824826682037,0.006304503273583751,0.006337469247099591,2,4,346325800,2436,28,0.52,32.9473593,-118.5318888,261.01,0.09018225967884064,283.54437255859375,0.0006622704677283764,0.0,1,32.9473597,-118.5318923,271.2099914550781,11.495050430297852,7.99505090713501,-0.25,-0.25,-0.35,-0.35,0.0,275.92,0.01,0.06,3,0,-0.03503820672631264,0.001685510971583426,-0.03369013965129852,0.0572589635848999,0.11074512451887131,-9.53111457824707,0,0,45.0,1,1,3276,3276,-0.1,0.74,281.87,271.1000061035156,32.9473593,-118.5318891,0.7764432430267334,0.003375173080712557,0.005677050910890102,-0.6301526427268982,0,-0.25,-0.35,275.91,0.01875528134405613,-0.11948023736476898,0.007047814782708883,0.02516438066959381,13.981429100036621,7.135967254638672,-7.99505090713501,-0.12,-0.24,-0.18,259.57,2,0.18,-0.05,0.03,-1.09,3.94,226,43,382,14,-12,-21,0.0,0.0,-0.005415600724518299,-0.25,-0.25,-0.35,-0.35,0.0,26.0,0.0,3.921696901321411,1,4.596639156341553,1.0346100330352783,0,147.87936401367188,-79.28,-74.02,0.35,4.174069404602051,0.00544491782784462,17.133384704589844,32.9471741,-118.5303247,259.72,12.52,23.0,,,,,,,,,,,,,,,0,3.7406346797943115,9.477304458618164,25.32,9.477304458618164,-2.490830183029175,1,1,1.0,0.03730354830622673,0,-0.22374896705150604,8.332483291625977,-0.15512612462043762,0.7479085922241211,281.8028869628906,1501,1502,1000,1500,1000,1000,1000,2000,1000,1500,0,0,0,0,1493,1505,1579,1498,1540,1427,1584,1464,0,1503,0,0,0,1500,0,11.762014389038086,98544.96875,46.43,-0.03175079822540283,27917477,0.0,26.30678939819336,1,0,0.28,4,25,-1,,,
auto,00000003.BIN,C:\Users\Siya Bhadu\OneDrive\Desktop\ardupilot_parse\data\auto\00000003.BIN,00000003__descent_002,2,26457.321214000003,0.5500000000029104,POS.RelHomeAlt,11.494032859802246,11.494541645050049,10.0,0.017967224120553738,3.7406346797943115,ARSP.Airspeed,-0.22374896705150604,-0.22374896705150604,8.392089351891663,ArduPilot_AOA.AOA,8.332483291625977,8.332483291625977,0.019461798468717862,ArduPilot_AOA.SSA,ArduPilot_AOA,ground_relative_approx,0.11629731381895611,0.011723227798938751,-0.11570493131875992,0.017903730273246765,-0.31,-0.36,275.72,-0.31,-0.36,0.0,0.0,0.0,1501.0,1502.0,1000.0,1500.0,0.002,0.004,0.0,0.0,0.0,0.0,0.0,0.0,1493.0,1505.0,1579.0,1498.0,0.0,26.0,0.0,-0.016921384260058403,-0.010530668310821056,-0.04372980445623398,0.03219399228692055,-0.04919639974832535,-10.035428047180176,32.9473597,-118.5318923,13.964712142944336,7.125402927398682,-7.956441402435303,,,,0.11640743400892731,3.996836271677565e-05,0.01717313218924103,0.11640743400892731,3.996836271677565e-05,0.01717313218924103,2,4,346325800,2436,28,0.52,32.9473593,-118.5318888,261.01,0.09018225967884064,283.54437255859375,0.0006622704677283764,0.0,1,32.9473597,-118.5318923,271.2099914550781,11.494032859802246,7.994033336639404,-0.31,-0.31,-0.36,-0.36,0.0,275.72,0.01,0.05,3,0,-0.016921384260058403,-0.010530668310821056,-0.04372980445623398,0.03219399228692055,-0.04919639974832535,-10.035428047180176,0,0,45.0,1,1,3276,3276,-0.16,0.74,281.76,271.47998046875,32.9473593,-118.5318889,0.7758603692054749,0.0029987250454723835,0.0059386612847447395,-0.6308696269989014,2,0.08,0.43,276.18,0.011723227798938751,-0.11570493131875992,0.017903730273246765,0.020414767786860466,13.964712142944336,7.125402927398682,-7.956441402435303,0.28,-0.11,0.01,259.57,2,0.18,-0.05,0.03,-1.09,3.94,226,43,382,14,-12,-21,0.0,0.0,-0.005415600724518299,-0.29,-0.29,-0.37,-0.37,0.0,26.0,0.0,3.8682682514190674,1,4.607541084289551,1.0346100330352783,0,147.88861083984375,-79.28,-74.02,0.35,4.174069404602051,0.00544491782784462,17.178302764892578,32.9471741,-118.5303247,259.72,12.52,23.0,,,,,,,,,,,,,,,0,3.7406346797943115,9.477304458618164,25.32,9.477304458618164,-2.490830183029175,1,1,1.0,0.03730354830622673,0,-0.22374896705150604,8.332483291625977,-0.15512612462043762,0.7479085922241211,281.8028869628906,1501,1502,1000,1500,1000,1000,1000,2000,1000,1500,0,0,0,0,1493,1505,1579,1498,1540,1427,1584,1464,0,1503,0,0,0,1500,0,11.762014389038086,98544.96875,46.43,-0.03175079822540283,27917477,0.0,26.30678939819336,1,0,0.28,4,25,-1,,,
auto,00000003.BIN,C:\Users\Siya Bhadu\OneDrive\Desktop\ardupilot_parse\data\auto\00000003.BIN,00000003__descent_002,2,26457.371214000003,0.6000000000021828,POS.RelHomeAlt,11.49338150024414,11.493744373321533,10.0,0.011229515075839913,3.785327434539795,ARSP.Airspeed,-0.2852391004562378,-0.2852391004562378,0.4707905455507766,ArduPilot_AOA.AOA,8.49657917022705,8.49657917022705,-1.9731581568683447,ArduPilot_AOA.SSA,ArduPilot_AOA,ground_relative_approx,0.10932379318945339,0.0069772484712302685,-0.10910091549158096,0.001585654797963798,-0.31,-0.35,275.63,-0.31,-0.35,0.0,0.0,0.0,1501.0,1502.0,1000.0,1500.0,0.002,0.004,0.0,0.0,0.02000000000029104,-0.02000000000029104,0.0,0.0,1494.0,1505.0,1579.0,1498.0,0.0,26.0,0.0,-0.009778778068721294,-0.0007426631054840982,-0.050903238356113434,0.023386115208268166,0.07543112337589264,-9.828213691711426,32.9473598,-118.5318923,13.958877563476562,7.122439861297607,-8.003477096557617,,,,0.10926677465421392,-0.0037645562075266864,0.0008978483693188645,0.10926677465421392,-0.0037645562075266864,0.0008978483693188645,2,4,346325800,2436,28,0.52,32.9473593,-118.5318888,261.01,0.09018225967884064,283.54437255859375,0.0006622704677283764,0.0,1,32.9473598,-118.5318923,271.2099914550781,11.49338150024414,7.993381977081299,-0.31,-0.31,-0.35,-0.35,0.0,275.63,0.01,0.05,3,0,-0.009778778068721294,-0.0007426631054840982,-0.050903238356113434,0.023386115208268166,0.07543112337589264,-9.828213691711426,0,0,45.0,1,1,3276,3276,-0.17,0.75,281.55,271.47998046875,32.9473593,-118.531889,0.7746990919113159,0.002968442626297474,0.006062592379748821,-0.6322940587997437,1,-0.2,-0.29,275.2,0.0069772484712302685,-0.10910091549158096,0.001585654797963798,0.012496276758611202,13.958877563476562,7.122439861297607,-8.003477096557617,-0.05,-0.03,-0.02,259.57,1,0.18,-0.01,0.02,-0.93,3.97,226,42,381,11,-10,-22,0.0,0.0,-0.04983825981616974,-0.31,-0.31,-0.35,-0.35,0.0,26.0,0.0,3.8682682514190674,1,4.607541084289551,1.0346100330352783,0,147.89016723632812,-79.28,-74.02,0.35,4.174069404602051,0.00544491782784462,17.231731414794922,32.9471741,-118.5303247,259.72,12.52,23.0,,,,,,,,,,,,,,,0,3.785327434539795,9.705124855041504,25.32,9.705124855041504,-2.490830183029175,1,1,1.0,0.07436336576938629,0,-0.2852391004562378,8.49657917022705,-0.1757623702287674,0.7533026933670044,281.5576477050781,1501,1502,1000,1500,1000,1000,1000,2000,1000,1500,0,0,0,0,1494,1505,1579,1498,1540,1427,1584,1465,0,1503,0,0,0,1500,0,11.649428367614746,98546.234375,46.43,-0.22997884452342987,27917577,0.0,26.30678939819336,1,0,0.28,4,25,-1,,,
auto,00000003.BIN,C:\Users\Siya Bhadu\OneDrive\Desktop\ardupilot_parse\data\auto\00000003.BIN,00000003__descent_002,2,26457.421214,0.6500000000014552,POS.RelHomeAlt,11.49345588684082,11.49341869354248,10.0,0.00866889953626071,3.785327434539795,ARSP.Airspeed,-0.2852391004562378,-0.2852391004562378,-1.2715420848575123,ArduPilot_AOA.AOA,8.49657917022705,8.49657917022705,10.079637525860274,ArduPilot_AOA.SSA,ArduPilot_AOA,ground_relative_approx,0.1070036085701637,0.02887253649532795,-0.10303469747304916,-0.00177755206823349,-0.31,-0.36,275.58,-0.31,-0.36,0.0,0.0,0.0,1502.0,1501.0,1000.0,1500.0,0.004,0.002,0.0,0.0,0.02000000000029104,-0.02000000000029104,0.0,0.0,1494.0,1505.0,1579.0,1498.0,0.0,26.0,0.0,-0.0015071539673954248,-0.005999413318932056,-0.032728273421525955,0.06760656833648682,0.3101624548435211,-9.843554496765137,32.9473598,-118.5318924,13.981977462768555,7.127154350280762,-7.9934563636779785,,,,0.10534064461864734,0.018730016240789377,-0.002338166234403013,0.10534064461864734,0.018730016240789377,-0.002338166234403013,2,4,346325800,2436,28,0.52,32.9473593,-118.5318886,260.99,0.09398955851793289,280.70062255859375,0.02710988000035286,0.0,1,32.9473598,-118.5318924,271.2099914550781,11.49345588684082,7.9934563636779785,-0.31,-0.31,-0.36,-0.36,0.0,275.58,0.01,0.05,3,0,-0.0015071539673954248,-0.005999413318932056,-0.032728273421525955,0.06760656833648682,0.3101624548435211,-9.843554496765137,0,0,45.0,1,1,3276,3276,-0.16,0.73,281.51,271.3599853515625,32.9473593,-118.531889,0.7744794487953186,0.0029036926571279764,0.005872840993106365,-0.6325650811195374,0,-0.31,-0.36,275.57,0.02887253649532795,-0.10303469747304916,-0.00177755206823349,-0.0011737628374248743,13.981977462768555,7.127154350280762,-7.9934563636779785,-0.12,-0.24,-0.18,259.57,2,0.18,-0.05,0.03,-1.09,3.93,226,43,382,14,-12,-21,0.0,0.0,-0.005415600724518299,-0.31,-0.31,-0.36,-0.36,0.0,26.0,0.0,3.843574047088623,1,4.607541084289551,1.0346100330352783,0,147.89016723632812,-79.28,-74.02,0.35,4.174069404602051,0.00544491782784462,17.231731414794922,32.9471741,-118.5303247,259.72,12.52,23.0,,,,,,,,,,,,,,,0,3.785327434539795,9.705124855041504,25.32,9.705124855041504,-2.490830183029175,1,1,1.0,0.07436336576938629,0,-0.2852391004562378,8.49657917022705,-0.1757623702287674,0.7533026933670044,281.5576477050781,1502,1501,1000,1500,1000,1000,1000,2000,1000,1500,0,0,0,0,1494,1505,1579,1498,1540,1427,1584,1465,0,1503,0,0,0,1500,0,11.649428367614746,98546.234375,46.43,-0.22997884452342987,27917577,0.0,26.30678939819336,1,0,0.29,4,25,-1,,,
auto,00000003.BIN,C:\Users\Siya Bhadu\OneDrive\Desktop\ardupilot_parse\data\auto\00000003.BIN,00000003__descent_002,2,26457.471214,0.7000000000007276,POS.RelHomeAlt,11.4923734664917,11.49287748336792,10.0,0.015683174133528155,3.5404536724090576,ARSP.Airspeed,-0.2923685610294342,-0.2923685610294342,9.566928200797731,ArduPilot_AOA.AOA,8.735979080200195,8.735979080200195,6.888250817892604,ArduPilot_AOA.SSA,ArduPilot_AOA,ground_relative_approx,0.1081083772279633,0.02362525463104248,-0.10549534857273102,0.01866740919649601,-0.31,-0.34,275.58,-0.31,-0.34,0.0,0.0,0.0,1502.0,1501.0,1000.0,1500.0,0.004,0.002,0.0,0.0,0.0,0.0,0.0,0.0,1493.0,1505.0,1579.0,1498.0,0.0,26.0,0.0,1.1605066902120598e-05,-0.002734368434175849,-0.012945974245667458,0.1402091681957245,0.2865867018699646,-9.84196662902832,32.9473598,-118.5318924,13.965899467468262,7.120306491851807,-7.955017566680908,,,,0.10740154675160601,0.013157664350616272,0.018101851208430286,0.10740154675160601,0.013157664350616272,0.018101851208430286,2,4,346325800,2436,28,0.52,32.9473593,-118.5318886,260.99,0.09398955851793289,280.70062255859375,0.02710988000035286,0.0,1,32.9473598,-118.5318924,271.2099914550781,11.4923734664917,7.992373943328857,-0.31,-0.31,-0.34,-0.34,0.0,275.58,0.01,0.05,3,0,1.1605066902120598e-05,-0.002734368434175849,-0.012945974245667458,0.1402091681957245,0.2865867018699646,-9.84196662902832,0,0,45.0,1,1,3276,3276,-0.16,0.74,281.52,271.3599853515625,32.9473593,-118.531889,0.7745158672332764,0.0030332107562571764,0.0059470245614647865,-0.6325191855430603,2,0.08,0.45,276.03,0.02362525463104248,-0.10549534857273102,0.01866740919649601,0.0069552138447761536,13.965899467468262,7.120306491851807,-7.955017566680908,0.28,-0.11,0.01,259.57,0,0.18,0.0,-0.02,-1.01,3.95,227,43,381,10,-10,-23,0.0,0.0,-0.044091660529375076,-0.31,-0.31,-0.34,-0.34,0.0,26.0,0.0,3.843574047088623,1,4.607541084289551,1.0346100330352783,0,147.89016723632812,-79.28,-74.02,0.35,4.174069404602051,0.00544491782784462,17.231731414794922,32.9471741,-118.5303247,259.72,12.52,23.0,,,,,,,,,,,,,,,0,3.5404536724090576,8.49008560180664,25.32,8.49008560180664,-2.490830183029175,1,1,1.0,0.07436336576938629,0,-0.2923685610294342,8.735979080200195,-0.14124470949172974,0.764304518699646,281.561279296875,1502,1501,1000,1500,1000,1000,1000,2000,1000,1500,0,0,0,0,1493,1505,1579,1498,1539,1428,1584,1464,0,1503,0,0,0,1500,0,11.561556816101074,98547.234375,46.43,0.028317278251051903,27917677,0.0,26.30678939819336,1,0,0.29,4,25,-1,,,
auto,00000003.BIN,C:\Users\Siya Bhadu\OneDrive\Desktop\ardupilot_parse\data\auto\00000003.BIN,00000003__descent_002,2,26457.521214,0.75,POS.RelHomeAlt,11.491327285766602,11.49185037612915,10.0,0.021662712096627956,3.5404536724090576,ARSP.Airspeed,-0.2923685610294342,-0.2923685610294342,10.554759725906631,ArduPilot_AOA.AOA,8.735979080200195,8.735979080200195,9.901987578926985,ArduPilot_AOA.SSA,ArduPilot_AOA,ground_relative_approx,0.10228309633585755,0.02778683789074421,-0.0984363928437233,0.01924930140376091,-0.3,-0.32,275.63,-0.3,-0.32,0.0,0.0,0.0,1502.0,1501.0,1000.0,1500.0,0.004,0.002,0.0,0.0,0.0,0.0,0.0,0.0,1494.0,1505.0,1579.0,1498.0,0.0,26.0,0.0,0.00405602203682065,0.0017738464521244168,0.015845904126763344,0.1515043079853058,0.3642192780971527,-9.77348518371582,32.9473598,-118.5318924,13.96730899810791,7.120567321777344,-7.953165531158447,,,,0.10079348936936884,0.0178977070113565,0.01878062791989989,0.10079348936936884,0.0178977070113565,0.01878062791989989,2,4,346326000,2436,28,0.52,32.9473593,-118.5318893,261.02,0.07977121323347092,273.6473388671875,0.0588289238512516,0.0,1,32.9473598,-118.5318924,271.2099914550781,11.491327285766602,7.99132776260376,-0.3,-0.3,-0.32,-0.32,0.0,275.63,0.01,0.04,3,0,0.00405602203682065,0.0017738464521244168,0.015845904126763344,0.1515043079853058,0.3642192780971527,-9.77348518371582,0,0,45.0,1,1,3276,3276,-0.14,0.76,281.58,271.2799987792969,32.9473593,-118.5318887,0.7748523354530334,0.0032417364418506622,0.00592066440731287,-0.6321062445640564,2,0.13,0.45,276.16,0.02778683789074421,-0.0984363928437233,0.01924930140376091,0.021411744877696037,13.96730899810791,7.120567321777344,-7.953165531158447,0.28,-0.11,0.01,259.57,0,0.18,0.0,-0.02,-1.01,3.95,227,43,381,10,-10,-23,0.0,0.0,-0.044091660529375076,-0.3,-0.3,-0.32,-0.32,0.0,26.0,0.0,3.7552077770233154,1,4.610820770263672,1.0346100330352783,0,147.8994140625,-79.28,-74.02,0.35,4.174069404602051,0.00544491782784462,17.256425857543945,32.9471741,-118.5303247,259.72,12.52,23.0,,,,,,,,,,,,,,,0,3.5404536724090576,8.49008560180664,25.32,8.49008560180664,-2.490830183029175,1,1,1.0,0.07436336576938629,0,-0.2923685610294342,8.735979080200195,-0.14124470949172974,0.764304518699646,281.561279296875,1502,1501,1000,1500,1000,1000,1000,2001,1000,1500,0,0,0,0,1494,1505,1579,1498,1540,1427,1584,1465,0,1503,0,0,0,1500,0,11.561556816101074,98547.234375,46.43,0.028317278251051903,27917677,0.0,26.30678939819336,1,0,0.29,4,25,-1,,,
auto,00000003.BIN,C:\Users\Siya Bhadu\OneDrive\Desktop\ardupilot_parse\data\auto\00000003.BIN,00000003__descent_002,2,26457.571214000003,0.8000000000029104,POS.RelHomeAlt,11.490095138549805,11.490711212158203,10.0,0.022869110106924495,3.5245842933654785,ARSP.Airspeed,-0.26305943727493286,-0.26305943727493286,10.805660711273376,ArduPilot_AOA.AOA,8.669188499450684,8.669188499450684,5.6944785210679765,ArduPilot_AOA.SSA,ArduPilot_AOA,ground_relative_approx,0.09884740661021543,0.019955523312091827,-0.09681212157011032,0.01936892792582512,-0.23,-0.36,275.8,-0.23,-0.36,0.0,0.0,0.0,1502.0,1501.0,1000.0,1500.0,0.004,0.002,0.0,0.0,0.0,0.0,0.0,0.0,1494.0,1505.0,1579.0,1498.0,0.0,26.0,0.0,0.009453078731894493,-0.013173704035580158,0.028011379763484,0.0246259942650795,0.16811098158359528,-9.68310260772705,32.9473598,-118.5318924,13.968114852905273,7.120735168457031,-7.952561855316162,,,,0.09845290017571007,0.009994539566073818,0.01879097624965028,0.09845290017571007,0.009994539566073818,0.01879097624965028,2,4,346326000,2436,28,0.52,32.9473593,-118.5318893,261.02,0.07977121323347092,273.6473388671875,0.0588289238512516,0.0,1,32.9473598,-118.5318924,271.2099914550781,11.490095138549805,7.990095615386963,-0.23,-0.23,-0.36,-0.36,0.0,275.8,0.03,0.04,3,0,0.009453078731894493,-0.013173704035580158,0.028011379763484,0.0246259942650795,0.16811098158359528,-9.68310260772705,0,0,45.0,1,1,3276,3276,-0.11,0.76,281.73,271.2799987792969,32.9473593,-118.5318894,0.775658369064331,0.0034554635640233755,0.005840664729475975,-0.631116509437561,2,0.17,0.43,276.26,0.019955523312091827,-0.09681212157011032,0.01936892792582512,0.017815226688981056,13.968114852905273,7.120735168457031,-7.952561855316162,0.28,-0.11,0.01,259.57,2,0.18,-0.05,0.03,-1.09,3.93,226,43,382,14,-12,-21,0.0,0.0,-0.005415600724518299,-0.23,-0.23,-0.36,-0.36,0.0,26.0,0.0,3.7552077770233154,1,4.595456123352051,1.0346100330352783,0,147.8994140625,-79.28,-74.02,0.35,4.174069404602051,0.00544491782784462,17.34479331970215,32.9471741,-118.5303247,259.72,12.52,23.0,,,,,,,,,,,,,,,0,3.5245842933654785,8.414145469665527,25.32,8.414145469665527,-2.490830183029175,1,1,1.0,0.07436336576938629,0,-0.26305943727493286,8.669188499450684,-0.11527468264102936,0.7690656781196594,281.7320861816406,1502,1501,1000,1500,1000,1000,1000,2000,1000,1500,0,0,0,0,1494,1505,1579,1498,1540,1427,1584,1465,0,1503,0,0,0,1500,0,11.616476058959961,98546.625,46.44,0.15789565443992615,27917777,0.0,26.30678939819336,1,0,0.28,4,25,-1,,,
auto,00000003.BIN,C:\Users\Siya Bhadu\OneDrive\Desktop\ardupilot_parse\data\auto\00000003.BIN,00000003__descent_002,2,26457.621214000003,0.8500000000021828,POS.RelHomeAlt,11.489031791687012,11.489563465118408,10.0,0.020866394043267178,3.5245842933654785,ARSP.Airspeed,-0.26305943727493286,-0.26305943727493286,10.517223698413645,ArduPilot_AOA.AOA,8.669188499450684,8.669188499450684,2.626768723348912,ArduPilot_AOA.SSA,ArduPilot_AOA,ground_relative_approx,0.09244133518793403,0.013852301985025406,-0.09139756113290787,0.01774650625884533,-0.18,-0.37,275.91,-0.18,-0.37,0.0,0.0,0.0,1502.0,1501.0,1000.0,1500.0,0.004,0.002,0.0,0.0,0.0,0.0,0.0,0.0,1494.0,1505.0,1579.0,1498.0,0.0,26.0,0.0,0.01565098948776722,-0.015437752939760685,0.03848971053957939,0.0291957575827837,-0.08414437621831894,-9.972404479980469,32.9473598,-118.5318923,13.968276977539062,7.121252536773682,-7.951472759246826,,,,0.09245076433278368,0.004313921373877266,0.017163484272935563,0.09245076433278368,0.004313921373877266,0.017163484272935563,2,4,346326200,2436,28,0.52,32.9473593,-118.5318899,261.06,0.07086870819330215,257.9376525878906,0.03354457765817642,0.0,1,32.9473598,-118.5318923,271.1999816894531,11.489031791687012,7.98903226852417,-0.18,-0.18,-0.37,-0.37,0.0,275.91,0.03,0.04,3,0,0.01565098948776722,-0.015437752939760685,0.03848971053957939,0.0291957575827837,-0.08414437621831894,-9.972404479980469,0,0,45.0,1,1,3276,3276,-0.1,0.79,281.83,271.3299865722656,32.9473593,-118.5318895,0.7762385606765747,0.0036594655830413103,0.005959824658930302,-0.6304004788398743,2,0.21,0.42,276.36,0.013852301985025406,-0.09139756113290787,0.01774650625884533,0.015631288290023804,13.968276977539062,7.121252536773682,-7.951472759246826,0.28,-0.11,0.01,259.57,2,0.18,-0.05,0.03,-1.09,3.93,226,43,382,14,-12,-21,0.0,0.0,-0.005415600724518299,-0.18,-0.18,-0.37,-0.37,0.0,26.0,0.0,3.687535524368286,1,4.595456123352051,1.0346100330352783,0,147.8994140625,-79.28,-74.02,0.35,4.174069404602051,0.00544491782784462,17.34479331970215,32.9471741,-118.5303247,259.72,12.52,23.0,,,,,,,,,,,,,,,0,3.5245842933654785,8.414145469665527,25.32,8.414145469665527,-2.490830183029175,1,1,1.0,0.07436336576938629,0,-0.26305943727493286,8.669188499450684,-0.11527468264102936,0.7690656781196594,281.7320861816406,1502,1501,1000,1500,1000,1000,1000,2000,1000,1500,0,0,0,0,1494,1505,1579,1498,1540,1427,1584,1465,0,1503,0,0,0,1500,0,11.616476058959961,98546.625,46.44,0.15789565443992615,27917777,0.0,26.30678939819336,1,0,0.28,4,25,-1,,,
auto,00000003.BIN,C:\Users\Siya Bhadu\OneDrive\Desktop\ardupilot_parse\data\auto\00000003.BIN,00000003__descent_002,2,26457.671214,0.9000000000014552,POS.RelHomeAlt,11.4882173538208,11.488624572753906,10.0,0.016489028930905647,3.277334690093994,ARSP.Airspeed,-0.3488236367702484,-0.3488236367702484,11.32241993304157,ArduPilot_AOA.AOA,8.410765647888184,8.410765647888184,4.276210757993702,ArduPilot_AOA.SSA,ArduPilot_AOA,ground_relative_approx,0.08526430718802704,0.015341897495090961,-0.08387269079685211,0.017530230805277824,-0.15,-0.34,275.97,-0.15,-0.34,0.0,0.0,0.0,1502.0,1501.0,1000.0,1500.0,0.004,0.002,0.0,0.0,-0.02000000000029104,0.02000000000029104,0.0,0.0,1494.0,1505.0,1579.0,1498.0,0.0,26.0,0.0,0.014363684691488743,0.0014340727357193828,0.02987334504723549,-0.05037899315357208,0.04871509224176407,-9.972421646118164,32.9473598,-118.5318923,13.968549728393555,7.121566295623779,-7.9506611824035645,,,,0.08511601123176381,0.0064906884894334925,0.017042495922485742,0.08511601123176381,0.0064906884894334925,0.017042495922485742,2,4,346326200,2436,28,0.52,32.9473593,-118.5318899,261.06,0.07086870819330215,257.9376525878906,0.03354457765817642,0.0,1,32.9473598,-118.5318923,271.1999816894531,11.4882173538208,7.988217830657959,-0.15,-0.15,-0.34,-0.34,0.0,275.97,0.03,0.04,3,0,0.014363684691488743,0.0014340727357193828,0.02987334504723549,-0.05037899315357208,0.04871509224176407,-9.972421646118164,0,0,45.0,1,1,3276,3276,-0.1,0.86,281.92,271.3299865722656,32.9473593,-118.5318895,0.7767053842544556,0.004052682779729366,0.0064018103294074535,-0.6298184990882874,2,0.25,0.45,276.43,0.015341897495090961,-0.08387269079685211,0.017530230805277824,0.0185212604701519,13.968549728393555,7.121566295623779,-7.9506611824035645,0.28,-0.11,0.01,259.57,2,0.18,-0.05,0.03,-1.09,3.93,226,43,382,14,-12,-21,0.0,0.0,-0.005415600724518299,-0.15,-0.15,-0.34,-0.34,0.0,26.0,0.0,3.687535524368286,1,4.595456123352051,1.0346100330352783,0,147.8994140625,-79.28,-74.02,0.35,4.174069404602051,0.00544491782784462,17.34479331970215,32.9471741,-118.5303247,259.72,12.52,23.0,,,,,,,,,,,,,,,0,3.277334690093994,7.275046348571777,25.32,7.275046348571777,-2.490830183029175,1,1,1.0,0.13957196474075317,0,-0.3488236367702484,8.410765647888184,-0.10957886278629303,0.9011414647102356,281.95159912109375,1502,1501,1000,1500,1000,1000,1000,2000,1000,1500,0,0,0,0,1494,1505,1579,1498,1540,1427,1584,1465,0,1503,0,0,0,1500,0,11.822426795959473,98544.28125,46.44,-0.013729042373597622,27917877,0.0,26.30678939819336,1,0,0.28,4,25,-1,,,
auto,00000003.BIN,C:\Users\Siya Bhadu\OneDrive\Desktop\ardupilot_parse\data\auto\00000003.BIN,00000003__descent_002,2,26457.721214,0.9500000000007276,POS.RelHomeAlt,11.487611770629883,11.487914562225342,10.0,0.018868446350381873,3.277334690093994,ARSP.Airspeed,-0.3488236367702484,-0.3488236367702484,16.02795137534496,ArduPilot_AOA.AOA,8.410765647888184,8.410765647888184,2.5012434293863275,ArduPilot_AOA.SSA,ArduPilot_AOA,ground_relative_approx,0.08457815345348299,0.012740151025354862,-0.08361311256885529,0.02474200911819935,-0.13,-0.3,276.02,-0.13,-0.3,0.0,0.0,0.0,1501.0,1502.0,1000.0,1500.0,0.002,0.004,0.0,0.0,0.0,0.0,0.0,0.02000000000029104,1494.0,1505.0,1579.0,1498.0,0.0,26.0,0.0,0.006409692578017712,0.011703960597515106,0.01007967907935381,0.1225861981511116,-0.10645372420549393,-9.601314544677734,32.9473598,-118.5318923,13.969269752502441,7.121138572692871,-7.948868274688721,,,,0.08461653654464589,0.003845773949899433,0.02430808142821759,0.08461653654464589,0.003845773949899433,0.02430808142821759,2,4,346326200,2436,28,0.52,32.9473593,-118.5318899,261.06,0.07086870819330215,257.9376525878906,0.03354457765817642,0.0,1,32.9473598,-118.5318923,271.1999816894531,11.487611770629883,7.987612247467041,-0.13,-0.13,-0.3,-0.3,0.0,276.02,0.03,0.04,3,0,0.006409692578017712,0.011703960597515106,0.01007967907935381,0.1225861981511116,-0.10645372420549393,-9.601314544677734,0,0,45.0,1,1,3276,3276,-0.11,0.93,281.98,271.5400085449219,32.9473593,-118.53189,0.7770175337791443,0.004387339577078819,0.006962346378713846,-0.6294251680374146,2,0.27,0.5,276.47,0.012740151025354862,-0.08361311256885529,0.02474200911819935,0.02448197267949581,13.969269752502441,7.121138572692871,-7.948868274688721,0.28,-0.11,0.01,259.57,0,0.18,0.0,-0.02,-1.01,3.95,227,43,381,10,-10,-23,0.0,0.0,-0.044091660529375076,-0.13,-0.13,-0.3,-0.3,0.0,26.0,0.0,3.5694284439086914,1,4.5816497802734375,1.0346100330352783,0,147.89016723632812,-79.28,-74.02,0.36,4.174069404602051,0.00544491782784462,17.412464141845703,32.9471741,-118.5303247,259.72,12.52,23.0,,,,,,,,,,,,,,,0,3.277334690093994,7.275046348571777,25.32,7.275046348571777,-2.490830183029175,1,1,1.0,0.13957196474075317,0,-0.3488236367702484,8.410765647888184,-0.10957886278629303,0.9011414647102356,281.95159912109375,1501,1502,1000,1500,1000,1000,1000,2000,1000,1500,0,0,0,0,1494,1505,1579,1498,1540,1427,1584,1465,0,1503,0,0,0,1500,0,11.822426795959473,98544.28125,46.44,-0.013729042373597622,27917877,0.0,26.30678939819336,1,0,0.28,4,25,-1,,,
auto,00000003.BIN,C:\Users\Siya Bhadu\OneDrive\Desktop\ardupilot_parse\data\auto\00000003.BIN,00000003__descent_002,2,26457.771214,1.0,POS.RelHomeAlt,11.48586368560791,11.486737728118896,10.0,0.025420188903112262,3.2256112098693848,ARSP.Airspeed,-0.2013131082057953,-0.2013131082057953,13.84336563941531,ArduPilot_AOA.AOA,8.362462997436523,8.362462997436523,-1.3679811677528448,ArduPilot_AOA.SSA,ArduPilot_AOA,ground_relative_approx,0.08027339999633909,0.006432711612433195,-0.08001524209976196,0.020212290808558464,-0.15,-0.29,275.97,-0.15,-0.29,0.0,0.0,0.0,1502.0,1501.0,1000.0,1501.0,0.004,0.002,0.0,0.002,0.020000000001018634,-0.020000000001018637,0.0,2.9103830455463155e-12,1494.0,1505.0,1579.0,1498.0,0.0,26.0,0.0,-0.003364869160577655,0.001802367391064763,-0.009611047804355621,0.10426145046949387,-0.22297213971614838,-9.771719932556152,32.9473598,-118.5318924,13.969551086425781,7.120521545410156,-7.947813510894775,,,,0.08035160551672298,-0.001976223981200807,0.019800744338611256,0.08035160551672298,-0.001976223981200807,0.019800744338611256,2,4,346326200,2436,28,0.52,32.9473593,-118.5318899,261.06,0.07086870819330215,257.9376525878906,0.03354457765817642,0.0,1,32.9473598,-118.5318924,271.1999816894531,11.48586368560791,7.985864162445068,-0.15,-0.15,-0.29,-0.29,0.0,275.97,0.03,0.04,3,0,-0.003364869160577655,0.001802367391064763,-0.009611047804355621,0.10426145046949387,-0.22297213971614838,-9.771719932556152,0,0,45.0,1,1,3276,3276,-0.16,0.95,281.9,271.5400085449219,32.9473593,-118.53189,0.7766079306602478,0.004173997323960066,0.007370654959231615,-0.6299272179603577,2,0.25,0.49,276.43,0.006432711612433195,-0.08001524209976196,0.020212290808558464,0.021684346720576286,13.969551086425781,7.120521545410156,-7.947813510894775,0.28,-0.11,0.01,259.57,2,0.18,-0.05,0.03,-1.09,3.93,226,43,382,14,-12,-21,0.0,0.0,-0.005415600724518299,-0.15,-0.15,-0.29,-0.29,0.0,26.0,0.0,3.5694284439086914,1,4.5816497802734375,1.0346100330352783,0,147.8994140625,-79.28,-74.02,0.36,4.174069404602051,0.00544491782784462,17.53057098388672,32.9471741,-118.5303247,259.72,12.52,23.0,,,,,,,,,,,,,,,0,3.2256112098693848,7.047226905822754,25.32,7.047226905822754,-2.490830183029175,1,1,1.0,0.13957196474075317,0,-0.2013131082057953,8.362462997436523,-0.16061152517795563,0.9572767019271851,281.9059143066406,1502,1501,1000,1501,1000,1000,1000,2000,1000,1500,0,0,0,0,1494,1505,1579,1498,1540,1427,1584,1465,0,1503,0,0,0,1500,0,11.621968269348145,98546.5625,46.43,0.09794962406158447,27917976,0.0,26.30678939819336,1,0,0.28,4,25,-1,,,
auto,00000003.BIN,C:\Users\Siya Bhadu\OneDrive\Desktop\ardupilot_parse\data\auto\00000003.BIN,00000003__descent_002,2,26457.821214000003,1.0500000000029104,POS.RelHomeAlt,11.484881401062012,11.485372543334961,10.0,0.023326873778501067,3.2256112098693848,ARSP.Airspeed,-0.2013131082057953,-0.2013131082057953,16.099749203331196,ArduPilot_AOA.AOA,8.362462997436523,8.362462997436523,0.8699340437464733,ArduPilot_AOA.SSA,ArduPilot_AOA,ground_relative_approx,0.0754262748885259,0.009011580608785152,-0.0748860090970993,0.022220196202397346,-0.19,-0.32,275.9,-0.19,-0.32,0.0,0.0,0.0,1502.0,1501.0,1000.0,1500.0,0.004,0.002,0.0,0.0,-0.020000000001018634,0.020000000001018634,0.0,-0.01999999999810825,1494.0,1505.0,1579.0,1498.0,0.0,35.0,0.0,-0.01710425317287445,-0.014337574131786823,-0.032930321991443634,0.0007806126377545297,0.014705521985888481,-9.771529197692871,32.9473597,-118.5318924,13.969219207763672,7.119649887084961,-7.946717739105225,,,,0.07553857157410256,0.0011938278786887012,0.021802730158692413,0.07553857157410256,0.0011938278786887012,0.021802730158692413,2,4,346326400,2436,28,0.52,32.9473593,-118.5318896,261.04,0.06849770992994308,280.0715637207031,-0.01248072274029255,0.0,1,32.9473597,-118.5318924,271.1999816894531,11.484881401062012,7.98488187789917,-0.19,-0.19,-0.32,-0.32,0.0,275.9,0.03,0.03,3,0,-0.01710425317287445,-0.014337574131786823,-0.032930321991443634,0.0007806126377545297,0.014705521985888481,-9.771529197692871,0,0,45.0,1,1,3276,3276,-0.21,0.93,281.82,271.3399963378906,32.9473593,-118.53189,0.7761648893356323,0.0037197486963123083,0.007533225696533918,-0.6304739713668823,2,0.21,0.47,276.35,0.009011580608785152,-0.0748860090970993,0.022220196202397346,0.025870319455862045,13.969219207763672,7.119649887084961,-7.946717739105225,0.28,-0.11,0.01,259.57,2,0.18,-0.05,0.03,-1.09,3.93,226,43,382,14,-12,-21,0.0,0.0,-0.005415600724518299,-0.19,-0.19,-0.32,-0.32,0.0,35.0,0.0,3.469862222671509,1,4.5816497802734375,1.0346100330352783,0,147.8994140625,-79.28,-74.02,0.36,4.174069404602051,0.00544491782784462,17.53057098388672,32.9471741,-118.5303247,259.72,12.52,23.0,,,,,,,,,,,,,,,0,3.2256112098693848,7.047226905822754,25.32,7.047226905822754,-2.490830183029175,1,1,1.0,0.13957196474075317,0,-0.2013131082057953,8.362462997436523,-0.16061152517795563,0.9572767019271851,281.9059143066406,1502,1501,1000,1500,1000,1000,1000,2000,1000,1500,0,0,0,0,1494,1505,1579,1498,1540,1427,1584,1465,0,1504,0,0,0,1500,0,11.621968269348145,98546.5625,46.43,0.09794962406158447,27917976,0.0,26.30678939819336,1,0,0.28,4,25,-1,,,
auto,00000003.BIN,C:\Users\Siya Bhadu\OneDrive\Desktop\ardupilot_parse\data\auto\00000003.BIN,00000003__descent_002,2,26457.871214000003,1.1000000000021828,POS.RelHomeAlt,11.483846664428711,11.484405040740967,10.0,0.014643669128631132,3.277334690093994,ARSP.Airspeed,-0.28485360741615295,-0.28485360741615295,16.780010782389176,ArduPilot_AOA.AOA,8.585874557495117,8.585874557495117,1.550440522665712,ArduPilot_AOA.SSA,ArduPilot_AOA,ground_relative_approx,0.06849344940434265,0.008933705277740955,-0.06790833175182343,0.021053818985819817,-0.24,-0.32,275.8,-0.24,-0.32,0.0,0.0,0.0,1501.0,1502.0,1000.0,1500.0,0.002,0.004,0.0,0.0,0.0,0.0,0.0,0.0,1494.0,1505.0,1579.0,1498.0,0.0,26.0,0.0,-0.0204168688505888,-0.013479023240506649,-0.043233320116996765,-0.03141828998923302,0.0792904868721962,-9.903334617614746,32.9473597,-118.5318924,13.969002723693848,7.1187567710876465,-7.945577144622803,,,,0.06858001471835845,0.0019388019825673341,0.020679422943956725,0.06858001471835845,0.0019388019825673341,0.020679422943956725,2,4,346326400,2436,28,0.52,32.9473593,-118.5318896,261.04,0.06849770992994308,280.0715637207031,-0.01248072274029255,0.0,1,32.9473597,-118.5318924,271.1999816894531,11.483846664428711,7.983847141265869,-0.24,-0.24,-0.32,-0.32,0.0,275.8,0.03,0.03,3,0,-0.0204168688505888,-0.013479023240506649,-0.043233320116996765,-0.03141828998923302,0.0792904868721962,-9.903334617614746,0,0,45.0,1,1,3276,3276,-0.27,0.93,281.72,271.3399963378906,32.9473593,-118.5318901,0.7756404280662537,0.0033174694981426,0.007821946404874325,-0.6311178207397461,2,0.17,0.46,276.26,0.008933705277740955,-0.06790833175182343,0.021053818985819817,0.02582128718495369,13.969002723693848,7.1187567710876465,-7.945577144622803,0.28,-0.11,0.01,259.57,2,0.18,-0.05,0.03,-1.09,3.93,226,43,382,14,-12,-21,0.0,0.0,-0.005415600724518299,-0.24,-0.24,-0.32,-0.32,0.0,26.0,0.0,3.469862222671509,1,4.5816497802734375,1.0346100330352783,0,147.8994140625,-79.28,-74.02,0.36,4.174069404602051,0.00544491782784462,17.53057098388672,32.9471741,-118.5303247,259.72,12.52,23.0,,,,,,,,,,,,,,,0,3.277334690093994,7.275046348571777,25.32,7.275046348571777,-2.490830183029175,1,1,1.0,0.13957196474075317,0,-0.28485360741615295,8.585874557495117,-0.30231091380119324,0.9417768716812134,281.6861267089844,1501,1502,1000,1500,1000,1000,1000,2000,1000,1500,0,0,0,0,1494,1505,1579,1498,1541,1426,1584,1465,0,1503,0,0,0,1500,0,11.517620086669922,98547.75,46.43,0.29682496190071106,27918077,0.0,26.30678939819336,1,0,0.28,4,25,-1,,,
auto,00000003.BIN,C:\Users\Siya Bhadu\OneDrive\Desktop\ardupilot_parse\data\auto\00000003.BIN,00000003__descent_002,2,26457.921214,1.1500000000014552,POS.RelHomeAlt,11.483156204223633,11.48390817642212,10.0,0.005378723144602304,3.277334690093994,ARSP.Airspeed,-0.28485360741615295,-0.28485360741615295,2.2954309572181244,ArduPilot_AOA.AOA,8.585874557495117,8.585874557495117,-11.416305470473992,ArduPilot_AOA.SSA,ArduPilot_AOA,ground_relative_approx,0.03056628326419252,-0.003059360198676586,-0.030412793159484863,0.00138360564596951,-0.34,-0.28,275.67,-0.34,-0.28,0.0,0.0,0.0,1502.0,1501.0,1000.0,1500.0,0.004,0.002,0.0,0.0,0.02000000000029104,0.0,0.0,0.0,1493.0,1505.0,1579.0,1498.0,0.0,26.0,0.0,-0.02518933080136776,0.00479311216622591,-0.039389338344335556,-0.278371125459671,0.09624971449375153,-9.853676795959473,32.9473597,-118.5318924,13.962200164794922,7.123652458190918,-7.991687297821045,,,,0.029968139543318197,-0.006056372273217841,0.0012012511689154127,0.029968139543318197,-0.006056372273217841,0.0012012511689154127,2,4,346326400,2436,28,0.52,32.9473593,-118.5318896,261.04,0.06849770992994308,280.0715637207031,-0.01248072274029255,0.0,1,32.9473597,-118.5318924,271.1999816894531,11.483156204223633,7.983156681060791,-0.34,-0.34,-0.28,-0.28,0.0,275.67,0.03,0.03,3,0,-0.02518933080136776,0.00479311216622591,-0.039389338344335556,-0.278371125459671,0.09624971449375153,-9.853676795959473,0,0,45.0,1,1,3276,3276,-0.33,0.95,281.64,271.22998046875,32.9473593,-118.5318897,0.775188148021698,0.0029939478263258934,0.008328374475240707,-0.6316684484481812,1,-0.21,-0.22,275.24,-0.003059360198676586,-0.030412793159484863,0.00138360564596951,0.025668606162071228,13.962200164794922,7.123652458190918,-7.991687297821045,-0.05,-0.03,-0.02,259.57,2,0.18,-0.05,0.03,-1.09,3.93,226,43,382,14,-12,-21,0.0,0.0,-0.005415600724518299,-0.29,-0.29,-0.31,-0.31,0.0,26.0,0.0,3.4132442474365234,1,4.585926532745361,1.0346100330352783,0,147.89785766601562,-79.28,-74.02,0.36,4.174069404602051,0.00544491782784462,17.630138397216797,32.9471741,-118.5303247,259.72,12.52,23.0,,,,,,,,,,,,,,,0,3.277334690093994,7.275046348571777,25.32,7.275046348571777,-2.490830183029175,1,1,1.0,0.13957196474075317,0,-0.28485360741615295,8.585874557495117,-0.30231091380119324,0.9417768716812134,281.6861267089844,1502,1501,1000,1500,1000,1000,1000,2000,1000,1500,0,0,0,0,1493,1505,1579,1498,1539,1428,1584,1464,0,1503,0,0,0,1500,0,11.517620086669922,98547.75,46.43,0.29682496190071106,27918077,0.0,26.30678939819336,1,0,0.28,4,25,-1,,,
auto,00000003.BIN,C:\Users\Siya Bhadu\OneDrive\Desktop\ardupilot_parse\data\auto\00000003.BIN,00000003__descent_002,2,26457.971214,1.2000000000007276,POS.RelHomeAlt,11.483088493347168,11.483867168426514,10.0,0.0013923645019673359,3.5876410007476807,ARSP.Airspeed,-0.2748008072376251,-0.2748008072376251,46.61645679767053,ArduPilot_AOA.AOA,8.655550003051758,8.655550003051758,10.920481620621768,ArduPilot_AOA.SSA,ArduPilot_AOA,ground_relative_approx,0.020860436194720274,0.007741366513073444,-0.019370829686522484,0.02138165384531021,-0.37,-0.29,275.65,-0.37,-0.29,0.0,0.0,0.0,1502.0,1502.0,1000.0,1500.0,0.004,0.004,0.0,0.0,0.0,0.02000000000029104,0.0,0.0,1494.0,1505.0,1579.0,1498.0,0.0,26.0,0.0,-0.024834733456373215,0.0054447888396680355,-0.030555926263332367,-0.27739065885543823,0.2955420911312103,-9.652033805847168,32.9473597,-118.5318924,13.968087196350098,7.117978572845459,-7.944060802459717,,,,0.02014683677066293,0.0056591334687955954,0.021316943868980986,0.02014683677066293,0.0056591334687955954,0.021316943868980986,2,4,346326400,2436,28,0.52,32.9473593,-118.5318896,261.04,0.06849770992994308,280.0715637207031,-0.01248072274029255,0.0,1,32.9473597,-118.5318924,271.1999816894531,11.483088493347168,7.983088970184326,-0.37,-0.37,-0.29,-0.29,0.0,275.65,0.03,0.03,3,0,-0.024834733456373215,0.0054447888396680355,-0.030555926263332367,-0.27739065885543823,0.2955420911312103,-9.652033805847168,0,0,45.0,1,1,3276,3276,-0.4,0.95,281.58,271.22998046875,32.9473593,-118.5318897,0.7748254537582397,0.002537655411288142,0.008697396144270897,-0.6321102976799011,2,0.03,0.5,276.1,0.007741366513073444,-0.019370829686522484,0.02138165384531021,0.01564253307878971,13.968087196350098,7.117978572845459,-7.944060802459717,0.28,-0.11,0.01,259.57,2,0.18,-0.05,0.03,-1.09,3.93,226,43,382,14,-12,-21,0.0,0.0,-0.005415600724518299,-0.37,-0.37,-0.29,-0.29,0.0,26.0,0.0,3.4132442474365234,1,4.585926532745361,1.0346100330352783,0,147.89785766601562,-79.28,-74.02,0.36,4.174069404602051,0.00544491782784462,17.686756134033203,32.9471741,-118.5303247,259.72,12.52,23.0,,,,,,,,,,,,,,,0,3.5876410007476807,8.717905044555664,25.32,8.717905044555664,-2.490830183029175,1,1,1.0,0.32707205414772034,0,-0.2748008072376251,8.655550003051758,-0.40473517775535583,0.9560872912406921,281.5809326171875,1502,1502,1000,1500,1000,1000,1000,2000,1000,1500,0,0,0,0,1494,1505,1579,1498,1540,1427,1584,1465,0,1503,0,0,0,1500,0,11.536842346191406,98547.515625,46.43,-0.08153807371854782,27918176,0.0,26.30678939819336,1,0,0.28,4,25,-1,,,
auto,00000003.BIN,C:\Users\Siya Bhadu\OneDrive\Desktop\ardupilot_parse\data\auto\00000003.BIN,00000003__descent_002,2,26458.021214,1.25,POS.RelHomeAlt,11.483413696289062,11.483768939971924,10.0,0.000982284545955281,3.5876410007476807,ARSP.Airspeed,-0.2748008072376251,-0.2748008072376251,-106.71837128639199,ArduPilot_AOA.AOA,8.655550003051758,8.655550003051758,81.44171888101505,ArduPilot_AOA.SSA,ArduPilot_AOA,ground_relative_approx,0.014757645761839557,0.014610253274440765,0.0020805306266993284,-0.0022258064709603786,-0.37,-0.31,275.67,-0.37,-0.31,0.0,0.0,0.0,1502.0,1502.0,1000.0,1500.0,0.004,0.004,0.0,0.0,-0.01999999999810825,0.0,0.0,0.0,1494.0,1505.0,1579.0,1498.0,0.0,26.0,0.0,-0.004933505784720182,-0.013256928883492947,-0.0012545958161354065,-0.28544238209724426,0.36943063139915466,-9.893842697143555,32.9473597,-118.5318923,13.977877616882324,7.127731800079346,-7.983414173126221,,,,-0.0006389106236977233,0.014758369453890877,-0.0021271218008137188,-0.0006389106236977233,0.014758369453890877,-0.0021271218008137188,2,4,346326600,2436,28,0.52,32.9473592,-118.53189,261.07,0.013198970817029476,164.09837341308594,0.02783970907330513,0.0,1,32.9473597,-118.5318923,271.1999816894531,11.483413696289062,7.983414173126221,-0.37,-0.37,-0.31,-0.31,0.0,275.67,0.03,0.04,3,0,-0.004933505784720182,-0.013256928883492947,-0.0012545958161354065,-0.28544238209724426,0.36943063139915466,-9.893842697143555,0,0,45.0,1,1,3276,3276,-0.38,0.93,281.59,271.25,32.9473593,-118.5318897,0.7748817205429077,0.0025071108248084784,0.008454577066004276,-0.6320446729660034,0,-0.37,-0.31,275.66,0.014610253274440765,0.0020805306266993284,-0.0022258064709603786,-0.0019330965587869287,13.977877616882324,7.127731800079346,-7.983414173126221,-0.12,-0.24,-0.18,259.57,2,0.18,-0.05,0.03,-1.09,3.93,226,43,382,14,-12,-21,0.0,0.0,-0.005415600724518299,-0.37,-0.37,-0.31,-0.31,0.0,26.0,0.0,3.466484546661377,1,4.585926532745361,1.0346100330352783,0,147.89785766601562,-79.28,-74.02,0.36,4.174069404602051,0.00544491782784462,17.686756134033203,32.9471741,-118.5303247,259.72,12.52,23.0,,,,,,,,,,,,,,,0,3.5876410007476807,8.717905044555664,25.32,8.717905044555664,-2.490830183029175,1,1,1.0,0.32707205414772034,0,-0.2748008072376251,8.655550003051758,-0.40473517775535583,0.9560872912406921,281.5809326171875,1502,1502,1000,1500,1000,1000,1000,2000,1000,1500,0,0,0,0,1494,1505,1579,1498,1539,1428,1584,1465,0,1503,0,0,0,1500,0,11.536842346191406,98547.515625,46.43,-0.08153807371854782,27918176,0.0,26.30678939819336,1,0,0.28,4,25,-1,,,
auto,00000003.BIN,C:\Users\Siya Bhadu\OneDrive\Desktop\ardupilot_parse\data\auto\00000003.BIN,00000003__descent_002,2,26458.071214000003,1.3000000000029104,POS.RelHomeAlt,11.483691215515137,11.483768939971924,10.0,-0.0,3.311367988586426,ARSP.Airspeed,-0.3159818649291992,-0.3159818649291992,114.20001878325006,ArduPilot_AOA.AOA,8.897672653198242,8.897672653198242,25.237824502660093,ArduPilot_AOA.SSA,ArduPilot_AOA,ground_relative_approx,0.013796751893211001,0.009450551122426987,0.01005173847079277,0.019807780161499977,-0.33,-0.31,275.73,-0.33,-0.31,0.0,0.0,0.0,1501.0,1502.0,1000.0,1500.0,0.002,0.004,0.0,0.0,2.9103872090097127e-12,0.0,0.0,0.0,1494.0,1505.0,1579.0,1498.0,0.0,26.0,0.0,0.010129394009709358,-0.008167811669409275,0.01440477091819048,-0.18367674946784973,0.16629372537136078,-9.857732772827148,32.9473597,-118.5318923,13.96766471862793,7.1212873458862305,-7.944340229034424,,,,-0.008950661719292364,0.010292366647608776,0.019916108086348555,-0.008950661719292364,0.010292366647608776,0.019916108086348555,2,4,346326600,2436,28,0.52,32.9473592,-118.53189,261.07,0.013198970817029476,164.09837341308594,0.02783970907330513,0.0,1,32.9473597,-118.5318923,271.1999816894531,11.483691215515137,7.983691692352295,-0.33,-0.33,-0.31,-0.31,0.0,275.73,0.03,0.04,3,0,0.010129394009709358,-0.008167811669409275,0.01440477091819048,-0.18367674946784973,0.16629372537136078,-9.857732772827148,0,0,45.0,1,1,3276,3276,-0.34,0.92,281.6,271.25,32.9473593,-118.5318898,0.7749781608581543,0.0027566468343138695,0.008125722408294678,-0.6319297552108765,2,0.07,0.48,276.18,0.009450551122426987,0.01005173847079277,0.019807780161499977,-0.002116612857207656,13.96766471862793,7.1212873458862305,-7.944340229034424,0.28,-0.11,0.01,259.57,2,0.18,-0.05,0.03,-1.09,3.93,226,43,382,14,-12,-21,0.0,0.0,-0.005415600724518299,-0.33,-0.33,-0.31,-0.31,0.0,26.0,0.0,3.466484546661377,1,4.585926532745361,1.0346100330352783,0,147.89785766601562,-79.28,-74.02,0.36,4.174069404602051,0.00544491782784462,17.686756134033203,32.9471741,-118.5303247,259.72,12.52,23.0,,,,,,,,,,,,,,,0,3.311367988586426,7.426926612854004,25.32,7.426926612854004,-2.490830183029175,1,1,1.0,0.32707205414772034,0,-0.3159818649291992,8.897672653198242,-0.3159432113170624,0.9198393225669861,281.6318359375,1501,1502,1000,1500,1000,1000,1000,2000,1000,1500,0,0,0,0,1494,1505,1579,1498,1539,1428,1584,1465,0,1503,0,0,0,1500,0,11.792221069335938,98544.625,46.43,-0.5039695501327515,27918277,0.0,26.30678939819336,1,0,0.28,4,25,-1,,,
auto,00000003.BIN,C:\Users\Siya Bhadu\OneDrive\Desktop\ardupilot_parse\data\auto\00000003.BIN,00000003__descent_002,2,26458.121214000003,1.3500000000021828,POS.RelHomeAlt,11.483928680419922,11.483768939971924,10.0,-0.0,3.311367988586426,ARSP.Airspeed,-0.3159818649291992,-0.3159818649291992,141.45280257198166,ArduPilot_AOA.AOA,8.897672653198242,8.897672653198242,19.98153516666471,ArduPilot_AOA.SSA,ArduPilot_AOA,ground_relative_approx,0.025940951715175336,0.008489495143294334,0.024512475356459618,0.018508169800043106,-0.23,-0.27,275.9,-0.23,-0.27,0.0,0.0,0.0,1502.0,1502.0,1000.0,1500.0,0.004,0.004,0.0,0.0,0.02000000000029104,-0.02000000000029104,0.0,0.0,1494.0,1505.0,1579.0,1498.0,0.0,26.0,0.0,0.020770011469721794,0.002306130016222596,0.03363824263215065,-0.0663946270942688,0.12159033119678497,-9.927566528320312,32.9473597,-118.5318923,13.967259407043457,7.125400543212891,-7.944031238555908,,,,-0.023422493139251398,0.010889395659593343,0.018662615104717686,-0.023422493139251398,0.010889395659593343,0.018662615104717686,2,4,346326600,2436,28,0.52,32.9473592,-118.53189,261.07,0.013198970817029476,164.09837341308594,0.02783970907330513,0.0,1,32.9473597,-118.5318923,271.1999816894531,11.483928680419922,7.98392915725708,-0.23,-0.23,-0.27,-0.27,0.0,275.9,0.03,0.05,3,0,0.020770011469721794,0.002306130016222596,0.03363824263215065,-0.0663946270942688,0.12159033119678497,-9.927566528320312,0,0,45.0,1,1,3276,3276,-0.28,0.92,281.66,271.5099792480469,32.9473592,-118.53189,0.7752704620361328,0.003185220994055271,0.007825956679880619,-0.6315729022026062,2,0.18,0.52,276.36,0.008489495143294334,0.024512475356459618,0.018508169800043106,-0.006255320273339748,13.967259407043457,7.125400543212891,-7.944031238555908,0.28,-0.11,0.01,259.57,2,0.18,-0.05,0.03,-1.08,3.92,226,43,382,14,-12,-21,0.0,0.0,-0.005415600724518299,-0.28,-0.28,-0.3,-0.3,0.0,26.0,0.0,3.4206883907318115,1,4.510676860809326,1.0346100330352783,0,147.88861083984375,-79.28,-74.02,0.36,4.174069404602051,0.00544491782784462,17.633516311645508,32.9471741,-118.5303247,259.72,12.52,23.0,,,,,,,,,,,,,,,0,3.311367988586426,7.426926612854004,25.32,7.426926612854004,-2.490830183029175,1,1,1.0,0.32707205414772034,0,-0.3159818649291992,8.897672653198242,-0.3159432113170624,0.9198393225669861,281.6318359375,1502,1502,1000,1500,1000,1000,1000,2000,1000,1500,0,0,0,0,1494,1505,1579,1498,1539,1428,1584,1465,0,1503,0,0,0,1500,0,11.792221069335938,98544.625,46.43,-0.5039695501327515,27918277,0.0,26.30678939819336,1,0,0.28,4,25,-1,,,
auto,00000003.BIN,C:\Users\Siya Bhadu\OneDrive\Desktop\ardupilot_parse\data\auto\00000003.BIN,00000003__descent_002,2,26458.171214,1.4000000000014552,POS.RelHomeAlt,11.483887672424316,11.483768939971924,10.0,-0.0,3.6802005767822266,ARSP.Airspeed,-0.30170074105262756,-0.30170074105262756,136.34126285445092,ArduPilot_AOA.AOA,8.659213066101074,8.659213066101074,18.735605727828023,ArduPilot_AOA.SSA,ArduPilot_AOA,ground_relative_approx,0.02518632033795365,0.008274409919977188,0.0237883348017931,0.021532949060201645,-0.17,-0.25,275.98,-0.17,-0.25,0.0,0.0,0.0,1502.0,1501.0,1000.0,1500.0,0.004,0.002,0.0,0.0,0.0,-0.02000000000029104,0.0,0.0,1493.0,1505.0,1579.0,1498.0,0.0,26.0,0.0,0.023393606767058372,0.009274904616177082,0.03418680280447006,0.06460576504468918,0.1103491336107254,-9.878397941589355,32.9473597,-118.5318923,13.967351913452148,7.127410411834717,-7.943569660186768,,,,-0.022702675610480793,0.010643451860365857,0.021663888847956444,-0.022702675610480793,0.010643451860365857,0.021663888847956444,2,4,346326600,2436,28,0.52,32.9473592,-118.53189,261.07,0.013198970817029476,164.09837341308594,0.02783970907330513,0.0,1,32.9473597,-118.5318923,271.1999816894531,11.483887672424316,7.983888149261475,-0.17,-0.17,-0.25,-0.25,0.0,275.98,0.03,0.05,3,0,0.023393606767058372,0.009274904616177082,0.03418680280447006,0.06460576504468918,0.1103491336107254,-9.878397941589355,0,0,45.0,1,1,3276,3276,-0.16,0.99,281.87,271.5099792480469,32.9473592,-118.53189,0.7764469981193542,0.004356732126325369,0.0076168798841536045,-0.6301215291023254,2,0.24,0.54,276.44,0.008274409919977188,0.0237883348017931,0.021532949060201645,0.0022412585094571114,13.967351913452148,7.127410411834717,-7.943569660186768,0.28,-0.11,0.01,259.57,0,0.18,0.0,-0.02,-1.01,3.94,227,43,381,10,-9,-23,0.0,0.0,-0.044091660529375076,-0.17,-0.17,-0.25,-0.25,0.0,26.0,0.0,3.4206883907318115,1,4.510676860809326,1.0346100330352783,0,147.88861083984375,-79.28,-74.02,0.36,4.174069404602051,0.00544491782784462,17.679311752319336,32.9471741,-118.5303247,259.72,12.52,23.0,,,,,,,,,,,,,,,0,3.6802005767822266,9.173544883728027,25.32,9.173544883728027,-2.490830183029175,1,1,1.0,0.32707205414772034,0,-0.30170074105262756,8.659213066101074,-0.16237501800060272,0.992341160774231,281.876953125,1502,1501,1000,1500,1000,1000,1000,2000,1000,1500,0,0,0,0,1493,1505,1579,1498,1540,1427,1584,1464,0,1503,0,0,0,1500,0,11.948742866516113,98542.859375,46.43,-0.06675968319177628,27918376,0.0,26.30678939819336,1,0,0.28,4,25,-1,,,
auto,00000003.BIN,C:\Users\Siya Bhadu\OneDrive\Desktop\ardupilot_parse\data\auto\00000003.BIN,00000003__descent_002,2,26458.221214,1.4500000000007276,POS.RelHomeAlt,11.483307838439941,11.483768939971924,10.0,-0.0,3.6802005767822266,ARSP.Airspeed,-0.30170074105262756,-0.30170074105262756,178.2968225485659,ArduPilot_AOA.AOA,8.659213066101074,8.659213066101074,1.116508081677545,ArduPilot_AOA.SSA,ArduPilot_AOA,ground_relative_approx,0.026695156935213276,-0.0022891643457114697,0.026596825569868088,0.0006758952513337135,-0.13,-0.25,276.04,-0.13,-0.25,0.0,0.0,0.0,1502.0,1501.0,1000.0,1500.0,0.004,0.002,0.0,0.0,0.0,0.0,0.0,0.0,1493.0,1505.0,1579.0,1498.0,0.0,26.0,0.0,0.01916821300983429,-0.003302334574982524,0.024672314524650574,0.261508971452713,-0.09942613542079926,-9.699451446533203,32.9473597,-118.5318922,13.960195541381836,7.1386284828186035,-7.9912428855896,,,,-0.026686846983242495,0.0005203354186278244,0.0007935284062738787,-0.026686846983242495,0.0005203354186278244,0.0007935284062738787,2,4,346326800,2436,28,0.52,32.9473592,-118.5318891,261.0,0.04147135093808174,169.22225952148438,0.0018494917312636971,0.0,1,32.9473597,-118.5318922,271.1999816894531,11.483307838439941,7.9833083152771,-0.13,-0.13,-0.25,-0.25,0.0,276.04,0.03,0.07,3,0,0.01916821300983429,-0.003302334574982524,0.024672314524650574,0.261508971452713,-0.09942613542079926,-9.699451446533203,0,0,45.0,1,1,3276,3276,-0.11,0.99,281.91,271.6600036621094,32.9473592,-118.53189,0.7766328454017639,0.004640753846615553,0.007380812428891659,-0.6298931837081909,1,0.0,-0.19,275.62,-0.0022891643457114697,0.026596825569868088,0.0006758952513337135,0.004198112059384584,13.960195541381836,7.1386284828186035,-7.9912428855896,-0.05,-0.03,-0.02,259.57,2,0.18,-0.05,0.03,-1.08,3.92,226,43,382,14,-12,-21,0.0,0.0,-0.005415600724518299,-0.13,-0.13,-0.25,-0.25,0.0,26.0,0.0,3.5005626678466797,1,4.510676860809326,1.0346100330352783,0,147.88861083984375,-79.28,-74.02,0.36,4.174069404602051,0.00544491782784462,17.679311752319336,32.9471741,-118.5303247,259.72,12.52,23.0,,,,,,,,,,,,,,,0,3.6802005767822266,9.173544883728027,25.32,9.173544883728027,-2.490830183029175,1,1,1.0,0.32707205414772034,0,-0.30170074105262756,8.659213066101074,-0.16237501800060272,0.992341160774231,281.876953125,1502,1501,1000,1500,1000,1000,1000,2000,1000,1500,0,0,0,0,1493,1505,1579,1498,1540,1427,1584,1464,0,1503,0,0,0,1500,0,11.948742866516113,98542.859375,46.43,-0.06675968319177628,27918376,0.0,26.30678939819336,1,0,0.28,4,25,-1,,,
auto,00000003.BIN,C:\Users\Siya Bhadu\OneDrive\Desktop\ardupilot_parse\data\auto\00000003.BIN,00000003__descent_002,2,26458.271214,1.5,POS.RelHomeAlt,11.482536315917969,11.483768939971924,10.0,-0.0,3.6032326221466064,ARSP.Airspeed,-0.2658627927303314,-0.2658627927303314,120.87241071277714,ArduPilot_AOA.AOA,8.495869636535645,8.495869636535645,5.381114890266153,ArduPilot_AOA.SSA,ArduPilot_AOA,ground_relative_approx,0.011706369342646811,0.000913837575353682,0.011670646257698536,0.019040966406464577,-0.14,-0.27,276.07,-0.14,-0.27,0.0,0.0,0.0,1502.0,1501.0,1000.0,1500.0,0.004,0.002,0.0,0.0,0.0,0.0,0.0,0.0,1494.0,1505.0,1579.0,1498.0,0.0,26.0,0.0,0.0032245581969618797,-0.011541665531694889,0.010534023866057396,0.33102700114250183,-0.1688529998064041,-9.964529037475586,32.9473597,-118.5318922,13.966017723083496,7.131865978240967,-7.941731929779053,,,,-0.011418725963313395,0.002096143969821987,0.019100166562391677,-0.011418725963313395,0.002096143969821987,0.019100166562391677,2,4,346326800,2436,28,0.52,32.9473592,-118.5318891,261.0,0.04147135093808174,169.22225952148438,0.0018494917312636971,0.0,1,32.9473597,-118.5318922,271.1999816894531,11.482536315917969,7.982536792755127,-0.14,-0.14,-0.27,-0.27,0.0,276.07,0.03,0.07,3,0,0.0032245581969618797,-0.011541665531694889,0.010534023866057396,0.33102700114250183,-0.1688529998064041,-9.964529037475586,0,0,45.5,1,1,3276,3276,-0.12,0.98,281.85,271.6600036621094,32.9473592,-118.53189,0.7763455510139465,0.004583311267197132,0.007348032668232918,-0.6302480101585388,2,0.27,0.52,276.53,0.000913837575353682,0.011670646257698536,0.019040966406464577,0.011630558408796787,13.966017723083496,7.131865978240967,-7.941731929779053,0.28,-0.11,0.01,259.57,2,0.18,-0.05,0.03,-1.08,3.92,226,43,382,14,-12,-21,0.0,0.0,-0.005415600724518299,-0.14,-0.14,-0.27,-0.27,0.0,26.0,0.0,3.5005626678466797,1,4.510676860809326,1.0346100330352783,0,147.88861083984375,-79.28,-74.02,0.36,4.174069404602051,0.00544491782784462,17.679311752319336,32.9471741,-118.5303247,259.72,12.52,23.0,,,,,,,,,,,,,,,0,3.6032326221466064,8.793845176696777,25.32,8.793845176696777,-2.490830183029175,1,1,1.0,0.36858564615249634,0,-0.2658627927303314,8.495869636535645,-0.13917556405067444,0.9884576797485352,281.821044921875,1502,1501,1000,1500,1000,1000,1000,2000,1000,1500,0,0,0,0,1494,1505,1579,1498,1540,1427,1584,1465,0,1503,0,0,0,1500,0,11.572540283203125,98547.125,46.43,0.7594427466392517,27918477,0.0,26.30678939819336,1,0,0.28,4,25,-1,,,
auto,00000003.BIN,C:\Users\Siya Bhadu\OneDrive\Desktop\ardupilot_parse\data\auto\00000003.BIN,00000003__descent_002,2,26458.321214000003,1.5500000000029104,POS.RelHomeAlt,11.481912612915039,11.483768939971924,10.0,0.0021648406983416635,3.6032326221466064,ARSP.Airspeed,-0.2658627927303314,-0.2658627927303314,-105.75292883482655,ArduPilot_AOA.AOA,8.495869636535645,8.495869636535645,44.1982126165809,ArduPilot_AOA.SSA,ArduPilot_AOA,ground_relative_approx,0.002038604159057081,0.0018978872103616595,0.0007442654459737241,-0.0019619569648057222,-0.21,-0.26,276.0,-0.21,-0.26,0.0,0.0,0.0,1502.0,1501.0,1000.0,1500.0,0.004,0.002,0.0,0.0,-0.020000000001018634,0.020000000001018634,0.0,0.0,1494.0,1505.0,1579.0,1498.0,0.0,26.0,0.0,-0.01714465394616127,-0.0032894257456064224,-0.012338925153017044,0.35129284858703613,-0.039431605488061905,-9.756258964538574,32.9473597,-118.5318922,13.971990585327148,7.144285678863525,-7.981648921966553,,,,-0.0005507025177172067,0.001972455954923085,-0.0019522618400058176,-0.0005507025177172067,0.001972455954923085,-0.0019522618400058176,2,4,346326800,2436,28,0.52,32.9473592,-118.5318891,261.0,0.04147135093808174,169.22225952148438,0.0018494917312636971,0.0,1,32.9473597,-118.5318922,271.1999816894531,11.481912612915039,7.981913089752197,-0.21,-0.21,-0.26,-0.26,0.0,276.0,0.02,0.07,3,0,-0.01714465394616127,-0.0032894257456064224,-0.012338925153017044,0.35129284858703613,-0.039431605488061905,-9.756258964538574,0,0,45.0,1,1,3276,3276,-0.15,0.99,281.77,271.2900085449219,32.9473592,-118.5318891,0.775911808013916,0.004420459736138582,0.007584499195218086,-0.6307803392410278,0,-0.21,-0.26,275.99,0.0018978872103616595,0.0007442654459737241,-0.0019619569648057222,0.01692195050418377,13.971990585327148,7.144285678863525,-7.981648921966553,-0.12,-0.24,-0.18,259.57,2,0.18,-0.05,0.03,-1.08,3.92,226,43,382,14,-12,-21,0.0,0.0,-0.005415600724518299,-0.17,-0.17,-0.27,-0.27,0.0,26.0,0.0,3.531677007675171,1,4.501369476318359,1.0346100330352783,0,147.87936401367188,-79.28,-74.02,0.36,4.174069404602051,0.00544491782784462,17.599437713623047,32.9471741,-118.5303247,259.72,12.52,23.0,,,,,,,,,,,,,,,0,3.6032326221466064,8.793845176696777,25.32,8.793845176696777,-2.490830183029175,1,1,1.0,0.36858564615249634,0,-0.2658627927303314,8.495869636535645,-0.13917556405067444,0.9884576797485352,281.821044921875,1502,1501,1000,1500,1000,1000,1000,2000,1000,1500,0,0,0,0,1494,1505,1579,1498,1540,1427,1584,1465,0,1503,0,0,0,1500,0,11.572540283203125,98547.125,46.43,0.7594427466392517,27918477,0.0,26.30678939819336,1,0,0.28,4,25,-1,,,
auto,00000003.BIN,C:\Users\Siya Bhadu\OneDrive\Desktop\ardupilot_parse\data\auto\00000003.BIN,00000003__descent_002,2,26458.371214000003,1.6000000000021828,POS.RelHomeAlt,11.481816291809082,11.4835524559021,10.0,0.004081726074275593,3.2429440021514893,ARSP.Airspeed,-0.254533588886261,-0.254533588886261,-59.008173496324865,ArduPilot_AOA.AOA,8.43753433227539,8.43753433227539,-21.89313524763922,ArduPilot_AOA.SSA,ArduPilot_AOA,ground_relative_approx,0.003422827346769164,-0.0018181881168857217,-0.0028999894857406616,-0.004436607472598553,-0.24,-0.25,275.93,-0.24,-0.25,0.0,0.0,0.0,1501.0,1502.0,1000.0,1500.0,0.002,0.004,0.0,0.0,-0.02000000000029104,0.02000000000029104,0.0,0.0,1494.0,1505.0,1579.0,1498.0,0.0,26.0,0.0,-0.017135364934802055,-0.0014536065282300115,-0.028017152100801468,0.28693342208862305,-0.05953532084822655,-9.86851978302002,32.9473597,-118.5318922,13.97128963470459,7.145082473754883,-7.98181676864624,,,,0.002677244170385595,-0.0020894147911368153,-0.004457122658669289,0.002677244170385595,-0.0020894147911368153,-0.004457122658669289,2,4,346326800,2436,28,0.52,32.9473592,-118.5318891,261.0,0.04147135093808174,169.22225952148438,0.0018494917312636971,0.0,1,32.9473597,-118.5318922,271.1999816894531,11.481816291809082,7.98181676864624,-0.24,-0.24,-0.25,-0.25,0.0,275.93,0.02,0.07,3,0,-0.017135364934802055,-0.0014536065282300115,-0.028017152100801468,0.28693342208862305,-0.05953532084822655,-9.86851978302002,0,0,45.0,1,1,3276,3276,-0.23,0.98,281.71,271.2900085449219,32.9473592,-118.5318891,0.7755596041679382,0.003808018984273076,0.007959814742207527,-0.6312126517295837,0,-0.24,-0.25,275.92,-0.0018181881168857217,-0.0028999894857406616,-0.004436607472598553,0.007361311931163073,13.97128963470459,7.145082473754883,-7.98181676864624,-0.12,-0.24,-0.18,259.57,2,0.18,-0.05,0.03,-1.08,3.92,226,43,382,14,-12,-21,0.0,0.0,-0.005415600724518299,-0.24,-0.24,-0.25,-0.25,0.0,26.0,0.0,3.531677007675171,1,4.501369476318359,1.0346100330352783,0,147.87936401367188,-79.28,-74.02,0.36,4.174069404602051,0.00544491782784462,17.568323135375977,32.9471741,-118.5303247,259.72,12.52,23.0,,,,,,,,,,,,,,,0,3.2429440021514893,7.123167037963867,25.32,7.123167037963867,-2.490830183029175,1,1,1.0,0.36858564615249634,0,-0.254533588886261,8.43753433227539,-0.2373521625995636,0.9828982949256897,281.71514892578125,1501,1502,1000,1500,1000,1000,1000,2000,1000,1500,0,0,0,0,1494,1505,1579,1498,1540,1427,1584,1465,0,1503,0,0,0,1500,0,11.503890037536621,98547.890625,46.43,0.6754066944122314,27918577,0.0,26.30678939819336,1,0,0.29,4,25,-1,,,
auto,00000003.BIN,C:\Users\Siya Bhadu\OneDrive\Desktop\ardupilot_parse\data\auto\00000003.BIN,00000003__descent_002,2,26458.421214,1.6500000000014552,POS.RelHomeAlt,11.481964111328125,11.483360767364502,10.0,0.0019168853760049842,3.2429440021514893,ARSP.Airspeed,-0.254533588886261,-0.254533588886261,-133.7837201783239,ArduPilot_AOA.AOA,8.43753433227539,8.43753433227539,-85.1284337387113,ArduPilot_AOA.SSA,ArduPilot_AOA,ground_relative_approx,0.009341313797749341,-0.009332418441772461,-0.0004075653268955648,-0.0005321992211975157,-0.27,-0.26,275.86,-0.27,-0.26,0.0,0.0,0.0,1501.0,1502.0,1000.0,1500.0,0.002,0.004,0.0,0.0,0.02000000000029104,-0.02000000000029104,0.0,0.0,1493.0,1505.0,1579.0,1498.0,0.0,26.0,0.0,-0.01329293753951788,-0.004084770102053881,-0.03631650656461716,0.17907288670539856,0.052685949951410294,-9.748456954956055,32.9473596,-118.5318921,13.955574989318848,7.147928237915039,-7.989233493804932,,,,-0.000549795859315665,-0.009322662278353457,-0.0005736480069784717,-0.000549795859315665,-0.009322662278353457,-0.0005736480069784717,2,4,346327000,2436,28,0.52,32.9473591,-118.5318897,261.07,0.014578181318938732,294.68023681640625,-0.04973948746919632,0.0,1,32.9473596,-118.5318921,271.1999816894531,11.481964111328125,7.981964588165283,-0.27,-0.27,-0.26,-0.26,0.0,275.86,0.02,0.08,3,0,-0.01329293753951788,-0.004084770102053881,-0.03631650656461716,0.17907288670539856,0.052685949951410294,-9.748456954956055,0,0,45.0,1,1,3276,3276,-0.27,0.96,281.63,271.2200012207031,32.9473592,-118.5318891,0.7751344442367554,0.0034554796293377876,0.008010806515812874,-0.6317360401153564,1,-0.13,-0.2,275.43,-0.009332418441772461,-0.0004075653268955648,-0.0005321992211975157,0.006605030968785286,13.955574989318848,7.147928237915039,-7.989233493804932,-0.05,-0.03,-0.02,259.57,2,0.18,-0.05,0.03,-1.08,3.92,226,43,382,14,-12,-21,0.0,0.0,-0.005415600724518299,-0.27,-0.27,-0.26,-0.26,0.0,26.0,0.0,3.4475972652435303,1,4.501369476318359,1.0346100330352783,0,147.87936401367188,-79.28,-74.02,0.36,4.174069404602051,0.00544491782784462,17.568323135375977,32.9471741,-118.5303247,259.72,12.52,23.0,,,,,,,,,,,,,,,0,3.2429440021514893,7.123167037963867,25.32,7.123167037963867,-2.490830183029175,1,1,1.0,0.36858564615249634,0,-0.254533588886261,8.43753433227539,-0.2373521625995636,0.9828982949256897,281.71514892578125,1501,1502,1000,1500,1000,1000,1000,2000,1000,1500,0,0,0,0,1493,1505,1579,1498,1539,1428,1584,1464,0,1503,0,0,0,1500,0,11.503890037536621,98547.890625,46.43,0.6754066944122314,27918577,0.0,26.30678939819336,1,0,0.29,4,25,-1,,,
auto,00000003.BIN,C:\Users\Siya Bhadu\OneDrive\Desktop\ardupilot_parse\data\auto\00000003.BIN,00000003__descent_002,2,26458.471214,1.7000000000007276,POS.RelHomeAlt,11.483296394348145,11.483360767364502,10.0,-0.0,3.028409957885742,ARSP.Airspeed,-0.28480300307273865,-0.28480300307273865,75.22553777522923,ArduPilot_AOA.AOA,8.602680206298828,8.602680206298828,2.4016342667671604,ArduPilot_AOA.SSA,ArduPilot_AOA,ground_relative_approx,0.006447694885392911,0.00181629101280123,-0.006186586804687977,0.024513209238648415,-0.28,-0.28,275.8,-0.28,-0.28,0.0,0.0,0.0,1502.0,1501.0,1000.0,1500.0,0.004,0.002,0.0,0.0,0.0,0.0,0.0,0.0,1493.0,1505.0,1579.0,1498.0,0.0,26.0,0.0,-0.012691927142441273,-0.012422868050634861,-0.0331791415810585,0.12605784833431244,0.25950750708580017,-9.797867774963379,32.9473596,-118.5318921,13.96174144744873,7.139179229736328,-7.940701007843018,,,,0.0064581814847632845,0.001062144365817195,0.02448742407377516,0.0064581814847632845,0.001062144365817195,0.02448742407377516,2,4,346327000,2436,28,0.52,32.9473591,-118.5318897,261.07,0.014578181318938732,294.68023681640625,-0.04973948746919632,0.0,1,32.9473596,-118.5318921,271.1999816894531,11.483296394348145,7.983296871185303,-0.28,-0.28,-0.28,-0.28,0.0,275.8,0.02,0.08,3,0,-0.012691927142441273,-0.012422868050634861,-0.0331791415810585,0.12605784833431244,0.25950750708580017,-9.797867774963379,0,0,45.0,1,1,3276,3276,-0.3,0.93,281.53,271.2200012207031,32.9473591,-118.5318891,0.7745877504348755,0.003107513766735792,0.007964234799146652,-0.6324087381362915,2,0.12,0.51,276.26,0.00181629101280123,-0.006186586804687977,0.024513209238648415,0.0010711519280448556,13.96174144744873,7.139179229736328,-7.940701007843018,0.28,-0.11,0.01,259.57,2,0.18,-0.05,0.03,-1.08,3.92,226,43,382,14,-12,-21,0.0,0.0,-0.005415600724518299,-0.28,-0.28,-0.28,-0.28,0.0,26.0,0.0,3.4475972652435303,1,4.501369476318359,1.0346100330352783,0,147.87936401367188,-79.28,-74.02,0.36,4.174069404602051,0.00544491782784462,17.568323135375977,32.9471741,-118.5303247,259.72,12.52,23.0,,,,,,,,,,,,,,,0,3.028409957885742,6.211887359619141,25.32,6.211887359619141,-2.490830183029175,1,1,1.0,0.36858564615249634,0,-0.28480300307273865,8.602680206298828,-0.313445508480072,0.9215977787971497,281.5009765625,1502,1501,1000,1500,1000,1000,1000,2000,1000,1500,0,0,0,0,1493,1505,1579,1498,1539,1428,1584,1464,0,1503,0,0,0,1500,0,11.641190528869629,98546.34375,46.43,-0.34572312235832214,27918677,0.0,26.30678939819336,1,0,0.29,4,25,-1,,,
auto,00000003.BIN,C:\Users\Siya Bhadu\OneDrive\Desktop\ardupilot_parse\data\auto\00000003.BIN,00000003__descent_002,2,26458.521214,1.75,POS.RelHomeAlt,11.485504150390625,11.483360767364502,10.0,0.0005865097045472112,3.028409957885742,ARSP.Airspeed,-0.28480300307273865,-0.28480300307273865,89.9516079070187,ArduPilot_AOA.AOA,8.602680206298828,8.602680206298828,9.473634489913696,ArduPilot_AOA.SSA,ArduPilot_AOA,ground_relative_approx,0.004120064367959702,0.0040883589535951614,0.0005101484712213278,0.023886561393737793,-0.31,-0.28,275.77,-0.31,-0.28,0.0,0.0,0.0,1501.0,1502.0,1000.0,1500.0,0.002,0.004,0.0,0.0,-0.020000000001018637,0.020000000001018634,0.0,0.0,1493.0,1505.0,1579.0,1498.0,0.0,26.0,0.0,-0.007649383042007685,-0.00562274269759655,-0.014200468547642231,0.05905257165431976,0.23120684921741486,-9.867629051208496,32.9473596,-118.5318921,13.960057258605957,7.142757892608643,-7.942101955413818,,,,2.0193311505730717e-05,0.00398963378473401,0.0239086837803091,2.0193311505730717e-05,0.00398963378473401,0.0239086837803091,2,4,346327000,2436,28,0.52,32.9473591,-118.5318897,261.07,0.014578181318938732,294.68023681640625,-0.04973948746919632,0.0,1,32.9473596,-118.5318921,271.1999816894531,11.485504150390625,7.985504627227783,-0.31,-0.31,-0.28,-0.28,0.0,275.77,0.02,0.07,3,0,-0.007649383042007685,-0.00562274269759655,-0.014200468547642231,0.05905257165431976,0.23120684921741486,-9.867629051208496,0,0,45.0,1,1,3276,3276,-0.32,0.91,281.48,271.3599853515625,32.9473591,-118.5318897,0.7743226289749146,0.002849296433851123,0.007960408926010132,-0.6327345371246338,2,0.09,0.51,276.23,0.0040883589535951614,0.0005101484712213278,0.023886561393737793,-0.02079763263463974,13.960057258605957,7.142757892608643,-7.942101955413818,0.28,-0.11,0.01,259.57,1,0.18,-0.01,0.02,-0.93,3.95,226,42,381,11,-10,-22,0.0,0.0,-0.04983825981616974,-0.31,-0.31,-0.28,-0.28,0.0,26.0,0.0,3.327390670776367,1,4.532086372375488,1.0346100330352783,0,147.86856079101562,-79.28,-74.02,0.36,4.174069404602051,0.00544491782784462,17.652402877807617,32.9471741,-118.5303247,259.72,12.52,23.0,,,,,,,,,,,,,,,0,3.028409957885742,6.211887359619141,25.32,6.211887359619141,-2.490830183029175,1,1,1.0,0.36858564615249634,0,-0.28480300307273865,8.602680206298828,-0.313445508480072,0.9215977787971497,281.5009765625,1501,1502,1000,1500,1000,1000,1000,2000,1000,1500,0,0,0,0,1493,1505,1579,1498,1539,1428,1584,1464,0,1503,0,0,0,1500,0,11.641190528869629,98546.34375,46.43,-0.34572312235832214,27918677,0.0,26.30678939819336,1,0,0.28,4,25,-1,,,
auto,00000003.BIN,C:\Users\Siya Bhadu\OneDrive\Desktop\ardupilot_parse\data\auto\00000003.BIN,00000003__descent_002,2,26458.571214000003,1.8000000000029104,POS.RelHomeAlt,11.486220359802246,11.483302116394043,10.0,0.0044441223145952335,3.6649363040924072,ARSP.Airspeed,-0.2957761883735657,-0.2957761883735657,100.92063769506272,ArduPilot_AOA.AOA,8.644311904907227,8.644311904907227,4.5075193875889505,ArduPilot_AOA.SSA,ArduPilot_AOA,ground_relative_approx,0.004994021339148532,0.0015196375316008925,0.00475719990208745,0.023134300485253334,-0.33,-0.27,275.81,-0.33,-0.27,0.0,0.0,0.0,1501.0,1502.0,1000.0,1500.0,0.002,0.004,0.0,0.0,0.020000000001018634,-0.020000000001018634,0.0,0.0,1494.0,1505.0,1579.0,1498.0,0.0,26.0,0.0,-0.007941735908389091,-0.0025591214653104544,-0.0007141385576687753,0.03594610467553139,0.15017519891262054,-9.787477493286133,32.9473596,-118.5318921,13.959452629089355,7.144291877746582,-7.942355632781982,,,,-0.004469861363689805,0.0018600031458474227,0.023166718277837593,-0.004469861363689805,0.0018600031458474227,0.023166718277837593,2,4,346327000,2436,28,0.52,32.9473591,-118.5318897,261.07,0.014578181318938732,294.68023681640625,-0.04973948746919632,0.0,1,32.9473596,-118.5318921,271.1999816894531,11.486220359802246,7.986220836639404,-0.33,-0.33,-0.27,-0.27,0.0,275.81,0.02,0.07,3,0,-0.007941735908389091,-0.0025591214653104544,-0.0007141385576687753,0.03594610467553139,0.15017519891262054,-9.787477493286133,0,0,45.0,1,1,3276,3276,-0.32,0.91,281.53,271.3599853515625,32.9473591,-118.5318897,0.774575412273407,0.002853516722097993,0.007936681620776653,-0.6324253082275391,2,0.08,0.52,276.27,0.0015196375316008925,0.00475719990208745,0.023134300485253334,-0.020672226324677467,13.959452629089355,7.144291877746582,-7.942355632781982,0.28,-0.11,0.01,259.57,0,0.18,0.0,-0.02,-1.0,3.93,227,43,381,10,-9,-23,0.0,0.0,-0.044091660529375076,-0.33,-0.33,-0.27,-0.27,0.0,26.0,0.0,3.327390670776367,1,4.532086372375488,1.0346100330352783,0,147.86856079101562,-79.28,-74.02,0.36,4.174069404602051,0.00544491782784462,17.77260971069336,32.9471741,-118.5303247,259.72,12.52,23.0,,,,,,,,,,,,,,,0,3.6649363040924072,9.097604751586914,25.32,9.097604751586914,-2.490830183029175,1,1,1.0,0.2619327902793884,0,-0.2957761883735657,8.644311904907227,-0.32193946838378906,0.9112933874130249,281.53564453125,1501,1502,1000,1500,1000,1000,1000,2000,1000,1500,0,0,0,0,1494,1505,1579,1498,1541,1426,1584,1465,0,1503,0,0,0,1500,0,11.528604507446289,98547.609375,46.44,-0.882982611656189,27918777,0.0,26.30678939819336,1,0,0.28,4,25,-1,,,
auto,00000003.BIN,C:\Users\Siya Bhadu\OneDrive\Desktop\ardupilot_parse\data\auto\00000003.BIN,00000003__descent_002,2,26458.621214000003,1.8500000000021828,POS.RelHomeAlt,11.487442970275879,11.482916355133057,10.0,0.010519027710117257,3.6649363040924072,ARSP.Airspeed,-0.2957761883735657,-0.2957761883735657,108.66322702776166,ArduPilot_AOA.AOA,8.644311904907227,8.644311904907227,9.39548842326004,ArduPilot_AOA.SSA,ArduPilot_AOA,ground_relative_approx,0.008933375459052866,0.003331579267978668,0.008288894779980183,0.02302369475364685,-0.32,-0.27,275.86,-0.32,-0.27,0.0,0.0,0.0,1502.0,1501.0,1000.0,1500.0,0.004,0.002,0.0,0.0,0.02000000000029104,-0.02000000000029104,0.0,0.0,1494.0,1505.0,1579.0,1498.0,0.0,26.0,0.0,-0.0030490439385175705,-0.0006179622141644359,0.018208876252174377,0.04888249561190605,0.18349209427833557,-9.85155963897705,32.9473596,-118.531892,13.958416938781738,7.145838737487793,-7.943319797515869,,,,-0.007796847991978356,0.004031590364700422,0.02308356899880847,-0.007796847991978356,0.004031590364700422,0.02308356899880847,2,4,346327200,2436,28,0.52,32.9473592,-118.5318881,260.94,0.05617286637425423,27.390701293945312,-0.002596731996163726,0.0,1,32.9473596,-118.531892,271.1999816894531,11.487442970275879,7.987443447113037,-0.32,-0.32,-0.27,-0.27,0.0,275.86,0.02,0.06,3,0,-0.0030490439385175705,-0.0006179622141644359,0.018208876252174377,0.04888249561190605,0.18349209427833557,-9.85155963897705,0,0,45.0,1,1,3276,3276,-0.3,0.91,281.59,271.239990234375,32.9473591,-118.5318897,0.7749083638191223,0.003007309278473258,0.00783571694046259,-0.6320178508758545,2,0.09,0.53,276.32,0.003331579267978668,0.008288894779980183,0.02302369475364685,-0.020468441769480705,13.958416938781738,7.145838737487793,-7.943319797515869,0.28,-0.11,0.01,259.57,2,0.18,-0.05,0.03,-1.08,3.92,226,43,382,14,-12,-21,0.0,0.0,-0.005415600724518299,-0.32,-0.32,-0.27,-0.27,0.0,26.0,0.0,3.4321417808532715,1,4.532086372375488,1.0346100330352783,0,147.86856079101562,-79.28,-74.02,0.36,4.174069404602051,0.00544491782784462,17.77260971069336,32.9471741,-118.5303247,259.72,12.52,23.0,,,,,,,,,,,,,,,0,3.6649363040924072,9.097604751586914,25.32,9.097604751586914,-2.490830183029175,1,1,1.0,0.2619327902793884,0,-0.2957761883735657,8.644311904907227,-0.32193946838378906,0.9112933874130249,281.53564453125,1502,1501,1000,1500,1000,1000,1000,2001,1000,1500,0,0,0,0,1494,1505,1579,1498,1541,1426,1584,1465,0,1503,0,0,0,1500,0,11.528604507446289,98547.609375,46.44,-0.882982611656189,27918777,0.0,26.30678939819336,1,0,0.28,4,25,-1,,,
auto,00000003.BIN,C:\Users\Siya Bhadu\OneDrive\Desktop\ardupilot_parse\data\auto\00000003.BIN,00000003__descent_002,2,26458.671214,1.9000000000014552,POS.RelHomeAlt,11.487979888916016,11.482250213623047,10.0,0.009779930114888202,3.695401906967163,ARSP.Airspeed,-0.279013454914093,-0.279013454914093,108.91893677293568,ArduPilot_AOA.AOA,10.554055213928223,10.554055213928223,11.098719719535795,ArduPilot_AOA.SSA,ArduPilot_AOA,ground_relative_approx,0.009916565793413058,0.004580739885568619,0.008795174770057201,0.024284955114126205,-0.29,-0.27,273.93,-0.29,-0.27,0.0,0.0,0.0,1502.0,1501.0,1000.0,1500.0,0.004,0.002,0.0,0.0,-0.02000000000029104,0.02000000000029104,0.0,0.0,1493.0,1505.0,1579.0,1498.0,0.0,26.0,0.0,0.012219631113111973,-0.006780788768082857,0.020811356604099274,0.14170308411121368,0.022468339651823044,-9.804171562194824,32.9473597,-118.531892,13.962774276733398,7.147830486297607,-7.943565845489502,,,,-0.008346006276092584,0.005049585807121948,0.024350424728249612,-0.008346006276092584,0.005049585807121948,0.024350424728249612,2,4,346327200,2436,28,0.52,32.9473592,-118.5318881,260.94,0.05617286637425423,27.390701293945312,-0.002596731996163726,0.0,1,32.9473597,-118.531892,271.1999816894531,11.487979888916016,7.987980365753174,-0.29,-0.29,-0.27,-0.27,0.0,273.93,0.02,0.06,3,0,0.012219631113111973,-0.006780788768082857,0.020811356604099274,0.14170308411121368,0.022468339651823044,-9.804171562194824,0,0,45.0,1,1,3276,3276,-0.25,0.9,281.64,271.239990234375,32.9473591,-118.5318897,0.775201141834259,0.0032648618798702955,0.007523947395384312,-0.6316611766815186,2,0.12,0.52,275.2,0.004580739885568619,0.008795174770057201,0.024284955114126205,-0.020399421453475952,13.962774276733398,7.147830486297607,-7.943565845489502,0.28,-0.11,0.01,259.57,2,0.18,-0.05,0.03,-1.08,3.92,239,48,385,14,-12,-21,0.0,0.0,-0.005415600724518299,-0.29,-0.29,-0.27,-0.27,0.0,26.0,0.0,3.4321417808532715,1,4.532086372375488,1.0346100330352783,0,147.86856079101562,-79.28,-74.02,0.36,4.174069404602051,0.00544491782784462,17.77260971069336,32.9471741,-118.5303247,259.72,12.52,23.0,,,,,,,,,,,,,,,0,3.695401906967163,9.24948501586914,25.32,9.24948501586914,-2.490830183029175,1,1,1.0,0.2619327902793884,0,-0.279013454914093,10.554055213928223,-0.22598634660243988,0.9001811146736145,281.67333984375,1502,1501,1000,1500,1000,1000,1000,2000,1000,1500,0,0,0,0,1493,1505,1579,1498,1539,1428,1584,1464,0,1503,0,0,0,1500,0,11.339130401611328,98549.765625,46.43,-0.5584245324134827,27918876,0.0,26.30678939819336,1,0,0.28,4,25,-1,,,
auto,00000003.BIN,C:\Users\Siya Bhadu\OneDrive\Desktop\ardupilot_parse\data\auto\00000003.BIN,00000003__descent_002,2,26458.721214,1.9500000000007276,POS.RelHomeAlt,11.489056587219238,11.481938362121582,10.0,0.0038576126099201247,3.695401906967163,ARSP.Airspeed,-0.279013454914093,-0.279013454914093,104.22521354840832,ArduPilot_AOA.AOA,10.554055213928223,10.554055213928223,-3.3963861577073082,ArduPilot_AOA.SSA,ArduPilot_AOA,ground_relative_approx,0.005741806988644676,-0.0016379267908632755,0.005503230262547731,0.021697109565138817,-0.21,-0.26,274.0,-0.21,-0.26,0.0,0.0,0.0,1501.0,1502.0,1000.0,1500.0,0.002,0.004,0.0,0.0,0.0,0.0,0.0,0.0,1494.0,1505.0,1579.0,1498.0,0.0,26.0,0.0,0.017343392595648766,-0.004401837475597858,0.016524890437722206,0.17892718315124512,-0.06425627321004868,-9.932085990905762,32.9473596,-118.531892,13.961299896240234,7.15023946762085,-7.943806171417236,,,,-0.005505564945390987,-0.0013296588202037643,0.02171758902434668,-0.005505564945390987,-0.0013296588202037643,0.02171758902434668,2,4,346327200,2436,28,0.52,32.9473592,-118.5318881,260.94,0.05617286637425423,27.390701293945312,-0.002596731996163726,0.0,1,32.9473596,-118.531892,271.1999816894531,11.489056587219238,7.9890570640563965,-0.21,-0.21,-0.26,-0.26,0.0,274.0,0.02,0.05,3,0,0.017343392595648766,-0.004401837475597858,0.016524890437722206,0.17892718315124512,-0.06425627321004868,-9.932085990905762,0,0,45.0,1,1,3276,3276,-0.14,0.91,281.71,271.04998779296875,32.9473592,-118.5318881,0.7755682468414307,0.004029978532344103,0.0070121330209076405,-0.6312118768692017,2,0.2,0.53,275.28,-0.0016379267908632755,0.005503230262547731,0.021697109565138817,-0.01157382596284151,13.961299896240234,7.15023946762085,-7.943806171417236,0.28,-0.11,0.01,259.57,2,0.18,-0.05,0.03,-1.08,3.92,239,48,385,14,-12,-21,0.0,0.0,-0.005415600724518299,-0.21,-0.21,-0.26,-0.26,0.0,26.0,0.0,3.5131919384002686,1,4.5020952224731445,1.0346100330352783,0,147.86085510253906,-79.28,-74.02,0.36,4.174069404602051,0.00544491782784462,17.667858123779297,32.9471741,-118.5303247,259.72,12.52,23.0,,,,,,,,,,,,,,,0,3.695401906967163,9.24948501586914,25.32,9.24948501586914,-2.490830183029175,1,1,1.0,0.2619327902793884,0,-0.279013454914093,10.554055213928223,-0.22598634660243988,0.9001811146736145,281.67333984375,1501,1502,1000,1500,1000,1000,1000,2000,1000,1500,0,0,0,0,1494,1505,1579,1498,1540,1427,1584,1465,0,1503,0,0,0,1500,0,11.339130401611328,98549.765625,46.43,-0.5584245324134827,27918876,0.0,26.30678939819336,1,0,0.29,4,25,-1,,,
auto,00000003.BIN,C:\Users\Siya Bhadu\OneDrive\Desktop\ardupilot_parse\data\auto\00000003.BIN,00000003__descent_002,2,26458.771214,2.0,POS.RelHomeAlt,11.639542579650879,11.48186445236206,10.0,8.259077071362455,3.829498529434204,ARSP.Airspeed,-0.2971266210079193,-0.2971266210079193,98.65006655714453,ArduPilot_AOA.AOA,10.25499153137207,10.25499153137207,-5.391014502000007,ArduPilot_AOA.SSA,ArduPilot_AOA,ground_relative_approx,0.004636134843608148,-0.0026318279560655355,0.003816703800112009,0.025519732385873795,-0.19,-0.25,274.1,-0.19,-0.25,0.0,0.0,0.0,1502.0,1501.0,1000.0,1500.0,0.004,0.002,0.0,0.0,0.020000000001018634,-0.020000000001018637,0.0,0.0,1493.0,1505.0,1579.0,1498.0,0.0,26.0,0.0,0.010420587845146656,-0.00045731267891824245,0.0035984599962830544,0.18391689658164978,-0.0084225470200181,-9.719550132751465,32.9473596,-118.531892,13.960245132446289,7.151130676269531,-9.313807487487793,,,,-0.0038837164835975207,-0.0024368785191534693,0.025528980721772943,-0.0038837164835975207,-0.0024368785191534693,0.025528980721772943,2,4,346327200,2436,28,0.52,32.9473592,-118.5318881,260.94,0.05617286637425423,27.390701293945312,-0.002596731996163726,0.0,1,32.9473596,-118.531892,271.1999816894531,11.639542579650879,9.359542846679688,-0.19,-0.19,-0.25,-0.25,0.0,274.1,0.02,0.05,3,0,0.010420587845146656,-0.00045731267891824245,0.0035984599962830544,0.18391689658164978,-0.0084225470200181,-9.719550132751465,0,0,45.0,1,1,3276,3276,-0.11,0.92,281.72,271.04998779296875,32.9473592,-118.5318881,0.7755883932113647,0.004308540374040604,0.006909834686666727,-0.6311864256858826,2,0.22,0.54,275.37,-0.0026318279560655355,0.003816703800112009,0.025519732385873795,-0.004189539700746536,13.960245132446289,7.151130676269531,-9.313807487487793,0.28,-0.11,0.01,260.94,1,0.18,-0.01,0.02,-0.93,3.95,239,48,385,11,-10,-22,0.0,0.0,-0.04983825981616974,-0.19,-0.19,-0.25,-0.25,0.0,26.0,0.0,3.5131919384002686,1,4.5020952224731445,1.0346100330352783,0,147.85931396484375,-79.28,-74.02,0.36,4.174069404602051,0.00544491782784462,17.586809158325195,32.9471741,-118.5303247,259.72,12.52,23.0,,,,,,,,,,,,,,,0,3.829498529434204,9.932944297790527,25.32,9.932944297790527,-2.490830183029175,1,1,1.0,0.2619327902793884,0,-0.2971266210079193,10.25499153137207,-0.11686757206916809,0.9257890582084656,281.72064208984375,1502,1501,1000,1500,1000,1000,1000,2000,1000,1500,0,0,0,0,1493,1505,1579,1498,1540,1427,1584,1464,0,1503,0,0,0,1500,0,11.514874458312988,98547.765625,46.43,-0.38946110010147095,27918976,0.0,26.30678939819336,1,0,0.29,4,25,-1,,,
auto,00000003.BIN,C:\Users\Siya Bhadu\OneDrive\Desktop\ardupilot_parse\data\auto\00000003.BIN,00000003__descent_002,2,26458.821214000003,2.0500000000029104,POS.RelHomeAlt,9.830245018005371,10.656030654907227,5.0,24.06249046328064,3.829498529434204,ARSP.Airspeed,-0.2971266210079193,-0.2971266210079193,98.43960785449218,ArduPilot_AOA.AOA,10.25499153137207,10.25499153137207,-2.2405648587021214,ArduPilot_AOA.SSA,ArduPilot_AOA,ground_relative_approx,0.0038866590488393087,-0.001174055621959269,0.003705092705786228,0.024719052016735077,-0.19,-0.26,274.25,-0.19,-0.26,0.0,0.0,0.0,1502.0,1501.0,1000.0,1500.0,0.004,0.002,0.0,0.0,0.0,0.0,0.0,0.0,1494.0,1505.0,1579.0,1498.0,0.0,26.0,0.0,0.0018217125907540321,-0.00570232979953289,-0.00391017273068428,0.1801755428314209,0.024587754160165787,-9.813121795654297,32.9473596,-118.5318919,13.959328651428223,7.155706405639648,-7.509747505187988,,,,-0.0036697018225490636,-0.000978270828728404,0.02473285114755713,-0.0036697018225490636,-0.000978270828728404,0.02473285114755713,2,4,346327400,2436,28,0.52,32.9473592,-118.5318896,261.08,0.020944666117429733,42.62379837036133,-0.06622189283370972,0.0,1,32.9473596,-118.5318919,270.7699890136719,9.830245018005371,7.55024528503418,-0.19,-0.19,-0.26,-0.26,0.0,274.25,0.02,0.04,3,0,0.0018217125907540321,-0.00570232979953289,-0.00391017273068428,0.1801755428314209,0.024587754160165787,-9.813121795654297,0,0,45.0,1,1,3276,3276,-0.1,0.92,281.71,272.4499816894531,32.9473593,-118.5318881,0.7755723595619202,0.004378744401037693,0.006840520538389683,-0.6312063932418823,2,0.22,0.53,275.52,-0.001174055621959269,0.003705092705786228,0.024719052016735077,9.525252342224121,13.959328651428223,7.155706405639648,-7.509747505187988,0.28,-0.11,0.01,260.94,2,0.18,-0.05,0.03,-1.08,3.92,239,48,385,14,-12,-21,0.0,0.0,-0.005415600724518299,-0.19,-0.19,-0.26,-0.26,0.0,26.0,0.0,3.6109941005706787,1,4.5020952224731445,1.0322507619857788,0,147.85931396484375,-79.28,-74.02,0.36,4.174069404602051,0.00544491782784462,17.586809158325195,32.9471741,-118.5303247,259.72,12.52,23.0,,,,,,,,,,,,,,,0,3.829498529434204,9.932944297790527,25.32,9.932944297790527,-2.490830183029175,1,1,1.0,0.2619327902793884,0,-0.2971266210079193,10.25499153137207,-0.11686757206916809,0.9257890582084656,281.72064208984375,1502,1501,1000,1500,1000,1000,1000,2000,1000,1500,0,0,0,0,1494,1505,1579,1498,1540,1427,1584,1465,0,1503,0,0,0,1500,0,11.514874458312988,98547.765625,46.43,-0.38946110010147095,27918976,0.0,26.30678939819336,1,0,0.29,4,25,-1,,,
auto,00000003.BIN,C:\Users\Siya Bhadu\OneDrive\Desktop\ardupilot_parse\data\auto\00000003.BIN,00000003__descent_002,2,26458.871214000003,2.100000000002183,POS.RelHomeAlt,8.320985794067383,9.075615406036377,5.0,35.28290748647535,3.6342155933380127,ARSP.Airspeed,-0.2975374460220337,-0.2975374460220337,104.38076773114233,ArduPilot_AOA.AOA,10.028803825378418,10.028803825378418,-4.619065626544156,ArduPilot_AOA.SSA,ArduPilot_AOA,ground_relative_approx,0.004149044827523115,-0.0015103740151971579,0.003864368423819542,0.015196207910776138,-0.22,-0.26,274.39,-0.22,-0.26,0.0,0.0,0.0,1502.0,1501.0,1000.0,1500.0,0.004,0.002,0.0,0.0,0.0,0.0,0.0,0.0,1494.0,1505.0,1579.0,1498.0,0.0,26.0,0.0,-0.015657544136047363,-0.0064142728224396706,-0.0147244306281209,0.14813758432865143,-0.019887087866663933,-9.832200050354004,32.9473596,-118.5318919,13.958470344543457,7.159735679626465,-6.0047607421875,,,,-0.0038996436207387923,-0.0012685533904324131,0.015209301751730263,-0.0038996436207387923,-0.0012685533904324131,0.015209301751730263,2,4,346327400,2436,28,0.52,32.9473592,-118.5318896,261.08,0.020944666117429733,42.62379837036133,-0.06622189283370972,0.0,1,32.9473596,-118.5318919,269.2599792480469,8.320985794067383,6.040986061096191,-0.22,-0.22,-0.26,-0.26,0.0,274.39,0.02,0.04,3,0,-0.015657544136047363,-0.0064142728224396706,-0.0147244306281209,0.14813758432865143,-0.019887087866663933,-9.832200050354004,0,0,45.0,1,1,3276,3276,-0.12,0.92,281.7,272.4499816894531,32.9473593,-118.5318881,0.7755191326141357,0.0042844004929065704,0.006948978640139103,-0.6312713027000427,2,0.2,0.53,275.66,-0.0015103740151971579,0.003864368423819542,0.015196207910776138,27.336627960205078,13.958470344543457,7.159735679626465,-6.0047607421875,0.28,-0.11,0.01,260.94,1,0.18,-0.01,0.02,-0.93,3.95,239,48,385,11,-10,-22,0.0,0.0,-0.04983825981616974,-0.22,-0.22,-0.26,-0.26,0.0,26.0,0.0,3.6109941005706787,1,4.5020952224731445,1.0322507619857788,0,147.85931396484375,-79.28,-74.02,0.36,4.174069404602051,0.00544491782784462,17.586809158325195,32.9471741,-118.5303247,259.72,12.52,23.0,,,,,,,,,,,,,,,0,3.6342155933380127,8.945725440979004,25.32,8.945725440979004,-2.490830183029175,1,1,1.0,0.33152395486831665,0,-0.2975374460220337,10.028803825378418,-0.1387891322374344,0.9273226857185364,281.6995544433594,1502,1501,1000,1500,1000,1000,1000,2000,1000,1500,0,0,0,0,1494,1505,1579,1498,1540,1427,1584,1465,0,1503,0,0,0,1500,0,0.10551745444536209,98546.28125,46.44,-4.0500030517578125,27919076,0.0,25.329750061035156,1,0,0.29,4,25,-1,,,
auto,00000003.BIN,C:\Users\Siya Bhadu\OneDrive\Desktop\ardupilot_parse\data\auto\00000003.BIN,00000003__descent_002,2,26458.921214,2.150000000001455,POS.RelHomeAlt,5.9344940185546875,7.127739906311035,5.0,35.98081827216055,3.6342155933380127,ARSP.Airspeed,-0.2975374460220337,-0.2975374460220337,-125.07284833586817,ArduPilot_AOA.AOA,10.028803825378418,10.028803825378418,-9.12860993705456,ArduPilot_AOA.SSA,ArduPilot_AOA,ground_relative_approx,0.01920215228388244,-0.006838980596512556,0.017942992970347404,-0.026508579030632973,-0.31,-0.27,274.73,-0.31,-0.27,0.0,0.0,0.0,1502.0,1501.0,1000.0,1500.0,0.004,0.002,0.0,0.0,-0.02000000000029104,0.02000000000029104,0.0,0.0,1494.0,1505.0,1579.0,1498.0,0.0,26.0,0.0,-0.023405589163303375,-0.006821315735578537,-0.017663609236478806,0.1279575228691101,0.057055648416280746,-9.8005952835083,32.9473596,-118.5318918,13.949538230895996,7.180868148803711,-3.6563923358917236,,,,-0.01857054346636994,-0.005193073456937686,-0.02644984533019503,-0.01857054346636994,-0.005193073456937686,-0.02644984533019503,2,4,346327400,2436,28,0.52,32.9473592,-118.5318896,261.08,0.020944666117429733,42.62379837036133,-0.06622189283370972,0.0,1,32.9473596,-118.5318918,266.8699951171875,5.9344940185546875,3.654494047164917,-0.31,-0.31,-0.27,-0.27,0.0,274.73,0.02,0.04,3,0,-0.023405589163303375,-0.006821315735578537,-0.017663609236478806,0.1279575228691101,0.057055648416280746,-9.8005952835083,0,0,45.0,1,1,3276,3276,-0.2,0.92,281.65,261.0400085449219,32.9473592,-118.5318896,0.7752505540847778,0.0037055395077914,0.007413868326693773,-0.631599485874176,1,-0.17,-0.2,274.8,-0.006838980596512556,0.017942992970347404,-0.026508579030632973,37.81773376464844,13.949538230895996,7.180868148803711,-3.6563923358917236,-0.05,-0.03,-0.02,260.94,2,0.18,-0.05,0.04,-1.08,3.92,239,48,385,14,-12,-21,0.0,0.0,-0.005415600724518299,-0.31,-0.31,-0.27,-0.27,0.0,26.0,0.0,3.617976188659668,1,4.445613384246826,1.0322507619857788,0,147.8500518798828,-79.28,-74.02,2.98,4.174069404602051,0.00544491782784462,17.5372314453125,32.9471741,-118.5303247,259.72,12.52,23.0,,,,,,,,,,,,,,,0,3.6342155933380127,8.945725440979004,25.32,8.945725440979004,-2.490830183029175,1,1,1.0,0.33152395486831665,0,-0.2975374460220337,10.028803825378418,-0.1387891322374344,0.9273226857185364,281.6995544433594,1502,1501,1000,1500,1000,1000,1000,2000,1000,1500,0,0,0,0,1494,1505,1579,1498,1540,1427,1584,1465,0,1503,0,0,0,1500,0,0.10551745444536209,98546.28125,46.44,-4.0500030517578125,27919076,0.0,25.329750061035156,1,0,0.29,4,25,-1,,,
auto,00000003.BIN,C:\Users\Siya Bhadu\OneDrive\Desktop\ardupilot_parse\data\auto\00000003.BIN,00000003__descent_002,2,26458.971214,2.2000000000007276,POS.RelHomeAlt,5.020573139190674,5.477533578872681,5.0,24.989469051724726,3.710540771484375,ARSP.Airspeed,-0.6354001760482788,-0.6354001760482788,-118.70536641794851,ArduPilot_AOA.AOA,9.525653839111328,9.525653839111328,-8.486752620475626,ArduPilot_AOA.SSA,ArduPilot_AOA,ground_relative_approx,0.022234052222130745,-0.008638166822493076,0.020487438887357712,-0.03900260478258133,-0.34,-0.26,274.9,-0.34,-0.26,0.0,0.0,0.0,1501.0,1502.0,1000.0,1500.0,0.002,0.004,0.0,0.0,0.0,0.02000000000029104,0.0,0.0,1494.0,1505.0,1579.0,1498.0,0.0,26.0,0.0,-0.017862435430288315,-0.0012692436575889587,-0.02210165001451969,0.09595344215631485,0.04630781337618828,-9.874733924865723,32.9473596,-118.5318918,13.94835090637207,7.183999061584473,-2.7418034076690674,,,,-0.021327178831103574,-0.006625629327280282,-0.038946228792609484,-0.021327178831103574,-0.006625629327280282,-0.038946228792609484,2,4,346327400,2436,28,0.52,32.9473592,-118.5318896,261.08,0.020944666117429733,42.62379837036133,-0.06622189283370972,0.0,1,32.9473596,-118.5318918,265.9599914550781,5.020573139190674,2.7405731678009033,-0.34,-0.34,-0.26,-0.26,0.0,274.9,0.02,0.04,3,0,-0.017862435430288315,-0.0012692436575889587,-0.02210165001451969,0.09595344215631485,0.04630781337618828,-9.874733924865723,0,0,45.0,1,1,3276,3276,-0.24,0.93,281.62,261.0400085449219,32.9473592,-118.5318896,0.7750612497329712,0.0035363610368222,0.007673121057450771,-0.6318296790122986,1,-0.19,-0.19,274.98,-0.008638166822493076,0.020487438887357712,-0.03900260478258133,35.30486297607422,13.94835090637207,7.183999061584473,-2.7418034076690674,-0.05,-0.03,-0.02,260.94,2,0.18,-0.05,0.04,-1.08,3.92,239,48,385,14,-12,-21,0.0,0.0,-0.005415600724518299,-0.34,-0.34,-0.26,-0.26,0.0,26.0,0.0,3.617976188659668,1,4.445613384246826,1.0322507619857788,0,147.84080505371094,-79.28,-74.02,5.6,4.174069404602051,0.00544491782784462,17.530250549316406,32.9471741,-118.5303247,259.72,12.52,23.0,,,,,,,,,,,,,,,0,3.710540771484375,9.325425148010254,25.32,9.325425148010254,-2.490830183029175,1,1,1.0,0.33152395486831665,0,-0.6354001760482788,9.525653839111328,-0.24149997532367706,0.9375749826431274,281.62432861328125,1501,1502,1000,1500,1000,1000,1000,2000,1000,1500,0,0,0,0,1494,1505,1579,1498,1540,1427,1584,1465,0,1503,0,0,0,1500,0,-0.1955573707818985,98549.703125,46.43,-18.13336944580078,27919177,0.0,25.329750061035156,1,0,0.29,4,25,-1,,,
auto,00000003.BIN,C:\Users\Siya Bhadu\OneDrive\Desktop\ardupilot_parse\data\auto\00000003.BIN,00000003__descent_002,2,26459.021214,2.25,POS.RelHomeAlt,4.23701286315918,4.628793001174927,0.0,15.540312528375395,3.710540771484375,ARSP.Airspeed,-0.6354001760482788,-0.6354001760482788,-124.00617805816142,ArduPilot_AOA.AOA,9.525653839111328,9.525653839111328,-3.6776974015229187,ArduPilot_AOA.SSA,ArduPilot_AOA,ground_relative_approx,0.013289680939344059,-0.002811793237924576,0.012988819740712643,-0.019729360938072205,-0.35,-0.26,275.1,-0.35,-0.26,0.0,0.0,0.0,1502.0,1502.0,1000.0,1500.0,0.004,0.004,0.0,0.0,0.020000000001018634,0.0,0.0,0.0,1493.0,1505.0,1579.0,1498.0,0.0,26.0,0.0,-0.008087764494121075,-0.0025408491492271423,-0.019879542291164398,0.08078894019126892,0.10317310690879822,-9.773738861083984,32.9473595,-118.5318918,13.954449653625488,7.172135829925537,-1.9307758808135986,,,,-0.013276743150887307,-0.001525846558207266,-0.019679003686174465,-0.013276743150887307,-0.001525846558207266,-0.019679003686174465,2,4,346327600,2436,28,0.52,32.9473592,-118.5318885,260.98,0.03145398944616318,273.0722351074219,-0.013031275942921638,0.0,1,32.9473595,-118.5318918,265.16998291015625,4.23701286315918,1.9570128917694092,-0.35,-0.35,-0.26,-0.26,0.0,275.1,0.02,0.04,3,0,-0.008087764494121075,-0.0025408491492271423,-0.019879542291164398,0.08078894019126892,0.10317310690879822,-9.773738861083984,0,0,45.0,1,1,3276,3276,-0.25,0.93,281.58,260.739990234375,32.9473592,-118.5318896,0.7748548984527588,0.003457715269178152,0.007713930681347847,-0.6320826411247253,2,0.08,0.53,276.37,-0.002811793237924576,0.012988819740712643,-0.019729360938072205,30.93170738220215,13.954449653625488,7.172135829925537,-1.9307758808135986,0.28,-0.11,0.01,260.94,1,0.18,-0.01,0.03,-0.93,3.95,239,48,385,11,-10,-22,0.0,0.0,-0.04983825981616974,-0.35,-0.35,-0.26,-0.26,0.0,26.0,0.0,3.6459925174713135,1,4.445613384246826,1.0322507619857788,0,147.84080505371094,-79.28,-74.02,5.6,4.174069404602051,0.00544491782784462,17.530250549316406,32.9471741,-118.5303247,259.72,12.52,23.0,,,,,,,,,,,,,,,0,3.710540771484375,9.325425148010254,25.32,9.325425148010254,-2.490830183029175,1,1,1.0,0.33152395486831665,0,-0.6354001760482788,9.525653839111328,-0.24149997532367706,0.9375749826431274,281.62432861328125,1502,1502,1000,1500,1000,1000,1000,2000,1000,1500,0,0,0,0,1493,1505,1579,1498,1539,1428,1584,1464,0,1503,0,0,0,1500,0,-0.1955573707818985,98549.703125,46.43,-18.13336944580078,27919177,0.0,25.329750061035156,1,0,0.28,4,25,-1,,,
auto,00000003.BIN,C:\Users\Siya Bhadu\OneDrive\Desktop\ardupilot_parse\data\auto\00000003.BIN,00000003__descent_002,2,26459.071214000003,2.3000000000029104,POS.RelHomeAlt,3.6099917888641357,3.9235023260116577,0.0,15.159249305470848,3.902005672454834,ARSP.Airspeed,-1.212894082069397,-1.212894082069397,-111.19626449282585,ArduPilot_AOA.AOA,8.918977737426758,8.918977737426758,-2.488456761403904,ArduPilot_AOA.SSA,ArduPilot_AOA,ground_relative_approx,0.02548723044917304,-0.005774389486759901,0.024824490770697594,-0.06601948291063309,-0.33,-0.27,275.31,-0.33,-0.27,0.0,0.0,0.0,1502.0,1502.0,1000.0,1500.0,0.004,0.004,0.0,0.0,0.0,0.0,0.0,0.0,1494.0,1505.0,1579.0,1498.0,0.0,26.0,0.0,0.006314729806035757,-0.009731953032314777,-0.009884539060294628,0.12496687471866608,0.22499549388885498,-9.867694854736328,32.9473595,-118.5318917,13.946395874023438,7.1893134117126465,-1.3301098346710205,,,,-0.025563173192145076,-0.0030726316377282796,-0.06591854178396131,-0.025563173192145076,-0.0030726316377282796,-0.06591854178396131,2,4,346327600,2436,28,0.52,32.9473592,-118.5318885,260.98,0.03145398944616318,273.0722351074219,-0.013031275942921638,0.0,1,32.9473595,-118.5318917,264.54998779296875,3.6099917888641357,1.3299918174743652,-0.33,-0.33,-0.27,-0.27,0.0,275.31,0.02,0.04,3,0,0.006314729806035757,-0.009731953032314777,-0.009884539060294628,0.12496687471866608,0.22499549388885498,-9.867694854736328,0,0,45.0,1,1,3276,3276,-0.23,0.92,281.55,260.739990234375,32.9473592,-118.5318896,0.7746885418891907,0.0034738837275654078,0.007566848304122686,-0.6322881579399109,1,-0.19,-0.2,275.38,-0.005774389486759901,0.024824490770697594,-0.06601948291063309,26.080886840820312,13.946395874023438,7.1893134117126465,-1.3301098346710205,-0.05,-0.03,-0.02,260.94,0,0.18,0.0,-0.01,-1.0,3.93,239,48,385,10,-9,-23,0.0,0.0,-0.044091660529375076,-0.33,-0.33,-0.27,-0.27,0.0,26.0,0.0,3.6459925174713135,1,4.445613384246826,1.0322507619857788,0,147.84080505371094,-79.28,-74.02,5.6,4.174069404602051,0.00544491782784462,17.530250549316406,32.9471741,-118.5303247,259.72,12.52,23.0,,,,,,,,,,,,,,,0,3.902005672454834,10.312644004821777,25.32,10.312644004821777,-2.490830183029175,1,1,1.0,0.33152395486831665,0,-1.212894082069397,8.918977737426758,-0.22648903727531433,0.9209390878677368,281.5521545410156,1502,1502,1000,1500,1000,1000,1000,2000,1000,1500,0,0,0,0,1494,1505,1579,1498,1539,1428,1584,1465,0,1503,0,0,0,1500,0,-0.05323109030723572,98548.078125,46.43,-35.86222457885742,27919277,0.0,25.329750061035156,1,0,0.28,4,25,-1,,,
auto,00000003.BIN,C:\Users\Siya Bhadu\OneDrive\Desktop\ardupilot_parse\data\auto\00000003.BIN,00000003__descent_002,2,26459.121214000003,2.350000000002183,POS.RelHomeAlt,2.6157443523406982,3.112868070602417,0.0,15.037478208760692,3.902005672454834,ARSP.Airspeed,-1.212894082069397,-1.212894082069397,-103.80264063919442,ArduPilot_AOA.AOA,8.918977737426758,8.918977737426758,7.60938712054337,ArduPilot_AOA.SSA,ArduPilot_AOA,ground_relative_approx,0.01643872293892771,0.0064171780832111835,0.015134445391595364,-0.059759266674518585,-0.26,-0.25,275.89,-0.26,-0.25,0.0,0.0,0.0,1502.0,1502.0,1000.0,1500.0,0.004,0.004,0.0,0.0,0.0,-0.02000000000029104,0.0,0.0,1494.0,1505.0,1579.0,1498.0,0.0,26.0,0.0,0.013827154412865639,-0.003365699201822281,0.0032931987661868334,0.1468694657087326,0.2441682517528534,-9.873446464538574,32.9473595,-118.5318917,13.952086448669434,7.179121971130371,-0.312773734331131,,,,-0.014656633954700833,0.008207189376264289,-0.059659254847836476,-0.014656633954700833,0.008207189376264289,-0.059659254847836476,2,4,346327600,2436,28,0.52,32.9473592,-118.5318885,260.98,0.03145398944616318,273.0722351074219,-0.013031275942921638,0.0,1,32.9473595,-118.5318917,263.54998779296875,2.6157443523406982,0.3357444107532501,-0.26,-0.26,-0.25,-0.25,0.0,275.89,0.02,0.04,3,0,0.013827154412865639,-0.003365699201822281,0.0032931987661868334,0.1468694657087326,0.2441682517528534,-9.873446464538574,0,0,45.0,1,1,3276,3276,-0.16,0.93,281.55,260.8800048828125,32.9473592,-118.5318885,0.7747013568878174,0.00405233446508646,0.007219503168016672,-0.6322731375694275,2,0.18,0.53,277.15,0.0064171780832111835,0.015134445391595364,-0.059759266674518585,16.600540161132812,13.952086448669434,7.179121971130371,-0.312773734331131,0.28,-0.11,0.01,260.94,2,0.18,-0.05,0.04,-1.08,3.92,239,48,385,14,-12,-21,0.0,0.0,-0.005415600724518299,-0.26,-0.26,-0.25,-0.25,0.0,26.0,0.0,3.724644660949707,1,4.431959629058838,1.0322507619857788,0,147.8300018310547,-79.28,-74.02,7.29,4.174069404602051,0.00544491782784462,17.502233505249023,32.9471741,-118.5303247,259.72,12.52,23.0,,,,,,,,,,,,,,,0,3.902005672454834,10.312644004821777,25.32,10.312644004821777,-2.490830183029175,1,1,1.0,0.33152395486831665,0,-1.212894082069397,8.918977737426758,-0.22648903727531433,0.9209390878677368,281.5521545410156,1502,1502,1000,1500,1000,1000,1000,2000,1000,1500,0,0,0,0,1494,1505,1579,1498,1540,1427,1584,1465,0,1503,0,0,0,1500,0,-0.05323109030723572,98548.078125,46.43,-35.86222457885742,27919277,0.0,25.329750061035156,1,0,0.28,4,25,-1,,,
auto,00000003.BIN,C:\Users\Siya Bhadu\OneDrive\Desktop\ardupilot_parse\data\auto\00000003.BIN,00000003__descent_002,2,26459.171214,2.400000000001455,POS.RelHomeAlt,2.223764657974243,2.4197545051574707,0.0,10.565826893006538,4.439637184143066,ARSP.Airspeed,-1.4729933738708496,-1.4729933738708496,-102.62461562243169,ArduPilot_AOA.AOA,8.535245895385742,8.535245895385742,4.853785901967567,ArduPilot_AOA.SSA,ArduPilot_AOA,ground_relative_approx,0.016306968033285966,0.004076074343174696,0.015789326280355453,-0.06944693624973297,-0.23,-0.23,276.2,-0.23,-0.23,0.0,0.0,0.0,1502.0,1501.0,1000.0,1500.0,0.004,0.002,0.0,0.0,-0.02000000000029104,0.0,0.0,0.0,1494.0,1505.0,1579.0,1498.0,0.0,26.0,0.0,0.015579684637486935,0.002684815088286996,0.015768349170684814,0.11853274703025818,0.03416008502244949,-9.809958457946777,32.9473595,-118.5318917,13.951440811157227,7.181045055389404,0.07884810119867325,,,,-0.015535414734336131,0.00603595293859208,-0.06936146136053047,-0.015535414734336131,0.00603595293859208,-0.06936146136053047,2,4,346327600,2436,28,0.52,32.9473592,-118.5318885,260.98,0.03145398944616318,273.0722351074219,-0.013031275942921638,0.0,1,32.9473595,-118.5318917,263.1600036621094,2.223764657974243,-0.05623529106378555,-0.23,-0.23,-0.23,-0.23,0.0,276.2,0.02,0.04,3,0,0.015579684637486935,0.002684815088286996,0.015768349170684814,0.11853274703025818,0.03416008502244949,-9.809958457946777,0,0,45.0,1,1,3276,3276,-0.12,0.94,281.57,260.8800048828125,32.9473592,-118.5318885,0.7747993469238281,0.004337926395237446,0.007063169963657856,-0.6321528553962708,2,0.21,0.54,277.47,0.004076074343174696,0.015789326280355453,-0.06944693624973297,12.963237762451172,13.951440811157227,7.181045055389404,0.07884810119867325,0.28,-0.11,0.01,260.94,2,0.18,-0.05,0.04,-1.08,3.92,239,48,385,14,-12,-21,0.0,0.0,-0.005415600724518299,-0.23,-0.23,-0.23,-0.23,0.0,26.0,0.0,3.724644660949707,1,4.431959629058838,1.0322507619857788,0,147.8300018310547,-79.28,-74.02,8.4,4.174069404602051,0.00544491782784462,17.423580169677734,32.9471741,-118.5303247,259.72,12.52,23.0,,,,,,,,,,,,,,,0,4.439637184143066,13.350241661071777,25.32,13.350241661071777,-2.490830183029175,1,1,1.0,0.33152395486831665,0,-1.4729933738708496,8.535245895385742,-0.12652257084846497,0.9413861632347107,281.57757568359375,1502,1501,1000,1500,1000,1000,1000,2000,1000,1500,0,0,0,0,1494,1505,1579,1498,1539,1428,1584,1465,0,1503,0,0,0,1500,0,-0.014912476763129234,98547.65625,46.43,-36.018802642822266,27919377,0.0,25.329750061035156,1,0,0.28,4,25,-1,,,
auto,00000003.BIN,C:\Users\Siya Bhadu\OneDrive\Desktop\ardupilot_parse\data\auto\00000003.BIN,00000003__descent_002,2,26459.221214,2.4500000000007276,POS.RelHomeAlt,1.8888061046600342,2.0562853813171387,0.0,6.7523640395193425,4.439637184143066,ARSP.Airspeed,-1.4729933738708496,-1.4729933738708496,-101.88623524253688,ArduPilot_AOA.AOA,8.535245895385742,8.535245895385742,5.3966451781096385,ArduPilot_AOA.SSA,ArduPilot_AOA,ground_relative_approx,0.017363747892450293,0.005267332773655653,0.01654554158449173,-0.07681424915790558,-0.22,-0.23,276.52,-0.22,-0.23,0.0,0.0,0.0,1501.0,1502.0,1000.0,1500.0,0.002,0.004,0.0,0.0,0.0,0.02000000000029104,0.0,0.0,1494.0,1505.0,1579.0,1498.0,0.0,26.0,0.0,0.0062742214649915695,-0.002903320360928774,0.019964905455708504,0.12852509319782257,0.0481448732316494,-9.793471336364746,32.9473595,-118.5318916,13.951027870178223,7.184622764587402,0.41327425837516785,,,,-0.01614864756446918,0.007406657720373716,-0.07672216901142175,-0.01614864756446918,0.007406657720373716,-0.07672216901142175,2,4,346327800,2436,28,0.52,32.9473593,-118.5318875,260.91,0.04401272162795067,350.5349426269531,-0.021966632455587387,0.0,1,32.9473595,-118.5318916,262.82000732421875,1.8888061046600342,-0.39119383692741394,-0.22,-0.22,-0.23,-0.23,0.0,276.52,0.02,0.05,3,0,0.0062742214649915695,-0.002903320360928774,0.019964905455708504,0.12852509319782257,0.0481448732316494,-9.793471336364746,0,0,45.0,1,1,3276,3276,-0.11,0.93,281.59,260.91998291015625,32.9473592,-118.5318885,0.7749218344688416,0.004392066039144993,0.0069481385871768,-0.6320036053657532,2,0.23,0.54,277.78,0.005267332773655653,0.01654554158449173,-0.07681424915790558,9.983796119689941,13.951027870178223,7.184622764587402,0.41327425837516785,0.28,-0.11,0.01,260.94,2,0.18,-0.05,0.04,-1.08,3.92,239,48,385,14,-12,-21,0.0,0.0,-0.005415600724518299,-0.22,-0.22,-0.23,-0.23,0.0,26.0,0.0,3.9527456760406494,1,4.431959629058838,1.0322507619857788,0,147.8300018310547,-79.28,-74.02,8.4,4.174069404602051,0.00544491782784462,17.423580169677734,32.9471741,-118.5303247,259.72,12.52,23.0,,,,,,,,,,,,,,,0,4.439637184143066,13.350241661071777,25.32,13.350241661071777,-2.490830183029175,1,1,1.0,0.33152395486831665,0,-1.4729933738708496,8.535245895385742,-0.12652257084846497,0.9413861632347107,281.57757568359375,1501,1502,1000,1500,1000,1000,1000,2000,1000,1500,0,0,0,0,1494,1505,1579,1498,1539,1428,1584,1465,0,1503,0,0,0,1500,0,-0.014912476763129234,98547.65625,46.43,-36.018802642822266,27919377,0.0,25.329750061035156,1,0,0.28,4,25,-1,,,
auto,00000003.BIN,C:\Users\Siya Bhadu\OneDrive\Desktop\ardupilot_parse\data\auto\00000003.BIN,00000003__descent_002,2,26459.271214,2.5,POS.RelHomeAlt,1.600230097770691,1.7445181012153625,0.0,6.82480990867502,4.637269496917725,ARSP.Airspeed,-1.8361711502075195,-1.8361711502075195,-100.35936520833334,ArduPilot_AOA.AOA,7.599409103393555,7.599409103393555,7.060242173558501,ArduPilot_AOA.SSA,ArduPilot_AOA,ground_relative_approx,0.01787451525399122,0.008243235759437084,0.015860244631767273,-0.08280515670776367,-0.24,-0.24,276.81,-0.24,-0.24,0.0,0.0,0.0,1502.0,1502.0,1000.0,1500.0,0.004,0.004,0.0,0.0,2.9103837395627608e-12,0.0,0.0,0.0,1494.0,1505.0,1579.0,1498.0,0.0,26.0,0.0,-0.011082139797508717,-0.01151158008724451,0.012361274100840092,0.1775943636894226,0.014812801033258438,-9.818655967712402,32.9473595,-118.5318916,13.950767517089844,7.187800884246826,0.7015234231948853,,,,-0.015117610295787896,0.01041224474422107,-0.08269966923327801,-0.015117610295787896,0.01041224474422107,-0.08269966923327801,2,4,346327800,2436,28,0.52,32.9473593,-118.5318875,260.91,0.04401272162795067,350.5349426269531,-0.021966632455587387,0.0,1,32.9473595,-118.5318916,262.5400085449219,1.600230097770691,-0.6797698736190796,-0.24,-0.24,-0.24,-0.24,0.0,276.81,0.02,0.05,3,0,-0.011082139797508717,-0.01151158008724451,0.012361274100840092,0.1775943636894226,0.014812801033258438,-9.818655967712402,0,0,45.0,1,1,3276,3276,-0.12,0.91,281.6,260.91998291015625,32.9473592,-118.5318886,0.7749556303024292,0.004177963361144066,0.006892738398164511,-0.6319642066955566,2,0.21,0.53,278.07,0.008243235759437084,0.015860244631767273,-0.08280515670776367,7.647623062133789,13.950767517089844,7.187800884246826,0.7015234231948853,0.28,-0.11,0.01,260.94,1,0.18,-0.01,0.03,-0.93,3.95,239,48,385,11,-10,-22,0.0,0.0,-0.04983825981616974,-0.24,-0.24,-0.24,-0.24,0.0,26.0,0.0,3.9527456760406494,1,4.431959629058838,1.0322507619857788,0,147.8300018310547,-79.28,-74.02,8.4,4.174069404602051,0.00544491782784462,17.423580169677734,32.9471741,-118.5303247,259.72,12.52,23.0,,,,,,,,,,,,,,,0,4.637269496917725,14.56528091430664,25.32,14.56528091430664,-2.490830183029175,1,1,1.0,0.33152395486831665,0,-1.8361711502075195,7.599409103393555,-0.14406129717826843,0.9032360315322876,281.6038513183594,1502,1502,1000,1500,1000,1000,1000,2000,1000,1500,0,0,0,0,1494,1505,1579,1498,1540,1427,1584,1465,0,1503,0,0,0,1500,0,0.03161726891994476,98547.125,46.43,-18.156702041625977,27919476,0.0,25.329750061035156,1,0,0.28,4,25,-1,,,
auto,00000003.BIN,C:\Users\Siya Bhadu\OneDrive\Desktop\ardupilot_parse\data\auto\00000003.BIN,00000003__descent_002,2,26459.321214000003,2.5500000000029104,POS.RelHomeAlt,1.14737868309021,1.3738043904304504,0.0,6.858547925758955,4.637269496917725,ARSP.Airspeed,-1.8361711502075195,-1.8361711502075195,-98.41987828467994,ArduPilot_AOA.AOA,7.599409103393555,7.599409103393555,3.25974799308742,ArduPilot_AOA.SSA,ArduPilot_AOA,ground_relative_approx,0.014184704065134507,0.0031597919296473265,0.013828287832438946,-0.09278655797243118,-0.28,-0.25,277.27,-0.28,-0.25,0.0,0.0,0.0,1501.0,1502.0,1000.0,1500.0,0.002,0.004,0.0,0.0,2.9103872090097127e-12,0.0,0.0,0.0,1494.0,1505.0,1579.0,1498.0,0.0,26.0,0.0,-0.013349530287086964,-0.008211885578930378,0.004315921571105719,0.1572980284690857,-0.08774106204509735,-9.91100788116455,32.9473594,-118.5318915,13.950408935546875,7.193050384521484,1.154552698135376,,,,-0.013721993041520587,0.0053373860561675805,-0.09270259104708274,-0.013721993041520587,0.0053373860561675805,-0.09270259104708274,2,4,346327800,2436,28,0.52,32.9473593,-118.5318875,260.91,0.04401272162795067,350.5349426269531,-0.021966632455587387,0.0,1,32.9473594,-118.5318915,262.0799865722656,1.14737868309021,-1.1326212882995605,-0.28,-0.28,-0.25,-0.25,0.0,277.27,0.02,0.06,3,0,-0.013349530287086964,-0.008211885578930378,0.004315921571105719,0.1572980284690857,-0.08774106204509735,-9.91100788116455,0,0,45.0,1,1,3276,3276,-0.16,0.9,281.55,260.9700012207031,32.9473593,-118.5318875,0.7746754288673401,0.003881080774590373,0.007029890548437834,-0.6323080658912659,2,0.17,0.52,278.53,0.0031597919296473265,0.013828287832438946,-0.09278655797243118,4.331988334655762,13.950408935546875,7.193050384521484,1.154552698135376,0.28,-0.11,0.01,260.94,0,0.18,0.0,-0.01,-1.0,3.93,239,48,385,10,-9,-23,0.0,0.0,-0.044091660529375076,-0.28,-0.28,-0.25,-0.25,0.0,26.0,0.0,4.169918537139893,1,4.388715744018555,1.0322507619857788,0,147.8207550048828,-79.28,-74.02,9.15,4.174069404602051,0.00544491782784462,17.195480346679688,32.9471741,-118.5303247,259.72,12.52,23.0,,,,,,,,,,,,,,,0,4.637269496917725,14.56528091430664,25.32,14.56528091430664,-2.490830183029175,1,1,1.0,0.33152395486831665,0,-1.8361711502075195,7.599409103393555,-0.14406129717826843,0.9032360315322876,281.6038513183594,1501,1502,1000,1500,1000,1000,1000,2000,1000,1500,0,0,0,0,1494,1505,1579,1498,1539,1428,1584,1465,0,1503,0,0,0,1500,0,0.03161726891994476,98547.125,46.43,-18.156702041625977,27919476,0.0,25.329750061035156,1,0,0.29,4,25,-1,,,
auto,00000003.BIN,C:\Users\Siya Bhadu\OneDrive\Desktop\ardupilot_parse\data\auto\00000003.BIN,00000003__descent_002,2,26459.371214000003,2.600000000002183,POS.RelHomeAlt,0.9699479341506958,1.0586633086204529,0.0,4.78748798377328,4.464819431304932,ARSP.Airspeed,-2.028620481491089,-2.028620481491089,-99.72991407744723,ArduPilot_AOA.AOA,6.847051620483398,6.847051620483398,0.8424356805801623,ArduPilot_AOA.SSA,ArduPilot_AOA,ground_relative_approx,0.01574195683755864,-0.0011121189454570413,0.01570262387394905,-0.09391455352306366,-0.29,-0.23,277.42,-0.29,-0.23,0.0,0.0,0.0,1502.0,1502.0,1000.0,1500.0,0.004,0.004,0.0,0.0,0.0,0.0,0.0,0.0,1493.0,1505.0,1579.0,1498.0,0.0,26.0,0.0,-0.006007897201925516,0.0021696577314287424,-0.015720495954155922,0.08887972682714462,-0.10637401789426804,-9.794343948364258,32.9473594,-118.5318915,13.950104713439941,7.195261478424072,1.3322744369506836,,,,-0.01609162289579607,0.0014000653344039206,-0.09384482968257143,-0.01609162289579607,0.0014000653344039206,-0.09384482968257143,2,4,346327800,2436,28,0.52,32.9473593,-118.5318875,260.91,0.04401272162795067,350.5349426269531,-0.021966632455587387,0.0,1,32.9473594,-118.5318915,261.8999938964844,0.9699479341506958,-1.3100520372390747,-0.29,-0.29,-0.23,-0.23,0.0,277.42,0.02,0.06,3,0,-0.006007897201925516,0.0021696577314287424,-0.015720495954155922,0.08887972682714462,-0.10637401789426804,-9.794343948364258,0,0,45.0,1,1,3276,3276,-0.16,0.91,281.48,260.9700012207031,32.9473593,-118.5318875,0.7743057608604431,0.003967868629842997,0.0071238926611840725,-0.632759153842926,2,0.17,0.54,278.69,-0.0011121189454570413,0.01570262387394905,-0.09391455352306366,3.239201545715332,13.950104713439941,7.195261478424072,1.3322744369506836,0.28,-0.11,0.01,260.94,2,0.18,-0.05,0.04,-1.08,3.92,239,48,385,14,-12,-21,0.0,0.0,-0.005415600724518299,-0.29,-0.29,-0.23,-0.23,0.0,26.0,0.0,4.169918537139893,1,4.388715744018555,1.0322507619857788,0,147.80995178222656,-79.28,-74.02,9.66,4.174069404602051,0.00544491782784462,16.978307723999023,32.9471741,-118.5303247,259.72,12.52,23.0,,,,,,,,,,,,,,,0,4.464819431304932,13.502121925354004,25.32,13.502121925354004,-2.490830183029175,1,1,1.0,0.33152395486831665,0,-2.028620481491089,6.847051620483398,-0.16450068354606628,0.9198405146598816,281.4877014160156,1502,1502,1000,1500,1000,1000,1000,2000,1000,1500,0,0,0,0,1493,1505,1579,1498,1539,1428,1584,1464,0,1503,0,0,0,1500,0,-0.16271284222602844,98549.34375,46.43,-3.4593634605407715,27919576,0.0,25.329750061035156,1,0,0.29,4,25,-1,,,
auto,00000003.BIN,C:\Users\Siya Bhadu\OneDrive\Desktop\ardupilot_parse\data\auto\00000003.BIN,00000003__descent_002,2,26459.421214,2.650000000001455,POS.RelHomeAlt,0.8201632499694824,0.8950555920600891,0.0,3.0322122574293786,4.464819431304932,ARSP.Airspeed,-2.028620481491089,-2.028620481491089,-104.21055312925198,ArduPilot_AOA.AOA,6.847051620483398,6.847051620483398,-2.1093458437946597,ArduPilot_AOA.SSA,ArduPilot_AOA,ground_relative_approx,0.032868235916956735,-0.009802494198083878,0.031372472643852234,-0.130063995718956,-0.29,-0.23,277.55,-0.29,-0.23,0.0,0.0,0.0,1501.0,1502.0,1000.0,1500.0,0.002,0.004,0.0,0.0,-0.02000000000029104,0.0,0.0,0.0,1494.0,1505.0,1579.0,1498.0,0.0,26.0,0.0,-0.0018697289051488042,-0.00039163875044323504,-0.02143591083586216,0.07068445533514023,0.10149626433849335,-9.809696197509766,32.9473594,-118.5318915,13.939894676208496,7.214472770690918,1.4618557691574097,,,,-0.03291030229040385,-0.004937722448556936,-0.12995958916081793,-0.03291030229040385,-0.004937722448556936,-0.12995958916081793,2,4,346328000,2436,28,0.52,32.9473591,-118.5318901,261.12,0.01298549398779869,129.55966186523438,-0.020870549604296684,0.0,1,32.9473594,-118.5318915,261.7599792480469,0.8201632499694824,-1.459836721420288,-0.29,-0.29,-0.23,-0.23,0.0,277.55,0.02,0.06,3,0,-0.0018697289051488042,-0.00039163875044323504,-0.02143591083586216,0.07068445533514023,0.10149626433849335,-9.809696197509766,0,0,45.0,1,1,3276,3276,-0.15,0.92,281.41,260.7699890136719,32.9473594,-118.5318875,0.7739205360412598,0.004025396890938282,0.0070824469439685345,-0.6332302689552307,1,-0.13,-0.17,277.63,-0.009802494198083878,0.031372472643852234,-0.130063995718956,2.346587896347046,13.939894676208496,7.214472770690918,1.4618557691574097,-0.05,-0.03,-0.02,260.94,2,0.18,-0.05,0.04,-1.08,3.92,239,48,385,14,-12,-21,0.0,0.0,-0.005415600724518299,-0.29,-0.29,-0.23,-0.23,0.0,26.0,0.0,4.260532379150391,1,4.388715744018555,1.0322507619857788,0,147.80995178222656,-79.28,-74.02,9.66,4.174069404602051,0.00544491782784462,16.978307723999023,32.9471741,-118.5303247,259.72,12.52,23.0,,,,,,,,,,,,,,,0,4.464819431304932,13.502121925354004,25.32,13.502121925354004,-2.490830183029175,1,1,1.0,0.33152395486831665,0,-2.028620481491089,6.847051620483398,-0.16450068354606628,0.9198405146598816,281.4877014160156,1501,1502,1000,1500,1000,1000,1000,2000,1000,1500,0,0,0,0,1494,1505,1579,1498,1539,1428,1584,1465,0,1503,0,0,0,1500,0,-0.16271284222602844,98549.34375,46.43,-3.4593634605407715,27919576,0.0,25.329750061035156,1,0,0.29,4,25,-1,,,
auto,00000003.BIN,C:\Users\Siya Bhadu\OneDrive\Desktop\ardupilot_parse\data\auto\00000003.BIN,00000003__descent_002,2,26459.471214,2.7000000000007276,POS.RelHomeAlt,0.6907209157943726,0.7554420828819275,0.0,3.041203171059041,4.780134677886963,ARSP.Airspeed,-2.1067488193511963,-2.1067488193511963,-103.2340024187884,ArduPilot_AOA.AOA,6.684856414794922,6.684856414794922,5.827572126173834,ArduPilot_AOA.SSA,ArduPilot_AOA,ground_relative_approx,0.02477737990981687,0.006695569958537817,0.02385556325316429,-0.09865015745162964,-0.3,-0.24,277.65,-0.3,-0.24,0.0,0.0,0.0,1501.0,1502.0,1000.0,1500.0,0.002,0.004,0.0,0.0,0.02000000000029104,0.0,0.0,0.0,1494.0,1505.0,1579.0,1498.0,0.0,26.0,0.0,-0.005199463106691837,-0.008688335306942463,-0.020974833518266678,0.11971422284841537,0.18283182382583618,-9.832616806030273,32.9473594,-118.5318914,13.95058822631836,7.204734802246094,1.612196445465088,,,,-0.023164943481354804,0.010327552833303858,-0.0985012647959795,-0.023164943481354804,0.010327552833303858,-0.0985012647959795,2,4,346328000,2436,28,0.52,32.9473591,-118.5318901,261.12,0.01298549398779869,129.55966186523438,-0.020870549604296684,0.0,1,32.9473594,-118.5318914,261.6300048828125,0.6907209157943726,-1.589279055595398,-0.3,-0.3,-0.24,-0.24,0.0,277.65,0.02,0.06,3,0,-0.005199463106691837,-0.008688335306942463,-0.020974833518266678,0.11971422284841537,0.18283182382583618,-9.832616806030273,0,0,45.0,1,1,3276,3276,-0.15,0.91,281.34,260.7699890136719,32.9473594,-118.5318875,0.7735213041305542,0.003982070833444595,0.00702208187431097,-0.6337189078330994,2,0.17,0.53,278.92,0.006695569958537817,0.02385556325316429,-0.09865015745162964,1.7166252136230469,13.95058822631836,7.204734802246094,1.612196445465088,0.28,-0.11,0.0,260.94,2,0.18,-0.05,0.04,-1.08,3.92,239,48,385,14,-12,-21,0.0,0.0,-0.005415600724518299,-0.3,-0.3,-0.24,-0.24,0.0,26.0,0.0,4.260532379150391,1,4.388715744018555,1.0322507619857788,0,147.80995178222656,-79.28,-74.02,9.66,4.174069404602051,0.00544491782784462,16.978307723999023,32.9471741,-118.5303247,259.72,12.52,23.0,,,,,,,,,,,,,,,0,4.780134677886963,15.476560592651367,25.32,15.476560592651367,-2.490830183029175,1,1,1.0,0.33152395486831665,0,-2.1067488193511963,6.684856414794922,-0.1610197126865387,0.9089940786361694,281.31573486328125,1501,1502,1000,1500,1000,1000,1000,2000,1000,1500,0,0,0,0,1494,1505,1579,1498,1539,1428,1584,1465,0,1503,0,0,0,1500,0,-0.009438388980925083,98547.59375,46.43,0.13853639364242554,27919677,0.0,25.329750061035156,1,0,0.28,4,25,-1,,,
auto,00000003.BIN,C:\Users\Siya Bhadu\OneDrive\Desktop\ardupilot_parse\data\auto\00000003.BIN,00000003__descent_002,2,26459.521214,2.75,POS.RelHomeAlt,0.4911496341228485,0.5909352749586105,0.0,3.0314686893943312,4.780134677886963,ARSP.Airspeed,-2.1067488193511963,-2.1067488193511963,-104.2214295988835,ArduPilot_AOA.AOA,6.684856414794922,6.684856414794922,6.303871582379594,ArduPilot_AOA.SSA,ArduPilot_AOA,ground_relative_approx,0.02715623319835656,0.007317352574318647,0.026151813566684723,-0.10004924237728119,-0.33,-0.23,277.82,-0.33,-0.23,0.0,0.0,0.0,1502.0,1502.0,1000.0,1500.0,0.004,0.004,0.0,0.0,0.020000000001018634,-0.01999999999810825,0.0,0.0,1494.0,1505.0,1579.0,1498.0,0.0,26.0,0.0,-0.007662421092391014,-0.005640288814902306,-0.01396847516298294,0.1429278552532196,0.09381022304296494,-9.853437423706055,32.9473594,-118.5318913,13.951932907104492,7.2142558097839355,1.8127944469451904,,,,-0.025314424685057523,0.011383035732802648,-0.09988452483824393,-0.025314424685057523,0.011383035732802648,-0.09988452483824393,2,4,346328000,2436,28,0.52,32.9473591,-118.5318901,261.12,0.01298549398779869,129.55966186523438,-0.020870549604296684,0.0,1,32.9473594,-118.5318913,261.42999267578125,0.4911496341228485,-1.7888503074645996,-0.33,-0.33,-0.23,-0.23,0.0,277.82,0.02,0.06,3,0,-0.007662421092391014,-0.005640288814902306,-0.01396847516298294,0.1429278552532196,0.09381022304296494,-9.853437423706055,0,0,45.0,1,1,3276,3276,-0.19,0.91,281.25,260.92999267578125,32.9473591,-118.5318901,0.7729991674423218,0.0037681860849261284,0.0072656008414924145,-0.6343542337417603,2,0.14,0.53,279.08,0.007317352574318647,0.026151813566684723,-0.10004924237728119,0.8664311170578003,13.951932907104492,7.2142558097839355,1.8127944469451904,0.28,-0.11,0.0,260.94,2,0.18,-0.05,0.04,-1.08,3.92,239,48,385,14,-12,-21,0.0,0.0,-0.005415600724518299,-0.33,-0.33,-0.23,-0.23,0.0,26.0,0.0,4.422827243804932,1,4.361968994140625,1.0322507619857788,0,147.8007049560547,-79.28,-74.02,9.99,4.174069404602051,0.00544491782784462,16.887693405151367,32.9471741,-118.5303247,259.72,12.52,23.0,,,,,,,,,,,,,,,0,4.780134677886963,15.476560592651367,25.32,15.476560592651367,-2.490830183029175,1,1,1.0,0.33152395486831665,0,-2.1067488193511963,6.684856414794922,-0.1610197126865387,0.9089940786361694,281.31573486328125,1502,1502,1000,1500,1000,1000,1000,2000,1000,1500,0,0,0,0,1494,1505,1579,1498,1539,1428,1584,1465,0,1503,0,0,0,1500,0,-0.009438388980925083,98547.59375,46.43,0.13853639364242554,27919677,0.0,25.329750061035156,1,0,0.28,4,25,-1,,,
auto,00000003.BIN,C:\Users\Siya Bhadu\OneDrive\Desktop\ardupilot_parse\data\auto\00000003.BIN,00000003__descent_002,2,26459.571214000003,2.8000000000029104,POS.RelHomeAlt,0.4134407937526703,0.4522952139377594,0.0,2.0973671971802363,4.803532123565674,ARSP.Airspeed,-2.1536998748779297,-2.1536998748779297,-104.30439405920856,ArduPilot_AOA.AOA,6.499799728393555,6.499799728393555,6.770631371080899,ArduPilot_AOA.SSA,ArduPilot_AOA,ground_relative_approx,0.027613406347215107,0.008074474520981312,0.02640649676322937,-0.09989958256483078,-0.34,-0.22,277.9,-0.34,-0.22,0.0,0.0,0.0,1502.0,1501.0,1000.0,1500.0,0.004,0.002,0.0,0.0,-0.020000000001018634,2.9103872090097127e-12,0.0,0.0,1494.0,1505.0,1579.0,1498.0,0.0,26.0,0.0,-0.009799482300877571,0.0009136376320384443,-0.0035185685846954584,0.13624423742294312,0.12323261797428131,-9.8291654586792,32.9473594,-118.5318913,13.952387809753418,7.217376232147217,1.8910071849822998,,,,-0.02542949373443222,0.01221930519159342,-0.09973192184937092,-0.02542949373443222,0.01221930519159342,-0.09973192184937092,2,4,346328000,2436,28,0.52,32.9473591,-118.5318901,261.12,0.01298549398779869,129.55966186523438,-0.020870549604296684,0.0,1,32.9473594,-118.5318913,261.3500061035156,0.4134407937526703,-1.8665591478347778,-0.34,-0.34,-0.22,-0.22,0.0,277.9,0.02,0.06,3,0,-0.009799482300877571,0.0009136376320384443,-0.0035185685846954584,0.13624423742294312,0.12323261797428131,-9.8291654586792,0,0,45.0,1,1,3276,3276,-0.21,0.93,281.22,260.92999267578125,32.9473591,-118.5318901,0.7728660702705383,0.0037143644876778126,0.007518099620938301,-0.6345138549804688,2,0.13,0.54,279.16,0.008074474520981312,0.02640649676322937,-0.09989958256483078,0.6092390418052673,13.952387809753418,7.217376232147217,1.8910071849822998,0.28,-0.11,0.01,260.94,2,0.18,-0.05,0.04,-1.08,3.92,239,48,385,14,-12,-21,0.0,0.0,-0.005415600724518299,-0.34,-0.34,-0.22,-0.22,0.0,26.0,0.0,4.422827243804932,1,4.361968994140625,1.0322507619857788,0,147.79144287109375,-79.28,-74.02,10.21,4.174069404602051,0.00544491782784462,16.725399017333984,32.9471741,-118.5303247,259.72,12.52,23.0,,,,,,,,,,,,,,,0,4.803532123565674,15.628439903259277,25.32,15.628439903259277,-2.490830183029175,1,1,1.0,0.33152395486831665,0,-2.1536998748779297,6.499799728393555,-0.21770983934402466,0.9359455704689026,281.2271423339844,1502,1501,1000,1500,1000,1000,1000,2000,1000,1500,0,0,0,0,1494,1505,1579,1498,1539,1428,1584,1465,0,1503,0,0,0,1500,0,-0.006701345089823008,98547.5625,46.43,-0.11843838542699814,27919778,0.0,25.329750061035156,1,0,0.28,4,25,-1,,,
auto,00000003.BIN,C:\Users\Siya Bhadu\OneDrive\Desktop\ardupilot_parse\data\auto\00000003.BIN,00000003__descent_002,2,26459.621214000003,2.850000000002183,POS.RelHomeAlt,0.34895631670951843,0.38119855523109436,0.0,1.3151836395455057,4.803532123565674,ARSP.Airspeed,-2.1536998748779297,-2.1536998748779297,-105.97569578340953,ArduPilot_AOA.AOA,6.499799728393555,6.499799728393555,1.6597357634105228,ArduPilot_AOA.SSA,ArduPilot_AOA,ground_relative_approx,0.03777179797229695,-0.002024044282734394,0.03771752864122391,-0.13341058790683746,-0.34,-0.22,277.97,-0.34,-0.22,0.0,0.0,0.0,1501.0,1502.0,1000.0,1500.0,0.002,0.004,0.0,0.0,-0.02000000000029104,0.02000000000029104,0.0,0.0,1494.0,1505.0,1579.0,1498.0,0.0,35.0,0.0,-0.004990035202354193,-0.00022864916536491364,0.00440634973347187,0.1744372695684433,0.191106915473938,-9.789973258972168,32.9473594,-118.5318913,13.94046401977539,7.234492778778076,1.9335516691207886,,,,-0.038145831839651534,0.004015964006310145,-0.13324361611000007,-0.038145831839651534,0.004015964006310145,-0.13324361611000007,2,4,346328200,2436,28,0.52,32.9473592,-118.5318878,260.95,0.020389307290315628,57.699947357177734,0.0029265782795846462,0.0,1,32.9473594,-118.5318913,261.2799987792969,0.34895631670951843,-1.9310436248779297,-0.34,-0.34,-0.22,-0.22,0.0,277.97,0.02,0.06,3,0,-0.004990035202354193,-0.00022864916536491364,0.00440634973347187,0.1744372695684433,0.191106915473938,-9.789973258972168,0,0,45.0,1,1,3276,3276,-0.22,0.94,281.22,260.92999267578125,32.9473591,-118.5318901,0.772842288017273,0.0036858271341770887,0.007634134963154793,-0.6345415115356445,1,-0.19,-0.15,278.04,-0.002024044282734394,0.03771752864122391,-0.13341058790683746,0.38673144578933716,13.94046401977539,7.234492778778076,1.9335516691207886,-0.05,-0.03,-0.02,260.94,2,0.18,-0.05,0.04,-1.08,3.92,239,48,385,14,-12,-21,0.0,0.0,-0.005415600724518299,-0.34,-0.34,-0.22,-0.22,0.0,35.0,0.0,4.54039192199707,1,4.361968994140625,1.0322507619857788,0,147.79144287109375,-79.28,-74.02,10.21,4.174069404602051,0.00544491782784462,16.725399017333984,32.9471741,-118.5303247,259.72,12.52,23.0,,,,,,,,,,,,,,,0,4.803532123565674,15.628439903259277,25.32,15.628439903259277,-2.490830183029175,1,1,1.0,0.33152395486831665,0,-2.1536998748779297,6.499799728393555,-0.21770983934402466,0.9359455704689026,281.2271423339844,1501,1502,1000,1500,1000,1000,1000,2000,1000,1500,0,0,0,0,1494,1505,1579,1498,1540,1427,1584,1465,0,1504,0,0,0,1500,0,-0.006701345089823008,98547.5625,46.43,-0.11843838542699814,27919778,0.0,25.329750061035156,1,0,0.28,4,25,-1,,,
auto,00000003.BIN,C:\Users\Siya Bhadu\OneDrive\Desktop\ardupilot_parse\data\auto\00000003.BIN,00000003__descent_002,2,26459.671214,2.900000000001455,POS.RelHomeAlt,0.29259738326072693,0.3207768499851227,0.0,1.3043987751196893,4.756621837615967,ARSP.Airspeed,-2.1428589820861816,-2.1428589820861816,-103.1105578002715,ArduPilot_AOA.AOA,6.356088161468506,6.356088161468506,8.999110659252903,ArduPilot_AOA.SSA,ArduPilot_AOA,ground_relative_approx,0.027036719081995345,0.012026051059365273,0.024214835837483406,-0.09752967208623886,-0.32,-0.22,278.02,-0.32,-0.22,0.0,0.0,0.0,1501.0,1502.0,1000.0,1500.0,0.002,0.004,0.0,0.0,0.0,-0.02000000000029104,0.0,0.0,1493.0,1505.0,1579.0,1498.0,0.0,26.0,0.0,0.0068174791522324085,-0.006911929231137037,0.008874433115124702,0.18840768933296204,0.04346317797899246,-9.834144592285156,32.9473594,-118.5318912,13.95327377319336,7.221074104309082,2.012916326522827,,,,-0.02267446288801001,0.015830838254564977,-0.09735642972534515,-0.02267446288801001,0.015830838254564977,-0.09735642972534515,2,4,346328200,2436,28,0.52,32.9473592,-118.5318878,260.95,0.020389307290315628,57.699947357177734,0.0029265782795846462,0.0,1,32.9473594,-118.5318912,261.22998046875,0.29259738326072693,-1.9874025583267212,-0.32,-0.32,-0.22,-0.22,0.0,278.02,0.02,0.06,3,0,0.0068174791522324085,-0.006911929231137037,0.008874433115124702,0.18840768933296204,0.04346317797899246,-9.834144592285156,0,0,45.0,1,1,3276,3276,-0.22,0.94,281.22,260.92999267578125,32.9473591,-118.5318901,0.772832989692688,0.0037378959823399782,0.007580001838505268,-0.6345531940460205,2,0.15,0.54,279.29,0.012026051059365273,0.024214835837483406,-0.09752967208623886,0.25727859139442444,13.95327377319336,7.221074104309082,2.012916326522827,0.28,-0.11,0.01,260.94,2,0.18,-0.05,0.04,-1.08,3.92,239,48,385,14,-12,-21,0.0,0.0,-0.005415600724518299,-0.32,-0.32,-0.22,-0.22,0.0,26.0,0.0,4.54039192199707,1,4.361968994140625,1.0322507619857788,0,147.79144287109375,-79.28,-74.02,10.21,4.174069404602051,0.00544491782784462,16.725399017333984,32.9471741,-118.5303247,259.72,12.52,23.0,,,,,,,,,,,,,,,0,4.756621837615967,15.32468032836914,25.32,15.32468032836914,-2.490830183029175,1,1,1.0,0.33152395486831665,0,-2.1428589820861816,6.356088161468506,-0.2095959186553955,0.9439637064933777,281.2205505371094,1501,1502,1000,1500,1000,1000,1000,2000,1000,1500,0,0,0,0,1493,1505,1579,1498,1539,1428,1584,1464,0,1503,0,0,0,1500,0,0.06446179747581482,98546.765625,46.43,-0.016812963411211967,27919877,0.0,25.329750061035156,1,0,0.29,4,25,-1,,,
auto,00000003.BIN,C:\Users\Siya Bhadu\OneDrive\Desktop\ardupilot_parse\data\auto\00000003.BIN,00000003__descent_002,2,26459.721214,2.9500000000007276,POS.RelHomeAlt,0.2089199721813202,0.25075867772102356,0.0,1.2762874365038628,4.756621837615967,ARSP.Airspeed,-2.1428589820861816,-2.1428589820861816,-100.22820698574891,ArduPilot_AOA.AOA,6.356088161468506,6.356088161468506,-2.3754269460703297,ArduPilot_AOA.SSA,ArduPilot_AOA,ground_relative_approx,0.024785421084597862,-0.009663106873631477,0.02282414212822914,-0.13584934175014496,-0.27,-0.23,278.07,-0.27,-0.23,0.0,0.0,0.0,1501.0,1501.0,1000.0,1500.0,0.002,0.002,0.0,0.0,0.0,0.0,0.0,0.0,1494.0,1505.0,1579.0,1498.0,0.0,26.0,0.0,0.010793566703796387,-0.0070844073779881,0.007881046272814274,0.19206394255161285,-0.006725408136844635,-9.825674057006836,32.9473594,-118.5318912,13.943317413330078,7.233206748962402,2.071079969406128,,,,-0.024499795544450437,-0.005723513242172149,-0.1357805662336673,-0.024499795544450437,-0.005723513242172149,-0.1357805662336673,2,4,346328200,2436,28,0.52,32.9473592,-118.5318878,260.95,0.020389307290315628,57.699947357177734,0.0029265782795846462,0.0,1,32.9473594,-118.5318912,261.1399841308594,0.2089199721813202,-2.071079969406128,-0.27,-0.27,-0.23,-0.23,0.0,278.07,0.02,0.07,3,0,0.010793566703796387,-0.0070844073779881,0.007881046272814274,0.19206394255161285,-0.006725408136844635,-9.825674057006836,0,0,45.5,1,1,3276,3276,-0.16,0.93,281.21,261.0,32.9473592,-118.5318878,0.7727795839309692,0.0040514906868338585,0.007243349216878414,-0.6346202492713928,0,-0.27,-0.23,278.06,-0.009663106873631477,0.02282414212822914,-0.13584934175014496,0.04861919581890106,13.943317413330078,7.233206748962402,2.071079969406128,-0.12,-0.25,-0.18,260.94,0,0.18,0.0,-0.01,-1.0,3.93,239,48,385,10,-9,-23,0.0,0.0,-0.044091660529375076,-0.27,-0.27,-0.23,-0.23,0.0,26.0,0.0,4.606326580047607,1,4.384130954742432,1.0322507619857788,0,147.78219604492188,-79.28,-74.02,10.36,4.174069404602051,0.00544491782784462,16.607833862304688,32.9471741,-118.5303247,259.72,12.52,23.0,,,,,,,,,,,,,,,0,4.756621837615967,15.32468032836914,25.32,15.32468032836914,-2.490830183029175,1,1,1.0,0.33152395486831665,0,-2.1428589820861816,6.356088161468506,-0.2095959186553955,0.9439637064933777,281.2205505371094,1501,1501,1000,1500,1000,1000,1000,2000,1000,1500,0,0,0,0,1494,1505,1579,1498,1540,1427,1584,1465,0,1503,0,0,0,1500,0,0.06446179747581482,98546.765625,46.43,-0.016812963411211967,27919877,0.0,25.329750061035156,1,0,0.29,4,25,-1,,,
auto,00000003.BIN,C:\Users\Siya Bhadu\OneDrive\Desktop\ardupilot_parse\data\auto\00000003.BIN,00000003__descent_002,2,26459.771214,3.0,POS.RelHomeAlt,0.17737624049186707,0.19314810633659363,0.0,0.8634167909643851,4.661384582519531,ARSP.Airspeed,-2.1501786708831787,-2.1501786708831787,-100.75079962824965,ArduPilot_AOA.AOA,6.2638444900512695,6.2638444900512695,8.329153209763625,ArduPilot_AOA.SSA,ArduPilot_AOA,ground_relative_approx,0.02219091452688021,0.011031231842935085,0.019254833459854126,-0.09429719299077988,-0.25,-0.22,278.06,-0.25,-0.22,0.0,0.0,0.0,1501.0,1502.0,1000.0,1500.0,0.002,0.004,0.0,0.0,0.01999999999810825,2.9103837395627608e-12,0.0,0.0,1493.0,1505.0,1579.0,1498.0,0.0,26.0,0.0,0.007249296177178621,-0.003362499875947833,0.00363115593791008,0.14260993897914886,0.07520080357789993,-9.84928035736084,32.9473594,-118.5318912,13.955227851867676,7.225309371948242,2.130746841430664,,,,-0.017879885902308792,0.014033005364320113,-0.09416890003629155,-0.017879885902308792,0.014033005364320113,-0.09416890003629155,2,4,346328200,2436,28,0.52,32.9473592,-118.5318878,260.95,0.020389307290315628,57.699947357177734,0.0029265782795846462,0.0,1,32.9473594,-118.5318912,261.1099853515625,0.17737624049186707,-2.102623701095581,-0.25,-0.25,-0.22,-0.22,0.0,278.06,0.02,0.07,3,0,0.007249296177178621,-0.003362499875947833,0.00363115593791008,0.14260993897914886,0.07520080357789993,-9.84928035736084,0,0,45.0,1,1,3276,3276,-0.14,0.93,281.19,261.0,32.9473592,-118.5318878,0.7726929187774658,0.004224490839987993,0.007134500425308943,-0.6347258687019348,2,0.22,0.54,279.32,0.011031231842935085,0.019254833459854126,-0.09429719299077988,0.02508161962032318,13.955227851867676,7.225309371948242,2.130746841430664,0.28,-0.11,0.01,260.94,2,0.18,-0.05,0.04,-1.08,3.92,239,48,385,14,-12,-21,0.0,0.0,-0.005415600724518299,-0.25,-0.25,-0.22,-0.22,0.0,26.0,0.0,4.606326580047607,1,4.384130954742432,1.0322507619857788,0,147.78219604492188,-79.28,-74.02,10.45,4.174069404602051,0.00544491782784462,16.541898727416992,32.9471741,-118.5303247,259.72,12.52,23.0,,,,,,,,,,,,,,,0,4.661384582519531,14.717161178588867,25.32,14.717161178588867,-2.490830183029175,1,1,1.0,0.33152395486831665,0,-2.1501786708831787,6.2638444900512695,-0.1448867917060852,0.9390252232551575,281.19635009765625,1501,1502,1000,1500,1000,1000,1000,2000,1000,1500,0,0,0,0,1493,1505,1579,1498,1540,1427,1584,1464,0,1503,0,0,0,1500,0,-0.11070901155471802,98548.734375,46.44,0.2523212730884552,27919976,0.0,25.329750061035156,1,0,0.29,4,25,-1,,,
auto,00000003.BIN,C:\Users\Siya Bhadu\OneDrive\Desktop\ardupilot_parse\data\auto\00000003.BIN,00000003__descent_002,2,26459.821214000003,3.0500000000029104,POS.RelHomeAlt,0.1514577567577362,0.16441699862480164,0.0,0.5309474468083528,4.661384582519531,ARSP.Airspeed,-2.1501786708831787,-2.1501786708831787,-105.11216064336983,ArduPilot_AOA.AOA,6.2638444900512695,6.2638444900512695,1.376108172283136,ArduPilot_AOA.SSA,ArduPilot_AOA,ground_relative_approx,0.03420594101275911,-0.0021611268166452646,0.034137602895498276,-0.12825866043567657,-0.25,-0.22,278.03,-0.25,-0.22,0.0,0.0,0.0,1502.0,1501.0,1000.0,1500.0,0.004,0.002,0.0,0.0,0.01999999999810825,-0.019999999998108246,0.0,0.020000000001018634,1493.0,1505.0,1579.0,1498.0,0.0,26.0,0.0,0.0009910911321640015,-0.0016450145049020648,0.0004562585090752691,0.10528603941202164,0.05201616883277893,-9.806357383728027,32.9473594,-118.5318912,13.941743850708008,7.2446160316467285,2.1315176486968994,,,,-0.03459700233139854,0.003187830421736317,-0.12811407238943737,-0.03459700233139854,0.003187830421736317,-0.12811407238943737,2,4,346328400,2436,28,0.52,32.9473591,-118.5318891,261.06,0.008335490711033344,15.772095680236816,-0.0006123064085841179,0.0,1,32.9473594,-118.5318912,261.0899963378906,0.1514577567577362,-2.128542184829712,-0.25,-0.25,-0.22,-0.22,0.0,278.03,0.02,0.07,3,0,0.0009910911321640015,-0.0016450145049020648,0.0004562585090752691,0.10528603941202164,0.05201616883277893,-9.806357383728027,0,0,45.0,1,1,3276,3276,-0.13,0.93,281.17,260.82000732421875,32.9473592,-118.5318878,0.7725637555122375,0.004265154246240854,0.007104635704308748,-0.6348831057548523,1,-0.09,-0.16,278.11,-0.0021611268166452646,0.034137602895498276,-0.12825866043567657,-0.045021459460258484,13.941743850708008,7.2446160316467285,2.1315176486968994,-0.05,-0.03,-0.02,260.94,2,0.18,-0.05,0.04,-1.08,3.92,239,48,385,14,-12,-21,0.0,0.0,-0.005415600724518299,-0.25,-0.25,-0.22,-0.22,0.0,26.0,0.0,4.622912883758545,1,4.384130954742432,1.0322507619857788,0,147.78219604492188,-79.28,-74.02,10.45,4.174069404602051,0.00544491782784462,16.541898727416992,32.9471741,-118.5303247,259.72,12.52,23.0,,,,,,,,,,,,,,,0,4.661384582519531,14.717161178588867,25.32,14.717161178588867,-2.490830183029175,1,1,1.0,0.33152395486831665,0,-2.1501786708831787,6.2638444900512695,-0.1448867917060852,0.9390252232551575,281.19635009765625,1502,1501,1000,1500,1000,1000,1001,2000,1000,1500,0,0,0,0,1493,1505,1579,1498,1540,1427,1584,1464,0,1503,0,0,0,1500,0,-0.11070901155471802,98548.734375,46.44,0.2523212730884552,27919976,0.0,25.329750061035156,1,0,0.28,4,25,-1,,,
auto,00000003.BIN,C:\Users\Siya Bhadu\OneDrive\Desktop\ardupilot_parse\data\auto\00000003.BIN,00000003__descent_002,2,26459.871214000003,3.100000000002183,POS.RelHomeAlt,0.12864896655082703,0.14005336165428162,0.0,0.5105626210644632,4.401593208312988,ARSP.Airspeed,-2.0913186073303223,-2.0913186073303223,-103.48747075801501,ArduPilot_AOA.AOA,6.3577399253845215,6.3577399253845215,8.545969657901685,ArduPilot_AOA.SSA,ArduPilot_AOA,ground_relative_approx,0.02541157226094111,0.010528943501412868,0.02312767505645752,-0.09107168018817902,-0.26,-0.23,277.98,-0.26,-0.23,0.0,0.0,0.0,1502.0,1501.0,1000.0,1501.0,0.004,0.002,0.0,0.002,0.0,0.0,0.0,0.02000000000029104,1494.0,1505.0,1579.0,1498.0,0.0,26.0,0.0,-0.008583668619394302,-0.006819463800638914,-0.005946803372353315,0.09644683450460434,0.005826190114021301,-9.837172508239746,32.9473594,-118.5318911,13.956681251525879,7.232901573181152,2.180842161178589,,,,-0.021807425584709543,0.014050477383178422,-0.09092205019544564,-0.021807425584709543,0.014050477383178422,-0.09092205019544564,2,4,346328400,2436,28,0.52,32.9473591,-118.5318891,261.06,0.008335490711033344,15.772095680236816,-0.0006123064085841179,0.0,1,32.9473594,-118.5318911,261.05999755859375,0.12864896655082703,-2.151350975036621,-0.26,-0.26,-0.23,-0.23,0.0,277.98,0.02,0.07,3,0,-0.008583668619394302,-0.006819463800638914,-0.005946803372353315,0.09644683450460434,0.005826190114021301,-9.837172508239746,0,0,45.0,1,1,3276,3276,-0.14,0.93,281.14,260.82000732421875,32.9473592,-118.5318878,0.7723827958106995,0.004151956643909216,0.007098350208252668,-0.6351040601730347,2,0.21,0.54,279.25,0.010528943501412868,0.02312767505645752,-0.09107168018817902,-0.05127456784248352,13.956681251525879,7.232901573181152,2.180842161178589,0.28,-0.11,0.0,260.94,0,0.18,0.0,-0.01,-1.0,3.93,239,48,385,10,-9,-23,0.0,0.0,-0.044091660529375076,-0.26,-0.26,-0.23,-0.23,0.0,26.0,0.0,4.622912883758545,1,4.384130954742432,1.0322507619857788,0,147.78219604492188,-79.28,-74.02,10.45,4.174069404602051,0.00544491782784462,16.541898727416992,32.9471741,-118.5303247,259.72,12.52,23.0,,,,,,,,,,,,,,,0,4.401593208312988,13.122422218322754,25.32,13.122422218322754,-2.490830183029175,1,1,1.0,0.33152395486831665,0,-2.0913186073303223,6.3577399253845215,-0.15395338833332062,0.923738420009613,281.1219482421875,1502,1501,1000,1501,1000,1000,1000,2000,1000,1500,0,0,0,0,1494,1505,1579,1498,1540,1427,1584,1465,0,1503,0,0,0,1500,0,0.1493101567029953,98545.796875,46.43,0.2171916514635086,27920077,0.0,25.329750061035156,1,0,0.28,4,25,-1,,,
auto,00000003.BIN,C:\Users\Siya Bhadu\OneDrive\Desktop\ardupilot_parse\data\auto\00000003.BIN,00000003__descent_002,2,26459.921214,3.150000000001455,POS.RelHomeAlt,0.09807250648736954,0.11336073651909828,0.0,0.4726814478704572,4.401593208312988,ARSP.Airspeed,-2.0913186073303223,-2.0913186073303223,-107.493476831228,ArduPilot_AOA.AOA,6.3577399253845215,6.3577399253845215,1.0523712138889123,ArduPilot_AOA.SSA,ArduPilot_AOA,ground_relative_approx,0.03896658725857841,-0.003550151828676462,0.03880452737212181,-0.12526915967464447,-0.29,-0.23,277.84,-0.29,-0.23,0.0,0.0,0.0,1502.0,1501.0,1000.0,1501.0,0.004,0.002,0.0,0.002,0.0,0.0,0.0,-0.02000000000029104,1494.0,1505.0,1579.0,1498.0,0.0,26.0,0.0,-0.010612358339130878,-0.007725327741354704,-0.008212692104279995,0.1255124807357788,0.0632137805223465,-9.863150596618652,32.9473594,-118.5318911,13.942972183227539,7.254692077636719,2.1851236820220947,,,,-0.03942862966575089,0.002409472081737641,-0.12510129853498875,-0.03942862966575089,0.002409472081737641,-0.12510129853498875,2,4,346328400,2436,28,0.52,32.9473591,-118.5318891,261.06,0.008335490711033344,15.772095680236816,-0.0006123064085841179,0.0,1,32.9473594,-118.5318911,261.0299987792969,0.09807250648736954,-2.181927442550659,-0.29,-0.29,-0.23,-0.23,0.0,277.84,0.01,0.07,3,0,-0.010612358339130878,-0.007725327741354704,-0.008212692104279995,0.1255124807357788,0.0632137805223465,-9.863150596618652,0,0,45.0,1,1,3276,3276,-0.18,0.91,281.06,261.0799865722656,32.9473591,-118.5318891,0.7719575762748718,0.003861531149595976,0.007178014609962702,-0.6356217861175537,1,-0.14,-0.17,277.92,-0.003550151828676462,0.03880452737212181,-0.12526915967464447,-0.11525952070951462,13.942972183227539,7.254692077636719,2.1851236820220947,-0.05,-0.03,-0.02,260.94,2,0.18,-0.05,0.04,-1.08,3.92,239,48,385,14,-12,-21,0.0,0.0,-0.005415600724518299,-0.29,-0.29,-0.23,-0.23,0.0,26.0,0.0,4.557645320892334,1,4.4292449951171875,1.0322507619857788,0,147.77294921875,-79.28,-74.02,10.51,4.174069404602051,0.00544491782784462,16.525312423706055,32.9471741,-118.5303247,259.72,12.52,23.0,,,,,,,,,,,,,,,0,4.401593208312988,13.122422218322754,25.32,13.122422218322754,-2.490830183029175,1,1,1.0,0.33152395486831665,0,-2.0913186073303223,6.3577399253845215,-0.15395338833332062,0.923738420009613,281.1219482421875,1502,1501,1000,1501,1000,1000,1000,2000,1000,1500,0,0,0,0,1494,1505,1579,1498,1541,1426,1584,1465,0,1504,0,0,0,1500,0,0.1493101567029953,98545.796875,46.43,0.2171916514635086,27920077,0.0,25.329750061035156,1,0,0.28,4,25,-1,,,
auto,00000003.BIN,C:\Users\Siya Bhadu\OneDrive\Desktop\ardupilot_parse\data\auto\00000003.BIN,00000003__descent_002,2,26459.971214,3.2000000000007276,POS.RelHomeAlt,0.08749792724847794,0.09278521686792374,0.0,0.29838319868283547,4.588659286499023,ARSP.Airspeed,-2.037921905517578,-2.037921905517578,-106.74801838533656,ArduPilot_AOA.AOA,6.5904974937438965,6.5904974937438965,9.401119089476603,ArduPilot_AOA.SSA,ArduPilot_AOA,ground_relative_approx,0.02903040518091869,0.01072616782039404,0.026976170018315315,-0.08531677722930908,-0.3,-0.23,277.77,-0.3,-0.23,0.0,0.0,0.0,1502.0,1501.0,1000.0,1500.0,0.004,0.002,0.0,0.0,0.0,0.0,0.0,-0.02000000000029104,1494.0,1505.0,1579.0,1498.0,0.0,26.0,0.0,-0.00627427501603961,-0.0020756740123033524,-0.007525111082941294,0.1217188611626625,0.1014426052570343,-9.823882102966309,32.9473594,-118.531891,13.95894718170166,7.242083549499512,2.224865674972534,,,,-0.025620630809802127,0.01472076517759159,-0.08513870595245085,-0.025620630809802127,0.01472076517759159,-0.08513870595245085,2,4,346328400,2436,28,0.52,32.9473591,-118.5318891,261.06,0.008335490711033344,15.772095680236816,-0.0006123064085841179,0.0,1,32.9473594,-118.531891,261.0199890136719,0.08749792724847794,-2.192502021789551,-0.3,-0.3,-0.23,-0.23,0.0,277.77,0.01,0.07,3,0,-0.00627427501603961,-0.0020756740123033524,-0.007525111082941294,0.1217188611626625,0.1014426052570343,-9.823882102966309,0,0,45.5,1,1,3276,3276,-0.18,0.91,281.02,261.0799865722656,32.9473591,-118.5318891,0.7717620134353638,0.003829788416624069,0.007214095909148455,-0.6358590126037598,2,0.17,0.54,279.03,0.01072616782039404,0.026976170018315315,-0.08531677722930908,-0.10069593787193298,13.95894718170166,7.242083549499512,2.224865674972534,0.28,-0.11,0.0,260.94,2,0.18,-0.05,0.04,-1.08,3.92,239,48,385,14,-12,-21,0.0,0.0,-0.005415600724518299,-0.3,-0.3,-0.23,-0.23,0.0,26.0,0.0,4.557645320892334,1,4.4292449951171875,1.0322507619857788,0,147.76370239257812,-79.28,-74.02,10.54,4.174069404602051,0.00544491782784462,16.590579986572266,32.9471741,-118.5303247,259.72,12.52,23.0,,,,,,,,,,,,,,,0,4.588659286499023,14.261521339416504,25.32,14.261521339416504,-2.490830183029175,1,1,1.0,0.33152395486831665,0,-2.037921905517578,6.5904974937438965,-0.18697476387023926,0.9170894622802734,281.02801513671875,1502,1501,1000,1500,1000,1000,1000,2000,1000,1500,0,0,0,0,1494,1505,1579,1498,1540,1427,1584,1465,0,1503,0,0,0,1500,0,0.017932049930095673,98547.28125,46.43,0.09073370695114136,27920176,0.0,25.329750061035156,1,0,0.28,4,25,-1,,,
auto,00000003.BIN,C:\Users\Siya Bhadu\OneDrive\Desktop\ardupilot_parse\data\auto\00000003.BIN,00000003__descent_002,2,26460.021214,3.25,POS.RelHomeAlt,0.07954690605401993,0.08352241665124893,0.0,0.11901617050393065,4.588659286499023,ARSP.Airspeed,-2.037921905517578,-2.037921905517578,-106.98983651006728,ArduPilot_AOA.AOA,6.5904974937438965,6.5904974937438965,8.640821429742457,ArduPilot_AOA.SSA,ArduPilot_AOA,ground_relative_approx,0.02862613744355757,0.009486747905611992,0.02700846828520298,-0.08467360585927963,-0.28,-0.22,277.69,-0.28,-0.22,0.0,0.0,0.0,1502.0,1501.0,1000.0,1500.0,0.004,0.002,0.0,0.0,0.0,0.0,0.0,0.0,1494.0,1505.0,1579.0,1498.0,0.0,26.0,0.0,0.00043058389564976096,-0.0019010293763130903,-0.005961643066257238,0.11945366114377975,0.05675757676362991,-9.858219146728516,32.9473594,-118.531891,13.95916748046875,7.244288444519043,2.233517646789551,,,,-0.025821051738943758,0.013428674487014328,-0.0845104683620123,-0.025821051738943758,0.013428674487014328,-0.0845104683620123,2,4,346328600,2436,28,0.52,32.9473592,-118.5318884,261.0,0.03546249866485596,297.5828857421875,0.007159514352679253,0.0,1,32.9473594,-118.531891,261.0099792480469,0.07954690605401993,-2.200453042984009,-0.28,-0.28,-0.22,-0.22,0.0,277.69,0.01,0.07,3,0,0.00043058389564976096,-0.0019010293763130903,-0.005961643066257238,0.11945366114377975,0.05675757676362991,-9.858219146728516,0,0,45.0,1,1,3276,3276,-0.17,0.91,280.99,260.9499816894531,32.9473591,-118.5318891,0.7715901732444763,0.0038928843569010496,0.007177530787885189,-0.6360675692558289,2,0.18,0.54,278.95,0.009486747905611992,0.02700846828520298,-0.08467360585927963,-0.11418353766202927,13.95916748046875,7.244288444519043,2.233517646789551,0.28,-0.11,0.0,260.94,2,0.18,-0.05,0.04,-1.08,3.92,239,48,385,14,-12,-21,0.0,0.0,-0.005415600724518299,-0.28,-0.28,-0.22,-0.22,0.0,26.0,0.0,4.566971778869629,1,4.4292449951171875,1.0322507619857788,0,147.76370239257812,-79.28,-74.02,10.54,4.174069404602051,0.00544491782784462,16.590579986572266,32.9471741,-118.5303247,259.72,12.52,23.0,,,,,,,,,,,,,,,0,4.588659286499023,14.261521339416504,25.32,14.261521339416504,-2.490830183029175,1,1,1.0,0.33152395486831665,0,-2.037921905517578,6.5904974937438965,-0.18697476387023926,0.9170894622802734,281.02801513671875,1502,1501,1000,1500,1000,1000,1000,2001,1000,1500,0,0,0,0,1494,1505,1579,1498,1540,1427,1584,1465,0,1503,0,0,0,1500,0,0.017932049930095673,98547.28125,46.43,0.09073370695114136,27920176,0.0,25.329750061035156,1,0,0.28,4,25,-1,,,
auto,00000003.BIN,C:\Users\Siya Bhadu\OneDrive\Desktop\ardupilot_parse\data\auto\00000003.BIN,00000003__descent_002,2,26460.071214000003,3.3000000000029104,POS.RelHomeAlt,0.07171604782342911,0.08088359981775284,0.0,0.026388168332465045,4.464819431304932,ARSP.Airspeed,-2.0186007022857666,-2.0186007022857666,-108.67815135578486,ArduPilot_AOA.AOA,6.688011646270752,6.688011646270752,0.8186413249662317,ArduPilot_AOA.SSA,ArduPilot_AOA,ground_relative_approx,0.040327670564292456,-0.004097579512745142,0.04011895880103111,-0.12083925306797028,-0.27,-0.23,277.61,-0.27,-0.23,0.0,0.0,0.0,1502.0,1501.0,1000.0,1500.0,0.004,0.002,0.0,0.0,0.0,0.020000000001018634,0.0,0.0,1494.0,1505.0,1579.0,1498.0,0.0,26.0,0.0,0.0062223332934081554,-0.004989775829017162,-0.00290088914334774,0.154092475771904,0.08973446488380432,-9.805604934692383,32.9473594,-118.531891,13.944011688232422,7.261717319488525,2.211674690246582,,,,-0.04079300247411776,0.0018200977950345498,-0.12066923505322388,-0.04079300247411776,0.0018200977950345498,-0.12066923505322388,2,4,346328600,2436,28,0.52,32.9473592,-118.5318884,261.0,0.03546249866485596,297.5828857421875,0.007159514352679253,0.0,1,32.9473594,-118.531891,261.0099792480469,0.07171604782342911,-2.2082839012145996,-0.27,-0.27,-0.23,-0.23,0.0,277.61,0.01,0.07,3,0,0.0062223332934081554,-0.004989775829017162,-0.00290088914334774,0.154092475771904,0.08973446488380432,-9.805604934692383,0,0,45.0,1,1,3276,3276,-0.16,0.91,280.97,260.9499816894531,32.9473591,-118.5318891,0.771442174911499,0.003974353428930044,0.007044288329780102,-0.6362480521202087,1,-0.11,-0.16,277.69,-0.004097579512745142,0.04011895880103111,-0.12083925306797028,-0.1363740861415863,13.944011688232422,7.261717319488525,2.211674690246582,-0.05,-0.03,-0.02,260.94,2,0.18,-0.05,0.04,-1.08,3.92,239,48,385,14,-12,-21,0.0,0.0,-0.005415600724518299,-0.27,-0.27,-0.23,-0.23,0.0,26.0,0.0,4.566971778869629,1,4.4292449951171875,1.0322507619857788,0,147.76370239257812,-79.28,-74.02,10.54,4.174069404602051,0.00544491782784462,16.590579986572266,32.9471741,-118.5303247,259.72,12.52,23.0,,,,,,,,,,,,,,,0,4.464819431304932,13.502121925354004,25.32,13.502121925354004,-2.490830183029175,1,1,1.0,0.33152395486831665,0,-2.0186007022857666,6.688011646270752,-0.15352265536785126,0.9097955822944641,280.95947265625,1502,1501,1000,1500,1000,1000,1000,2001,1000,1500,0,0,0,0,1494,1505,1579,1498,1540,1427,1584,1465,0,1503,0,0,0,1500,0,0.18762877583503723,98545.359375,46.43,0.22510552406311035,27920277,0.0,25.329750061035156,1,0,0.28,4,25,-1,,,
auto,00000003.BIN,C:\Users\Siya Bhadu\OneDrive\Desktop\ardupilot_parse\data\auto\00000003.BIN,00000003__descent_002,2,26460.121214000003,3.350000000002183,POS.RelHomeAlt,0.06447789818048477,0.08088359981775284,0.0,-0.0,4.464819431304932,ARSP.Airspeed,-2.0186007022857666,-2.0186007022857666,-108.43947460708227,ArduPilot_AOA.AOA,6.688011646270752,6.688011646270752,1.6263294568997846,ArduPilot_AOA.SSA,ArduPilot_AOA,ground_relative_approx,0.038218566343462636,-0.001979798311367631,0.03816725313663483,-0.11590071022510529,-0.23,-0.24,277.47,-0.23,-0.24,0.0,0.0,0.0,1502.0,1502.0,1000.0,1500.0,0.004,0.004,0.0,0.0,0.0,0.0,0.0,0.0,1493.0,1505.0,1579.0,1498.0,0.0,26.0,0.0,0.00667581707239151,-0.005680489353835583,0.000198606081539765,0.15502311289310455,0.11635109037160873,-9.776961326599121,32.9473594,-118.531891,13.944723129272461,7.26536750793457,2.219062566757202,,,,-0.038585866117554476,0.0034636013993902797,-0.11572712666154718,-0.038585866117554476,0.0034636013993902797,-0.11572712666154718,2,4,346328600,2436,28,0.52,32.9473592,-118.5318884,261.0,0.03546249866485596,297.5828857421875,0.007159514352679253,0.0,1,32.9473594,-118.531891,261.0,0.06447789818048477,-2.215522050857544,-0.23,-0.23,-0.24,-0.24,0.0,277.47,0.01,0.07,3,0,0.00667581707239151,-0.005680489353835583,0.000198606081539765,0.15502311289310455,0.11635109037160873,-9.776961326599121,0,0,44.5,1,1,3276,3276,-0.12,0.89,280.94,261.1199951171875,32.9473592,-118.5318884,0.7712774276733398,0.00413218978792429,0.0067129721865057945,-0.6364503502845764,1,-0.08,-0.17,277.55,-0.001979798311367631,0.03816725313663483,-0.11590071022510529,-0.140363410115242,13.944723129272461,7.26536750793457,2.219062566757202,-0.05,-0.03,-0.02,260.94,1,0.18,-0.01,0.03,-0.93,3.95,239,48,385,11,-10,-22,0.0,0.0,-0.04983825981616974,-0.23,-0.23,-0.24,-0.24,0.0,26.0,0.0,4.536567687988281,1,4.486418724060059,1.0322507619857788,0,147.76370239257812,-79.28,-74.02,10.56,4.174069404602051,0.00544491782784462,16.581253051757812,32.9471741,-118.5303247,259.72,12.52,23.0,,,,,,,,,,,,,,,0,4.464819431304932,13.502121925354004,25.32,13.502121925354004,-2.490830183029175,1,1,1.0,0.33152395486831665,0,-2.0186007022857666,6.688011646270752,-0.15352265536785126,0.9097955822944641,280.95947265625,1502,1502,1000,1500,1000,1000,1000,2000,1000,1500,0,0,0,0,1493,1505,1579,1498,1539,1428,1584,1464,0,1503,0,0,0,1500,0,0.18762877583503723,98545.359375,46.43,0.22510552406311035,27920277,0.0,25.329750061035156,1,0,0.28,4,25,-1,,,
auto,00000003.BIN,C:\Users\Siya Bhadu\OneDrive\Desktop\ardupilot_parse\data\auto\00000003.BIN,00000003__descent_002,2,26460.171214,3.400000000001455,POS.RelHomeAlt,0.06323955208063126,0.08088359981775284,0.0,-0.0,4.1794753074646,ARSP.Airspeed,-1.9469693899154663,-1.9469693899154663,-108.11172078149772,ArduPilot_AOA.AOA,6.905550479888916,6.905550479888916,1.7287197454078669,ArduPilot_AOA.SSA,ArduPilot_AOA,ground_relative_approx,0.037317143198412936,-0.0016275080852210522,0.03728163614869118,-0.11532054096460342,-0.23,-0.24,277.41,-0.23,-0.24,0.0,0.0,0.0,1502.0,1501.0,1000.0,1500.0,0.004,0.002,0.0,0.0,-0.02000000000029104,-0.02000000000029104,0.0,0.0,1493.0,1505.0,1579.0,1498.0,0.0,26.0,0.0,2.8045558792655356e-05,-0.005688577424734831,0.0044484916143119335,0.15127910673618317,0.06628723442554474,-9.882686614990234,32.9473594,-118.5318909,13.945155143737793,7.267034530639648,2.2203633785247803,,,,-0.03766290835412776,0.0036565170523638695,-0.11515003934959805,-0.03766290835412776,0.0036565170523638695,-0.11515003934959805,2,4,346328600,2436,28,0.52,32.9473592,-118.5318884,261.0,0.03546249866485596,297.5828857421875,0.007159514352679253,0.0,1,32.9473594,-118.5318909,261.0,0.06323955208063126,-2.2167603969573975,-0.23,-0.23,-0.24,-0.24,0.0,277.41,0.01,0.07,3,0,2.8045558792655356e-05,-0.005688577424734831,0.0044484916143119335,0.15127910673618317,0.06628723442554474,-9.882686614990234,0,0,45.0,1,1,3276,3276,-0.11,0.88,280.93,261.1199951171875,32.9473592,-118.5318884,0.7712334394454956,0.004141238052397966,0.006638072896748781,-0.6365043520927429,1,-0.08,-0.17,277.48,-0.0016275080852210522,0.03728163614869118,-0.11532054096460342,-0.14176242053508759,13.945155143737793,7.267034530639648,2.2203633785247803,-0.05,-0.03,-0.02,260.94,2,0.18,-0.05,0.04,-1.08,3.92,239,48,385,14,-12,-21,0.0,0.0,-0.005415600724518299,-0.23,-0.23,-0.24,-0.24,0.0,26.0,0.0,4.536567687988281,1,4.486418724060059,1.0322507619857788,0,147.7544403076172,-79.28,-74.02,10.56,4.174069404602051,0.00544491782784462,16.611658096313477,32.9471741,-118.5303247,259.72,12.52,23.0,,,,,,,,,,,,,,,0,4.1794753074646,11.831442832946777,25.32,11.831442832946777,-2.490830183029175,1,1,1.0,0.33152395486831665,0,-1.9469693899154663,6.905550479888916,-0.11819136142730713,0.8887416124343872,280.9329833984375,1502,1501,1000,1500,1000,1000,1000,2000,1000,1500,0,0,0,0,1493,1505,1579,1498,1539,1428,1584,1464,0,1503,0,0,0,1500,0,-0.07239039987325668,98548.3125,46.43,0.3343639075756073,27920376,0.0,25.329750061035156,1,0,0.28,4,25,-1,,,
auto,00000003.BIN,C:\Users\Siya Bhadu\OneDrive\Desktop\ardupilot_parse\data\auto\00000003.BIN,00000003__descent_002,2,26460.221214,3.4500000000007276,POS.RelHomeAlt,0.06305596977472305,0.08088359981775284,0.0,-0.0,4.1794753074646,ARSP.Airspeed,-1.9469693899154663,-1.9469693899154663,-106.62842827779795,ArduPilot_AOA.AOA,6.905550479888916,6.905550479888916,10.566424075971833,ArduPilot_AOA.SSA,ArduPilot_AOA,ground_relative_approx,0.025972517461261977,0.011199407279491425,0.02343384176492691,-0.07417549192905426,-0.24,-0.23,277.34,-0.24,-0.23,0.0,0.0,0.0,1501.0,1501.0,1000.0,1500.0,0.002,0.002,0.0,0.0,-0.02000000000029104,0.02000000000029104,0.0,0.0,1494.0,1505.0,1579.0,1498.0,0.0,26.0,0.0,-0.006089203059673309,-0.002469147788360715,0.0046330043114721775,0.13872860372066498,0.03241657838225365,-9.830795288085938,32.9473594,-118.5318909,13.96114444732666,7.25349235534668,2.2544643878936768,,,,-0.022108592718719896,0.014411683868025464,-0.07402762161706003,-0.022108592718719896,0.014411683868025464,-0.07402762161706003,2,4,346328800,2436,28,0.52,32.9473589,-118.5318911,261.22,0.022496243938803673,180.038330078125,-0.024538366124033928,0.0,1,32.9473594,-118.5318909,261.0,0.06305596977472305,-2.2169439792633057,-0.24,-0.24,-0.23,-0.23,0.0,277.34,0.01,0.07,3,0,-0.006089203059673309,-0.002469147788360715,0.0046330043114721775,0.13872860372066498,0.03241657838225365,-9.830795288085938,0,0,45.0,1,1,3276,3276,-0.12,0.89,280.92,260.8599853515625,32.9473592,-118.5318884,0.7711801528930664,0.00412148330360651,0.0066760205663740635,-0.6365686058998108,2,0.22,0.54,278.59,0.011199407279491425,0.02343384176492691,-0.07417549192905426,-0.12534518539905548,13.96114444732666,7.25349235534668,2.2544643878936768,0.28,-0.11,0.0,260.94,2,0.18,-0.05,0.04,-1.08,3.92,239,48,385,14,-12,-21,0.0,0.0,-0.005415600724518299,-0.24,-0.24,-0.23,-0.23,0.0,26.0,0.0,4.432461738586426,1,4.486418724060059,1.0322507619857788,0,147.7544403076172,-79.28,-74.02,10.56,4.174069404602051,0.00544491782784462,16.611658096313477,32.9471741,-118.5303247,259.72,12.52,23.0,,,,,,,,,,,,,,,0,4.1794753074646,11.831442832946777,25.32,11.831442832946777,-2.490830183029175,1,1,1.0,0.33152395486831665,0,-1.9469693899154663,6.905550479888916,-0.11819136142730713,0.8887416124343872,280.9329833984375,1501,1501,1000,1500,1000,1000,1000,2000,1000,1500,0,0,0,0,1494,1505,1579,1498,1539,1428,1584,1465,0,1503,0,0,0,1500,0,-0.07239039987325668,98548.3125,46.43,0.3343639075756073,27920376,0.0,25.329750061035156,1,0,0.28,4,25,-1,,,
auto,00000003.BIN,C:\Users\Siya Bhadu\OneDrive\Desktop\ardupilot_parse\data\auto\00000003.BIN,00000003__descent_002,2,26460.271214,3.5,POS.RelHomeAlt,0.06224963814020157,0.08088359981775284,0.0,-1.1102230246251565e-16,4.285435676574707,ARSP.Airspeed,-1.8595253229141235,-1.8595253229141235,-107.81190944020778,ArduPilot_AOA.AOA,7.105154037475586,7.105154037475586,10.871826446102467,ArduPilot_AOA.SSA,ArduPilot_AOA,ground_relative_approx,0.026416165772326843,0.0110024968162179,0.02401580475270748,-0.07084953039884567,-0.25,-0.23,277.27,-0.25,-0.23,0.0,0.0,0.0,1501.0,1502.0,1000.0,1500.0,0.002,0.004,0.0,0.0,0.01999999999810825,2.9103837395627608e-12,0.0,0.01999999999810825,1493.0,1505.0,1579.0,1498.0,0.0,26.0,0.0,-0.006455467082560062,-0.0055904691107571125,-0.0011871510650962591,0.11450561136007309,0.007116289809346199,-9.801743507385254,32.9473594,-118.5318909,13.961504936218262,7.25537633895874,2.2560477256774902,,,,-0.022714650988677584,0.014261741869763481,-0.0706973629009655,-0.022714650988677584,0.014261741869763481,-0.0706973629009655,2,4,346328800,2436,28,0.52,32.9473589,-118.5318911,261.22,0.022496243938803673,180.038330078125,-0.024538366124033928,0.0,1,32.9473594,-118.5318909,261.0,0.06224963814020157,-2.217750310897827,-0.25,-0.25,-0.23,-0.23,0.0,277.27,0.01,0.07,3,0,-0.006455467082560062,-0.0055904691107571125,-0.0011871510650962591,0.11450561136007309,0.007116289809346199,-9.801743507385254,0,0,45.0,1,1,3276,3276,-0.12,0.88,280.9,260.8599853515625,32.9473592,-118.5318885,0.7710639834403992,0.004040579777210951,0.006641507148742676,-0.6367101669311523,2,0.21,0.54,278.52,0.0110024968162179,0.02401580475270748,-0.07084953039884567,-0.1228683739900589,13.961504936218262,7.25537633895874,2.2560477256774902,0.28,-0.11,0.0,260.94,2,0.18,-0.05,0.04,-1.08,3.92,239,48,385,14,-12,-21,0.0,0.0,-0.005415600724518299,-0.25,-0.25,-0.23,-0.23,0.0,26.0,0.0,4.432461738586426,1,4.486418724060059,1.0322507619857788,0,147.7544403076172,-79.28,-74.02,10.56,4.174069404602051,0.00544491782784462,16.611658096313477,32.9471741,-118.5303247,259.72,12.52,23.0,,,,,,,,,,,,,,,0,4.285435676574707,12.438962936401367,25.32,12.438962936401367,-2.490830183029175,1,1,1.0,0.33152395486831665,0,-1.8595253229141235,7.105154037475586,-0.12622800469398499,0.8756996989250183,280.88702392578125,1501,1502,1000,1500,1000,1000,1000,2000,1000,1500,0,0,0,0,1493,1505,1579,1498,1540,1427,1584,1464,0,1503,0,0,0,1500,0,0.08635814487934113,98546.5078125,46.42,0.11461371183395386,27920477,0.0,25.329750061035156,1,0,0.29,4,25,-1,,,
auto,00000003.BIN,C:\Users\Siya Bhadu\OneDrive\Desktop\ardupilot_parse\data\auto\00000003.BIN,00000003__descent_002,2,26460.321214000003,3.5500000000029104,POS.RelHomeAlt,0.0659172311425209,0.08088359981775284,0.0,1.1102230246251565e-16,4.285435676574707,ARSP.Airspeed,-1.8595253229141235,-1.8595253229141235,-108.92413800761379,ArduPilot_AOA.AOA,7.105154037475586,7.105154037475586,8.284034837753461,ArduPilot_AOA.SSA,ArduPilot_AOA,ground_relative_approx,0.02509515418113237,0.007231471128761768,0.0240306593477726,-0.06796208769083023,-0.25,-0.25,277.09,-0.25,-0.25,0.0,0.0,0.0,1502.0,1501.0,1000.0,1501.0,0.004,0.002,0.0,0.002,0.01999999999810825,-0.019999999998108246,0.0,-2.9103830455463155e-12,1494.0,1505.0,1579.0,1498.0,0.0,26.0,0.0,-0.0017608532216399908,-0.007029518019407988,-0.007478644140064716,0.11928492784500122,-0.02117261476814747,-9.863387107849121,32.9473594,-118.5318909,13.962218284606934,7.258712291717529,2.2542858123779297,,,,-0.02325066185235009,0.010438241830764588,-0.06781638413820847,-0.02325066185235009,0.010438241830764588,-0.06781638413820847,2,4,346328800,2436,28,0.52,32.9473589,-118.5318911,261.22,0.022496243938803673,180.038330078125,-0.024538366124033928,0.0,1,32.9473594,-118.5318909,261.0,0.0659172311425209,-2.214082717895508,-0.25,-0.25,-0.25,-0.25,0.0,277.09,0.01,0.07,3,0,-0.0017608532216399908,-0.007029518019407988,-0.007478644140064716,0.11928492784500122,-0.02117261476814747,-9.863387107849121,0,0,45.0,1,1,3276,3276,-0.12,0.87,280.82,261.0199890136719,32.9473589,-118.5318911,0.7706246376037598,0.004018349107354879,0.006572264712303877,-0.6372427344322205,2,0.21,0.53,278.34,0.007231471128761768,0.0240306593477726,-0.06796208769083023,-0.12790672481060028,13.962218284606934,7.258712291717529,2.2542858123779297,0.28,-0.11,0.0,260.94,0,0.18,0.0,-0.01,-1.0,3.93,239,48,385,10,-9,-23,0.0,0.0,-0.044091660529375076,-0.25,-0.25,-0.25,-0.25,0.0,26.0,0.0,4.388870716094971,1,4.455753803253174,1.0322507619857788,0,147.7544403076172,-79.28,-74.02,10.56,4.174069404602051,0.00544491782784462,16.715763092041016,32.9471741,-118.5303247,259.72,12.52,23.0,,,,,,,,,,,,,,,0,4.285435676574707,12.438962936401367,25.32,12.438962936401367,-2.490830183029175,1,1,1.0,0.33152395486831665,0,-1.8595253229141235,7.105154037475586,-0.12622800469398499,0.8756996989250183,280.88702392578125,1502,1501,1000,1501,1000,1000,1000,2000,1000,1500,0,0,0,0,1494,1505,1579,1498,1540,1427,1584,1465,0,1503,0,0,0,1500,0,0.08635814487934113,98546.5078125,46.42,0.11461371183395386,27920477,0.0,25.329750061035156,1,0,0.29,4,25,-1,,,
auto,00000003.BIN,C:\Users\Siya Bhadu\OneDrive\Desktop\ardupilot_parse\data\auto\00000003.BIN,00000003__descent_002,2,26460.371214000003,3.600000000002183,POS.RelHomeAlt,0.06844828277826309,0.08088359981775284,0.0,-0.0,4.613028526306152,ARSP.Airspeed,-1.84499192237854,-1.84499192237854,-109.70085829615367,ArduPilot_AOA.AOA,7.20962381362915,7.20962381362915,8.876420914942832,ArduPilot_AOA.SSA,ArduPilot_AOA,ground_relative_approx,0.025254540343373866,0.007612456567585468,0.02407991513609886,-0.0650661289691925,-0.25,-0.24,276.99,-0.25,-0.24,0.0,0.0,0.0,1502.0,1501.0,1000.0,1500.0,0.004,0.002,0.0,0.0,0.0,0.0,0.0,-0.02000000000029104,1494.0,1505.0,1579.0,1498.0,0.0,35.0,0.0,-0.003126709023490548,-0.0038064925465732813,-0.013216597028076649,0.10961766541004181,0.06381434202194214,-9.825931549072266,32.9473594,-118.5318909,13.96187973022461,7.257911682128906,2.2525696754455566,,,,-0.0232468785843723,0.010769689692812187,-0.0649229494631496,-0.0232468785843723,0.010769689692812187,-0.0649229494631496,2,4,346328800,2436,28,0.52,32.9473589,-118.5318911,261.22,0.022496243938803673,180.038330078125,-0.024538366124033928,0.0,1,32.9473594,-118.5318909,261.0,0.06844828277826309,-2.2115516662597656,-0.25,-0.25,-0.24,-0.24,0.0,276.99,0.01,0.07,3,0,-0.003126709023490548,-0.0038064925465732813,-0.013216597028076649,0.10961766541004181,0.06381434202194214,-9.825931549072266,0,0,45.0,1,1,3276,3276,-0.14,0.88,280.77,261.0199890136719,32.9473589,-118.5318911,0.7703438401222229,0.003960462752729654,0.006720573641359806,-0.6375810503959656,2,0.21,0.53,278.24,0.007612456567585468,0.02407991513609886,-0.0650661289691925,-0.1250198632478714,13.96187973022461,7.257911682128906,2.2525696754455566,0.28,-0.11,0.01,260.94,1,0.18,-0.01,0.03,-0.93,3.95,239,48,385,11,-10,-22,0.0,0.0,-0.04983825981616974,-0.25,-0.25,-0.24,-0.24,0.0,35.0,0.0,4.388870716094971,1,4.455753803253174,1.0322507619857788,0,147.7544403076172,-79.28,-74.02,10.56,4.174069404602051,0.00544491782784462,16.759355545043945,32.9471741,-118.5303247,259.72,12.52,23.0,,,,,,,,,,,,,,,0,4.613028526306152,14.41340160369873,25.32,14.41340160369873,-2.490830183029175,1,1,1.0,0.33152395486831665,0,-1.84499192237854,7.20962381362915,-0.1414206326007843,0.8826501965522766,280.77276611328125,1502,1501,1000,1500,1000,1000,1000,2000,1000,1500,0,0,0,0,1494,1505,1579,1498,1541,1426,1584,1465,0,1504,0,0,0,1500,0,0.028880225494503975,98547.1484375,46.42,-0.17634212970733643,27920578,0.0,25.329750061035156,1,0,0.28,4,25,-1,,,
auto,00000003.BIN,C:\Users\Siya Bhadu\OneDrive\Desktop\ardupilot_parse\data\auto\00000003.BIN,00000003__descent_002,2,26460.421214,3.650000000001455,POS.RelHomeAlt,0.07224152237176895,0.08088359981775284,0.0,-0.0,4.613028526306152,ARSP.Airspeed,-1.84499192237854,-1.84499192237854,-109.07661765622457,ArduPilot_AOA.AOA,7.20962381362915,7.20962381362915,10.620024748629456,ArduPilot_AOA.SSA,ArduPilot_AOA,ground_relative_approx,0.024696111227416436,0.00951601192355156,0.022789107635617256,-0.06306242942810059,-0.27,-0.25,276.9,-0.27,-0.25,0.0,0.0,0.0,1502.0,1501.0,1000.0,1500.0,0.004,0.002,0.0,0.0,-0.02000000000029104,0.02000000000029104,0.0,0.0,1494.0,1505.0,1579.0,1498.0,0.0,26.0,0.0,-0.008976035751402378,-0.004121339414268732,-0.011850863695144653,0.11288876086473465,0.15134553611278534,-9.796805381774902,32.9473594,-118.5318909,13.961067199707031,7.255130767822266,2.249501943588257,,,,-0.021755786732290665,0.012481495851695107,-0.06290998267440784,-0.021755786732290665,0.012481495851695107,-0.06290998267440784,2,4,346329000,2436,28,0.52,32.9473591,-118.5318893,261.07,0.04999072104692459,19.52564239501953,0.041630085557699203,0.0,1,32.9473594,-118.5318909,261.0099792480469,0.07224152237176895,-2.2077584266662598,-0.27,-0.27,-0.25,-0.25,0.0,276.9,0.01,0.07,3,0,-0.008976035751402378,-0.004121339414268732,-0.011850863695144653,0.11288876086473465,0.15134553611278534,-9.796805381774902,0,0,45.0,1,1,3276,3276,-0.16,0.88,280.73,260.9599914550781,32.9473589,-118.5318911,0.7701120972633362,0.0038038340862840414,0.006917820777744055,-0.6378598213195801,2,0.19,0.53,278.15,0.00951601192355156,0.022789107635617256,-0.06306242942810059,-0.12958762049674988,13.961067199707031,7.255130767822266,2.249501943588257,0.28,-0.11,0.01,260.94,2,0.18,-0.05,0.04,-1.08,3.92,239,48,385,14,-12,-21,0.0,0.0,-0.005415600724518299,-0.27,-0.27,-0.25,-0.25,0.0,26.0,0.0,4.457302093505859,1,4.455753803253174,1.0322507619857788,0,147.7544403076172,-79.28,-74.02,10.56,4.174069404602051,0.00544491782784462,16.759355545043945,32.9471741,-118.5303247,259.72,12.52,23.0,,,,,,,,,,,,,,,0,4.613028526306152,14.41340160369873,25.32,14.41340160369873,-2.490830183029175,1,1,1.0,0.33152395486831665,0,-1.84499192237854,7.20962381362915,-0.1414206326007843,0.8826501965522766,280.77276611328125,1502,1501,1000,1500,1000,1000,1000,2000,1000,1500,0,0,0,0,1494,1505,1579,1498,1541,1426,1584,1465,0,1503,0,0,0,1500,0,0.028880225494503975,98547.1484375,46.42,-0.17634212970733643,27920578,0.0,25.329750061035156,1,0,0.28,4,25,-1,,,
auto,00000003.BIN,C:\Users\Siya Bhadu\OneDrive\Desktop\ardupilot_parse\data\auto\00000003.BIN,00000003__descent_002,2,26460.471214,3.7000000000007276,POS.RelHomeAlt,0.07439325004816055,0.08088359981775284,0.0,-0.0,4.637269496917725,ARSP.Airspeed,-1.761189341545105,-1.761189341545105,-107.99844102612427,ArduPilot_AOA.AOA,7.495211124420166,7.495211124420166,10.6445902507735,ArduPilot_AOA.SSA,ArduPilot_AOA,ground_relative_approx,0.023041595606009376,0.009419656358659267,0.021028200164437294,-0.06180446594953537,-0.31,-0.25,276.82,-0.31,-0.25,0.0,0.0,0.0,1501.0,1502.0,1000.0,1500.0,0.002,0.004,0.0,0.0,0.0,0.0,0.0,0.0,1494.0,1505.0,1579.0,1498.0,0.0,26.0,0.0,-0.016918489709496498,-0.005170322023332119,-0.007991058751940727,0.14119556546211243,0.056223250925540924,-9.860499382019043,32.9473594,-118.5318909,13.960454940795898,7.252695560455322,2.2481181621551514,,,,-0.02003030139287074,0.012183864328302303,-0.06165263672802998,-0.02003030139287074,0.012183864328302303,-0.06165263672802998,2,4,346329000,2436,28,0.52,32.9473591,-118.5318893,261.07,0.04999072104692459,19.52564239501953,0.041630085557699203,0.0,1,32.9473594,-118.5318909,261.0099792480469,0.07439325004816055,-2.205606698989868,-0.31,-0.31,-0.25,-0.25,0.0,276.82,0.01,0.07,3,0,-0.016918489709496498,-0.005170322023332119,-0.007991058751940727,0.14119556546211243,0.056223250925540924,-9.860499382019043,0,0,45.0,1,1,3276,3276,-0.21,0.89,280.69,260.9599914550781,32.9473589,-118.5318911,0.769906759262085,0.003556229639798403,0.007171186618506908,-0.6381062269210815,2,0.15,0.53,278.07,0.009419656358659267,0.021028200164437294,-0.06180446594953537,-0.12966594099998474,13.960454940795898,7.252695560455322,2.2481181621551514,0.28,-0.11,0.01,260.94,1,0.18,-0.01,0.03,-0.93,3.95,239,48,385,11,-10,-22,0.0,0.0,-0.04983825981616974,-0.31,-0.31,-0.25,-0.25,0.0,26.0,0.0,4.457302093505859,1,4.455753803253174,1.0322507619857788,0,147.7544403076172,-79.28,-74.02,10.56,4.174069404602051,0.00544491782784462,16.759355545043945,32.9471741,-118.5303247,259.72,12.52,23.0,,,,,,,,,,,,,,,0,4.637269496917725,14.56528091430664,25.32,14.56528091430664,-2.490830183029175,1,1,1.0,0.33152395486831665,0,-1.761189341545105,7.495211124420166,-0.2363811731338501,0.8970494866371155,280.6755065917969,1501,1502,1000,1500,1000,1000,1000,2000,1000,1500,0,0,0,0,1494,1505,1579,1498,1540,1427,1584,1465,0,1503,0,0,0,1500,0,0.1410990208387375,98545.8828125,46.42,-0.14718420803546906,27920677,0.0,25.329750061035156,1,0,0.28,4,25,-1,,,
auto,00000003.BIN,C:\Users\Siya Bhadu\OneDrive\Desktop\ardupilot_parse\data\auto\00000003.BIN,00000003__descent_002,2,26460.521214,3.75,POS.RelHomeAlt,0.08222029358148575,0.08088359981775284,0.0,-0.0339806079832361,4.637269496917725,ARSP.Airspeed,-1.761189341545105,-1.761189341545105,-108.45644075106964,ArduPilot_AOA.AOA,7.495211124420166,7.495211124420166,-1.0837334275005883,ArduPilot_AOA.SSA,ArduPilot_AOA,ground_relative_approx,0.032529479015208085,-0.006347541231662035,0.03190416470170021,-0.09857042878866196,-0.37,-0.25,276.67,-0.37,-0.25,0.0,0.0,0.0,1502.0,1501.0,1000.0,1500.0,0.004,0.002,0.0,0.0,0.020000000001018634,-0.020000000001018637,0.0,0.0,1493.0,1505.0,1579.0,1498.0,0.0,26.0,0.0,-0.01865438185632229,-0.0020034052431583405,-0.007449619472026825,0.1394469141960144,0.028985053300857544,-9.820306777954102,32.9473594,-118.531891,13.94383716583252,7.264206886291504,2.201751708984375,,,,-0.03285528056436497,-0.0019632174277460475,-0.09844273844702715,-0.03285528056436497,-0.0019632174277460475,-0.09844273844702715,2,4,346329000,2436,28,0.52,32.9473591,-118.5318893,261.07,0.04999072104692459,19.52564239501953,0.041630085557699203,0.0,1,32.9473594,-118.531891,261.0199890136719,0.08222029358148575,-2.197779655456543,-0.37,-0.37,-0.25,-0.25,0.0,276.67,0.02,0.06,3,0,-0.01865438185632229,-0.0020034052431583405,-0.007449619472026825,0.1394469141960144,0.028985053300857544,-9.820306777954102,0,0,45.0,1,1,3276,3276,-0.26,0.9,280.62,261.0799865722656,32.9473591,-118.5318893,0.7695185542106628,0.0032355866860598326,0.007562052924185991,-0.6385715007781982,1,-0.22,-0.18,276.75,-0.006347541231662035,0.03190416470170021,-0.09857042878866196,-0.14573267102241516,13.94383716583252,7.264206886291504,2.201751708984375,-0.05,-0.03,-0.02,260.94,2,0.18,-0.05,0.04,-1.08,3.92,239,48,385,14,-12,-21,0.0,0.0,-0.005415600724518299,-0.37,-0.37,-0.25,-0.25,0.0,26.0,0.0,4.5120463371276855,1,4.462643146514893,1.0322507619857788,0,147.76370239257812,-79.28,-74.02,10.55,4.174069404602051,0.00544491782784462,16.6909236907959,32.9471741,-118.5303247,259.72,12.52,23.0,,,,,,,,,,,,,,,0,4.637269496917725,14.56528091430664,25.32,14.56528091430664,-2.490830183029175,1,1,1.0,0.33152395486831665,0,-1.761189341545105,7.495211124420166,-0.2363811731338501,0.8970494866371155,280.6755065917969,1502,1501,1000,1500,1000,1000,1000,2000,1000,1500,0,0,0,0,1493,1505,1579,1498,1539,1428,1584,1464,0,1503,0,0,0,1500,0,0.1410990208387375,98545.8828125,46.42,-0.14718420803546906,27920677,0.0,25.329750061035156,1,0,0.28,4,25,-1,,,
auto,00000003.BIN,C:\Users\Siya Bhadu\OneDrive\Desktop\ardupilot_parse\data\auto\00000003.BIN,00000003__descent_002,2,26460.571214000003,3.8000000000029104,POS.RelHomeAlt,0.08634302765130997,0.08428166061639786,0.0,-0.07401943206669614,4.941592693328857,ARSP.Airspeed,-1.665696144104004,-1.665696144104004,-101.02163307648729,ArduPilot_AOA.AOA,7.62075138092041,7.62075138092041,-6.939752566141151,ArduPilot_AOA.SSA,ArduPilot_AOA,ground_relative_approx,0.023592332468312206,-0.015486340038478374,0.01779807358980179,-0.1022147387266159,-0.37,-0.25,276.61,-0.37,-0.25,0.0,0.0,0.0,1502.0,1501.0,1000.0,1500.0,0.004,0.002,0.0,0.0,-0.020000000001018634,0.020000000001018634,0.0,0.0,1494.0,1505.0,1579.0,1498.0,0.0,26.0,0.0,-0.005561279132962227,-0.0038345037028193474,-0.0058576068840920925,0.1527235358953476,0.12422437965869904,-9.816469192504883,32.9473593,-118.531891,13.936714172363281,7.252260684967041,2.1936569213867188,,,,-0.019908214262530068,-0.012674859180353078,-0.10221282656242879,-0.019908214262530068,-0.012674859180353078,-0.10221282656242879,2,4,346329000,2436,28,0.52,32.9473591,-118.5318893,261.07,0.04999072104692459,19.52564239501953,0.041630085557699203,0.0,1,32.9473593,-118.531891,261.0199890136719,0.08634302765130997,-2.1936569213867188,-0.37,-0.37,-0.25,-0.25,0.0,276.61,0.02,0.06,3,0,-0.005561279132962227,-0.0038345037028193474,-0.0058576068840920925,0.1527235358953476,0.12422437965869904,-9.816469192504883,0,0,45.0,1,1,3276,3276,-0.24,0.9,280.59,261.0799865722656,32.9473591,-118.5318893,0.7693628072738647,0.0033684929367154837,0.007426236290484667,-0.6387600302696228,0,-0.37,-0.25,276.6,-0.015486340038478374,0.01779807358980179,-0.1022147387266159,-0.14055413007736206,13.936714172363281,7.252260684967041,2.1936569213867188,-0.12,-0.25,-0.18,260.94,1,0.18,-0.01,0.03,-0.93,3.95,239,48,385,11,-10,-22,0.0,0.0,-0.04983825981616974,-0.37,-0.37,-0.25,-0.25,0.0,26.0,0.0,4.5120463371276855,1,4.462643146514893,1.0322507619857788,0,147.76214599609375,-79.28,-74.02,10.54,4.174069404602051,0.00544491782784462,16.636178970336914,32.9471741,-118.5303247,259.72,12.52,23.0,,,,,,,,,,,,,,,0,4.941592693328857,16.539718627929688,25.32,16.539718627929688,-2.490830183029175,1,1,1.0,0.33152395486831665,0,-1.665696144104004,7.62075138092041,-0.24662964046001434,0.901314914226532,280.5961608886719,1502,1501,1000,1500,1000,1000,1000,2000,1000,1500,0,0,0,0,1494,1505,1579,1498,1540,1427,1584,1465,0,1503,0,0,0,1500,0,0.10551745444536209,98546.2890625,46.42,0.12587691843509674,27920776,0.0,25.329750061035156,1,0,0.29,4,25,-1,,,
auto,00000003.BIN,C:\Users\Siya Bhadu\OneDrive\Desktop\ardupilot_parse\data\auto\00000003.BIN,00000003__descent_002,2,26460.621214000003,3.850000000002183,POS.RelHomeAlt,0.09022805839776993,0.08828554302453995,0.0,-0.07230877876386954,4.941592693328857,ARSP.Airspeed,-1.665696144104004,-1.665696144104004,-99.87047401800778,ArduPilot_AOA.AOA,7.62075138092041,7.62075138092041,-6.076313271259185,ArduPilot_AOA.SSA,ArduPilot_AOA,ground_relative_approx,0.020685096500296204,-0.013411291874945164,0.015748348087072372,-0.10127225518226624,-0.33,-0.25,276.56,-0.33,-0.25,0.0,0.0,0.0,1501.0,1502.0,1000.0,1500.0,0.002,0.004,0.0,0.0,-0.02000000000029104,0.02000000000029104,0.0,0.0,1494.0,1505.0,1579.0,1498.0,0.0,26.0,0.0,0.007883800193667412,-0.005990874487906694,-0.0023481417447328568,0.16159290075302124,0.15492887794971466,-9.873613357543945,32.9473593,-118.531891,13.93629264831543,7.250261306762695,2.189771890640259,,,,-0.01761911310220978,-0.010941299730683416,-0.10126103742616656,-0.01761911310220978,-0.010941299730683416,-0.10126103742616656,2,4,346329200,2436,28,0.52,32.947359,-118.5318889,261.04,0.016383765265345573,105.8862075805664,0.0036967911291867495,0.0,1,32.9473593,-118.531891,261.0299987792969,0.09022805839776993,-2.189771890640259,-0.33,-0.33,-0.25,-0.25,0.0,276.56,0.02,0.06,3,0,0.007883800193667412,-0.005990874487906694,-0.0023481417447328568,0.16159290075302124,0.15492887794971466,-9.873613357543945,0,0,45.0,1,1,3276,3276,-0.19,0.89,280.57,261.0400085449219,32.9473592,-118.5318893,0.7692549228668213,0.003690340556204319,0.0071266284212470055,-0.6388915777206421,0,-0.33,-0.25,276.55,-0.013411291874945164,0.015748348087072372,-0.10127225518226624,-0.1380745768547058,13.93629264831543,7.250261306762695,2.189771890640259,-0.12,-0.25,-0.18,260.94,1,0.18,-0.01,0.03,-0.93,3.95,239,48,385,11,-10,-22,0.0,0.0,-0.04983825981616974,-0.33,-0.33,-0.25,-0.25,0.0,26.0,0.0,4.645082950592041,1,4.462643146514893,1.0322507619857788,0,147.76214599609375,-79.28,-74.02,10.54,4.174069404602051,0.00544491782784462,16.636178970336914,32.9471741,-118.5303247,259.72,12.52,23.0,,,,,,,,,,,,,,,0,4.941592693328857,16.539718627929688,25.32,16.539718627929688,-2.490830183029175,1,1,1.0,0.33152395486831665,0,-1.665696144104004,7.62075138092041,-0.24662964046001434,0.901314914226532,280.5961608886719,1501,1502,1000,1500,1000,1000,1000,2000,1000,1500,0,0,0,0,1494,1505,1579,1498,1540,1427,1584,1465,0,1503,0,0,0,1500,0,0.10551745444536209,98546.2890625,46.42,0.12587691843509674,27920776,0.0,25.329750061035156,1,0,0.29,4,25,-1,,,
auto,00000003.BIN,C:\Users\Siya Bhadu\OneDrive\Desktop\ardupilot_parse\data\auto\00000003.BIN,00000003__descent_002,2,26460.671214,3.900000000001455,POS.RelHomeAlt,0.09279701858758926,0.0915125384926796,0.0,-0.08549213409548229,4.7918477058410645,ARSP.Airspeed,-1.6634520292282104,-1.6634520292282104,-102.05616542891623,ArduPilot_AOA.AOA,7.71986198425293,7.71986198425293,10.82651299928928,ArduPilot_AOA.SSA,ArduPilot_AOA,ground_relative_approx,0.014564712469963182,0.0085242735221982,0.011809640564024448,-0.05159935727715492,-0.29,-0.26,276.52,-0.29,-0.26,0.0,0.0,0.0,1501.0,1502.0,1000.0,1500.0,0.002,0.004,0.0,0.0,0.0,-0.02000000000029104,0.0,0.0,1494.0,1505.0,1579.0,1498.0,0.0,26.0,0.0,0.019405484199523926,-0.004193437751382589,0.0021416274830698967,0.15894196927547455,0.06315796077251434,-9.784734725952148,32.9473593,-118.5318911,13.958547592163086,7.24340295791626,2.2340407371520996,,,,-0.010999366420192799,0.010070917027900538,-0.05149966106024057,-0.010999366420192799,0.010070917027900538,-0.05149966106024057,2,4,346329200,2436,28,0.52,32.947359,-118.5318889,261.04,0.016383765265345573,105.8862075805664,0.0036967911291867495,0.0,1,32.9473593,-118.5318911,261.0299987792969,0.09279701858758926,-2.1872029304504395,-0.29,-0.29,-0.26,-0.26,0.0,276.52,0.02,0.06,3,0,0.019405484199523926,-0.004193437751382589,0.0021416274830698967,0.15894196927547455,0.06315796077251434,-9.784734725952148,0,0,44.5,1,1,3276,3276,-0.13,0.89,280.56,261.0400085449219,32.9473592,-118.5318893,0.769183874130249,0.004116005729883909,0.006758856121450663,-0.6389786005020142,2,0.17,0.53,277.77,0.0085242735221982,0.011809640564024448,-0.05159935727715492,-0.10345277935266495,13.958547592163086,7.24340295791626,2.2340407371520996,0.28,-0.11,0.01,260.94,2,0.18,-0.05,0.04,-1.08,3.92,239,48,385,14,-12,-21,0.0,0.0,-0.005415600724518299,-0.29,-0.29,-0.26,-0.26,0.0,26.0,0.0,4.645082950592041,1,4.462643146514893,1.0322507619857788,0,147.76214599609375,-79.28,-74.02,10.54,4.174069404602051,0.00544491782784462,16.636178970336914,32.9471741,-118.5303247,259.72,12.52,23.0,,,,,,,,,,,,,,,0,4.7918477058410645,15.55250072479248,25.32,15.55250072479248,-2.490830183029175,1,1,1.0,0.33152395486831665,0,-1.6634520292282104,7.71986198425293,-0.09905745089054108,0.8947983384132385,280.5626525878906,1501,1502,1000,1500,1000,1000,1000,2000,1000,1500,0,0,0,0,1494,1505,1579,1498,1540,1427,1584,1465,0,1503,0,0,0,1500,0,0.004246830474585295,98547.4453125,46.42,0.2506105601787567,27920877,0.0,25.329750061035156,1,0,0.29,4,25,-1,,,
auto,00000003.BIN,C:\Users\Siya Bhadu\OneDrive\Desktop\ardupilot_parse\data\auto\00000003.BIN,00000003__descent_002,2,26460.721214,3.9500000000007276,POS.RelHomeAlt,0.10087249428033829,0.09683475643396378,0.0,-0.11503100395370025,4.7918477058410645,ARSP.Airspeed,-1.6634520292282104,-1.6634520292282104,-96.92190820435788,ArduPilot_AOA.AOA,7.71986198425293,7.71986198425293,-6.932604738714615,ArduPilot_AOA.SSA,ArduPilot_AOA,ground_relative_approx,0.016276995432120057,-0.013114255852997303,0.009641414508223534,-0.09459074586629868,-0.22,-0.26,276.45,-0.22,-0.26,0.0,0.0,0.0,1501.0,1501.0,1000.0,1500.0,0.002,0.002,0.0,0.0,0.02000000000029104,-0.02000000000029104,0.0,0.0,1493.0,1505.0,1579.0,1498.0,0.0,26.0,0.0,0.015731537714600563,-0.005936291068792343,0.003478443482890725,0.1484283208847046,0.06563949584960938,-9.82921028137207,32.9473593,-118.5318911,13.935270309448242,7.245057582855225,2.1791274547576904,,,,-0.011482715387905558,-0.011585073803311294,-0.09458479315477801,-0.011482715387905558,-0.011585073803311294,-0.09458479315477801,2,4,346329200,2436,28,0.52,32.947359,-118.5318889,261.04,0.016383765265345573,105.8862075805664,0.0036967911291867495,0.0,1,32.9473593,-118.5318911,261.0400085449219,0.10087249428033829,-2.1791274547576904,-0.22,-0.22,-0.26,-0.26,0.0,276.45,0.02,0.06,3,0,0.015731537714600563,-0.005936291068792343,0.003478443482890725,0.1484283208847046,0.06563949584960938,-9.82921028137207,0,0,45.0,1,1,3276,3276,-0.05,0.89,280.55,260.94000244140625,32.947359,-118.5318889,0.7691007852554321,0.004627816844731569,0.006343228276818991,-0.6390792727470398,0,-0.22,-0.26,276.44,-0.013114255852997303,0.009641414508223534,-0.09459074586629868,-0.11822827905416489,13.935270309448242,7.245057582855225,2.1791274547576904,-0.12,-0.25,-0.18,260.94,2,0.18,-0.05,0.04,-1.08,3.92,239,48,385,14,-12,-21,0.0,0.0,-0.005415600724518299,-0.22,-0.22,-0.26,-0.26,0.0,26.0,0.0,4.689594745635986,1,4.481061935424805,1.0322507619857788,0,147.77139282226562,-79.28,-74.02,10.53,4.174069404602051,0.00544491782784462,16.503143310546875,32.9471741,-118.5303247,259.72,12.52,23.0,,,,,,,,,,,,,,,0,4.7918477058410645,15.55250072479248,25.32,15.55250072479248,-2.490830183029175,1,1,1.0,0.33152395486831665,0,-1.6634520292282104,7.71986198425293,-0.09905745089054108,0.8947983384132385,280.5626525878906,1501,1501,1000,1500,1000,1000,1000,2000,1000,1500,0,0,0,0,1493,1505,1579,1498,1539,1428,1584,1464,0,1503,0,0,0,1500,0,0.004246830474585295,98547.4453125,46.42,0.2506105601787567,27920877,0.0,25.329750061035156,1,0,0.29,4,25,-1,,,
auto,00000003.BIN,C:\Users\Siya Bhadu\OneDrive\Desktop\ardupilot_parse\data\auto\00000003.BIN,00000003__descent_002,2,26460.771214,4.0,POS.RelHomeAlt,0.10515878349542618,0.10301563888788223,0.0,-0.10511279106045346,4.637269496917725,ARSP.Airspeed,-1.5859864950180054,-1.5859864950180054,-98.01502736114134,ArduPilot_AOA.AOA,7.7942938804626465,7.7942938804626465,12.564355879543307,ArduPilot_AOA.SSA,ArduPilot_AOA,ground_relative_approx,0.012147245447813928,0.009564239531755447,0.007488717790693045,-0.046820349991321564,-0.22,-0.26,276.43,-0.22,-0.26,0.0,0.0,0.0,1502.0,1501.0,1000.0,1500.0,0.004,0.002,0.0,0.0,2.9103837395627608e-12,0.01999999999810825,0.0,0.0,1493.0,1505.0,1579.0,1498.0,0.0,26.0,0.0,0.0004951231530867517,-0.0036701231729239225,0.004660151433199644,0.13551487028598785,0.09536711126565933,-9.856277465820312,32.9473593,-118.5318911,13.958373069763184,7.239078521728516,2.224531650543213,,,,-0.006582915048746348,0.010522318507813296,-0.046750901466820934,-0.006582915048746348,0.010522318507813296,-0.046750901466820934,2,4,346329200,2436,28,0.52,32.947359,-118.5318889,261.04,0.016383765265345573,105.8862075805664,0.0036967911291867495,0.0,1,32.9473593,-118.5318911,261.0400085449219,0.10515878349542618,-2.1748411655426025,-0.22,-0.22,-0.26,-0.26,0.0,276.43,0.02,0.06,3,0,0.0004951231530867517,-0.0036701231729239225,0.004660151433199644,0.13551487028598785,0.09536711126565933,-9.856277465820312,0,0,45.0,1,1,3276,3276,-0.06,0.9,280.54,260.94000244140625,32.947359,-118.5318889,0.7690604329109192,0.004604763817042112,0.006430709268897772,-0.6391271948814392,2,0.23,0.52,277.68,0.009564239531755447,0.007488717790693045,-0.046820349991321564,-0.09189032763242722,13.958373069763184,7.239078521728516,2.224531650543213,0.28,-0.11,0.01,260.94,2,0.18,-0.05,0.04,-1.08,3.92,239,48,385,14,-12,-21,0.0,0.0,-0.005415600724518299,-0.22,-0.22,-0.26,-0.26,0.0,26.0,0.0,4.689594745635986,1,4.481061935424805,1.0322507619857788,0,147.77139282226562,-79.28,-74.02,10.52,4.174069404602051,0.00544491782784462,16.45863151550293,32.9471741,-118.5303247,259.72,12.52,23.0,,,,,,,,,,,,,,,0,4.637269496917725,14.56528091430664,25.32,14.56528091430664,-2.490830183029175,1,1,1.0,0.33152395486831665,0,-1.5859864950180054,7.7942938804626465,-0.06517491489648819,0.9040084481239319,280.5430908203125,1502,1501,1000,1500,1000,1000,1000,2000,1000,1500,0,0,0,0,1493,1505,1579,1498,1540,1427,1584,1464,0,1503,0,0,0,1500,0,0.10004336386919022,98546.3671875,46.42,0.07211198657751083,27920977,0.0,25.329750061035156,1,0,0.28,4,25,-1,,,
auto,00000003.BIN,C:\Users\Siya Bhadu\OneDrive\Desktop\ardupilot_parse\data\auto\00000003.BIN,00000003__descent_002,2,26460.821214000003,4.05000000000291,POS.RelHomeAlt,0.10953328758478165,0.10734603554010391,0.0,-0.08120179176113984,4.637269496917725,ARSP.Airspeed,-1.5859864950180054,-1.5859864950180054,-97.0110033845325,ArduPilot_AOA.AOA,7.7942938804626465,7.7942938804626465,-7.202540724623111,ArduPilot_AOA.SSA,ArduPilot_AOA,ground_relative_approx,0.015992940077570666,-0.013002816587686539,0.009311331436038017,-0.09036233276128769,-0.24,-0.26,276.4,-0.24,-0.26,0.0,0.0,0.0,1501.0,1502.0,1000.0,1500.0,0.002,0.004,0.0,0.0,-0.019999999998108246,0.01999999999810825,0.0,0.0,1493.0,1505.0,1579.0,1498.0,0.0,26.0,0.0,-0.007950223051011562,-0.003874074434861541,0.002315556863322854,0.11104114353656769,0.023732518777251244,-9.78134536743164,32.9473593,-118.5318911,13.934350967407227,7.242741107940674,2.170466661453247,,,,-0.011112652202412346,-0.01150545314115517,-0.0903618217137711,-0.011112652202412346,-0.01150545314115517,-0.0903618217137711,2,4,346329400,2436,28,0.52,32.947359,-118.531889,261.06,0.018473505973815918,23.40705680847168,0.03819853067398071,0.0,1,32.9473593,-118.5318911,261.0400085449219,0.10953328758478165,-2.170466661453247,-0.24,-0.24,-0.26,-0.26,0.0,276.4,0.02,0.06,3,0,-0.007950223051011562,-0.003874074434861541,0.002315556863322854,0.11104114353656769,0.023732518777251244,-9.78134536743164,0,0,45.0,1,1,3276,3276,-0.08,0.9,280.52,261.0400085449219,32.947359,-118.5318889,0.7689821720123291,0.004474014509469271,0.006601556669920683,-0.6392204761505127,0,-0.24,-0.26,276.39,-0.013002816587686539,0.009311331436038017,-0.09036233276128769,-0.11506514251232147,13.934350967407227,7.242741107940674,2.170466661453247,-0.12,-0.25,-0.18,260.94,1,0.18,-0.01,0.02,-0.93,3.95,239,48,385,11,-10,-22,0.0,0.0,-0.04983825981616974,-0.24,-0.24,-0.26,-0.26,0.0,26.0,0.0,4.673958778381348,1,4.481061935424805,1.0322507619857788,0,147.77139282226562,-79.28,-74.02,10.52,4.174069404602051,0.00544491782784462,16.45863151550293,32.9471741,-118.5303247,259.72,12.52,23.0,,,,,,,,,,,,,,,0,4.637269496917725,14.56528091430664,25.32,14.56528091430664,-2.490830183029175,1,1,1.0,0.33152395486831665,0,-1.5859864950180054,7.7942938804626465,-0.06517491489648819,0.9040084481239319,280.5430908203125,1501,1502,1000,1500,1000,1000,1000,2000,1000,1500,0,0,0,0,1493,1505,1579,1498,1540,1427,1584,1464,0,1503,0,0,0,1500,0,0.10004336386919022,98546.3671875,46.42,0.07211198657751083,27920977,0.0,25.329750061035156,1,0,0.28,4,25,-1,,,
auto,00000003.BIN,C:\Users\Siya Bhadu\OneDrive\Desktop\ardupilot_parse\data\auto\00000003.BIN,00000003__descent_002,2,26460.871214000003,4.100000000002183,POS.RelHomeAlt,0.11273834854364395,0.1111358180642128,0.0,-0.09664058685443377,4.043121337890625,ARSP.Airspeed,-1.5325621366500854,-1.5325621366500854,-99.321995483873,ArduPilot_AOA.AOA,7.864218711853027,7.864218711853027,8.302138793440957,ArduPilot_AOA.SSA,ArduPilot_AOA,ground_relative_approx,0.009201778766535077,0.005356125999242067,0.007482288870960474,-0.0429813414812088,-0.26,-0.27,276.36,-0.26,-0.27,0.0,0.0,0.0,1501.0,1502.0,1000.0,1500.0,0.002,0.004,0.0,0.0,0.02000000000029104,-0.02000000000029104,0.0,0.0,1494.0,1505.0,1579.0,1498.0,0.0,26.0,0.0,-0.009743724949657917,-0.00578512204810977,-0.004328077659010887,0.11557978391647339,-0.025444528087973595,-9.88162899017334,32.9473593,-118.5318911,13.957127571105957,7.237900733947754,2.218235492706299,,,,-0.007045381650114862,0.006346843820091812,-0.042920258840320656,-0.007045381650114862,0.006346843820091812,-0.042920258840320656,2,4,346329400,2436,28,0.52,32.947359,-118.531889,261.06,0.018473505973815918,23.40705680847168,0.03819853067398071,0.0,1,32.9473593,-118.5318911,261.04998779296875,0.11273834854364395,-2.1672616004943848,-0.26,-0.26,-0.27,-0.27,0.0,276.36,0.02,0.06,3,0,-0.009743724949657917,-0.00578512204810977,-0.004328077659010887,0.11557978391647339,-0.025444528087973595,-9.88162899017334,0,0,45.0,1,1,3276,3276,-0.11,0.9,280.5,261.0400085449219,32.947359,-118.5318889,0.7688425183296204,0.004301177803426981,0.00674818130210042,-0.6393880844116211,2,0.2,0.52,277.61,0.005356125999242067,0.007482288870960474,-0.0429813414812088,-0.09296949207782745,13.957127571105957,7.237900733947754,2.218235492706299,0.28,-0.11,0.01,260.94,2,0.18,-0.05,0.03,-1.08,3.92,239,48,385,14,-12,-21,0.0,0.0,-0.005415600724518299,-0.26,-0.26,-0.27,-0.27,0.0,26.0,0.0,4.673958778381348,1,4.481061935424805,1.0322507619857788,0,147.77139282226562,-79.28,-74.02,10.52,4.174069404602051,0.00544491782784462,16.45863151550293,32.9471741,-118.5303247,259.72,12.52,23.0,,,,,,,,,,,,,,,0,4.043121337890625,11.072043418884277,25.32,11.072043418884277,-2.490830183029175,1,1,1.0,0.33152395486831665,0,-1.5325621366500854,7.864218711853027,-0.12395941466093063,0.912836492061615,280.4894714355469,1501,1502,1000,1500,1000,1000,1000,2000,1000,1500,0,0,0,0,1494,1505,1579,1498,1540,1427,1584,1465,0,1503,0,0,0,1500,0,-0.1380794495344162,98549.0703125,46.42,-0.19479140639305115,27921077,0.0,25.329750061035156,1,0,0.28,4,25,-1,,,
auto,00000003.BIN,C:\Users\Siya Bhadu\OneDrive\Desktop\ardupilot_parse\data\auto\00000003.BIN,00000003__descent_002,2,26460.921214,4.150000000001455,POS.RelHomeAlt,0.12128183990716934,0.11701009422540665,0.0,-0.12105103582319932,4.043121337890625,ARSP.Airspeed,-1.5325621366500854,-1.5325621366500854,-101.7724612703159,ArduPilot_AOA.AOA,7.864218711853027,7.864218711853027,8.646333801673704,ArduPilot_AOA.SSA,ArduPilot_AOA,ground_relative_approx,0.009753636950995197,0.004912483971565962,0.00842620525509119,-0.03855022415518761,-0.26,-0.27,276.27,-0.26,-0.27,0.0,0.0,0.0,1502.0,1501.0,1000.0,1500.0,0.004,0.002,0.0,0.0,0.0,0.0,0.0,0.0,1494.0,1505.0,1579.0,1498.0,0.0,26.0,0.0,-0.005978606641292572,-0.0032350998371839523,-0.007862000726163387,0.11462964862585068,0.05000016838312149,-9.831648826599121,32.9473593,-118.5318911,13.956072807312012,7.236966609954834,2.2114272117614746,,,,-0.008020866624318872,0.0059780626819092245,-0.03848612323101771,-0.008020866624318872,0.0059780626819092245,-0.03848612323101771,2,4,346329400,2436,28,0.52,32.947359,-118.531889,261.06,0.018473505973815918,23.40705680847168,0.03819853067398071,0.0,1,32.9473593,-118.5318911,261.05999755859375,0.12128183990716934,-2.1587181091308594,-0.26,-0.26,-0.27,-0.27,0.0,276.27,0.01,0.06,3,0,-0.005978606641292572,-0.0032350998371839523,-0.007862000726163387,0.11462964862585068,0.05000016838312149,-9.831648826599121,0,0,45.0,1,1,3276,3276,-0.12,0.91,280.43,260.79998779296875,32.947359,-118.531889,0.7684575319290161,0.004244101699441671,0.006842978298664093,-0.6398501396179199,2,0.19,0.52,277.52,0.004912483971565962,0.00842620525509119,-0.03855022415518761,-0.09565416723489761,13.956072807312012,7.236966609954834,2.2114272117614746,0.28,-0.11,0.01,260.94,0,0.18,0.0,-0.01,-1.0,3.93,239,48,385,10,-9,-23,0.0,0.0,-0.044091660529375076,-0.26,-0.26,-0.27,-0.27,0.0,26.0,0.0,4.494015216827393,1,4.520090103149414,1.0322507619857788,0,147.77139282226562,-79.28,-74.02,10.51,4.174069404602051,0.00544491782784462,16.474266052246094,32.9471741,-118.5303247,259.72,12.52,23.0,,,,,,,,,,,,,,,0,4.043121337890625,11.072043418884277,25.32,11.072043418884277,-2.490830183029175,1,1,1.0,0.33152395486831665,0,-1.5325621366500854,7.864218711853027,-0.12395941466093063,0.912836492061615,280.4894714355469,1502,1501,1000,1500,1000,1000,1001,2000,1000,1500,0,0,0,0,1494,1505,1579,1498,1540,1427,1584,1465,0,1503,0,0,0,1500,0,-0.1380794495344162,98549.0703125,46.42,-0.19479140639305115,27921077,0.0,25.329750061035156,1,0,0.28,4,25,-1,,,
auto,00000003.BIN,C:\Users\Siya Bhadu\OneDrive\Desktop\ardupilot_parse\data\auto\00000003.BIN,00000003__descent_002,2,26460.971214,4.200000000000728,POS.RelHomeAlt,0.12520000338554382,0.12324092164635658,0.0,-0.09987942874576938,4.2460103034973145,ARSP.Airspeed,-1.4917997121810913,-1.4917997121810913,-101.7842557609887,ArduPilot_AOA.AOA,7.914100646972656,7.914100646972656,9.604218062326588,ArduPilot_AOA.SSA,ArduPilot_AOA,ground_relative_approx,0.009646054202696272,0.0053025949746370316,0.008057843893766403,-0.03652987256646156,-0.25,-0.27,276.22,-0.25,-0.27,0.0,0.0,0.0,1501.0,1502.0,1000.0,1500.0,0.002,0.004,0.0,0.0,-0.02000000000029104,0.02000000000029104,0.0,0.0,1493.0,1505.0,1579.0,1498.0,0.0,26.0,0.0,0.0014454972697421908,-0.004448906984180212,-0.00953470915555954,0.12791597843170166,0.0905277281999588,-9.827442169189453,32.9473593,-118.5318911,13.955706596374512,7.23659610748291,2.208559274673462,,,,-0.007607951849313885,0.006303595823369673,-0.03646726888262121,-0.007607951849313885,0.006303595823369673,-0.03646726888262121,2,4,346329400,2436,28,0.52,32.947359,-118.531889,261.06,0.018473505973815918,23.40705680847168,0.03819853067398071,0.0,1,32.9473593,-118.5318911,261.05999755859375,0.12520000338554382,-2.1547999382019043,-0.25,-0.25,-0.27,-0.27,0.0,276.22,0.01,0.06,3,0,0.0014454972697421908,-0.004448906984180212,-0.00953470915555954,0.12791597843170166,0.0905277281999588,-9.827442169189453,0,0,45.0,1,1,3276,3276,-0.11,0.9,280.39,260.79998779296875,32.947359,-118.531889,0.7682516574859619,0.0043118540197610855,0.006730071734637022,-0.6400980949401855,2,0.2,0.52,277.47,0.0053025949746370316,0.008057843893766403,-0.03652987256646156,-0.08408240228891373,13.955706596374512,7.23659610748291,2.208559274673462,0.28,-0.11,0.01,260.94,2,0.18,-0.05,0.03,-1.08,3.92,239,48,385,14,-12,-21,0.0,0.0,-0.005415600724518299,-0.25,-0.25,-0.27,-0.27,0.0,26.0,0.0,4.494015216827393,1,4.520090103149414,1.0322507619857788,0,147.77139282226562,-79.28,-74.02,10.5,4.174069404602051,0.00544491782784462,16.654211044311523,32.9471741,-118.5303247,259.72,12.52,23.0,,,,,,,,,,,,,,,0,4.2460103034973145,12.211142539978027,25.32,12.211142539978027,-2.490830183029175,1,1,1.0,0.33152395486831665,0,-1.4917997121810913,7.914100646972656,-0.11406795680522919,0.9087950587272644,280.39788818359375,1501,1502,1000,1500,1000,1000,1000,2000,1000,1500,0,0,0,0,1493,1505,1579,1498,1539,1428,1584,1464,0,1503,0,0,0,1500,0,0.0699358806014061,98546.6953125,46.42,-0.34463247656822205,27921177,0.0,25.329750061035156,1,0,0.28,4,25,-1,,,
auto,00000003.BIN,C:\Users\Siya Bhadu\OneDrive\Desktop\ardupilot_parse\data\auto\00000003.BIN,00000003__descent_002,2,26461.021214,4.25,POS.RelHomeAlt,0.1287960708141327,0.12699803709983826,0.0,-0.06804820150040025,4.2460103034973145,ARSP.Airspeed,-1.4917997121810913,-1.4917997121810913,-101.43834379944387,ArduPilot_AOA.AOA,7.914100646972656,7.914100646972656,8.321944404947669,ArduPilot_AOA.SSA,ArduPilot_AOA,ground_relative_approx,0.008691632113736223,0.0043587833642959595,0.007519672624766827,-0.03551189601421356,-0.24,-0.27,276.18,-0.24,-0.27,0.0,0.0,0.0,1501.0,1502.0,1000.0,1500.0,0.002,0.004,0.0,0.0,0.0,0.0,0.0,0.0,1493.0,1505.0,1579.0,1498.0,0.0,26.0,0.0,0.0023260805755853653,-0.003991948906332254,-0.00970079842954874,0.13907894492149353,0.039459262043237686,-9.86519718170166,32.9473593,-118.5318911,13.954970359802246,7.236487865447998,2.2055678367614746,,,,-0.00717400710351087,0.005291529351712178,-0.035456629373413255,-0.00717400710351087,0.005291529351712178,-0.035456629373413255,2,4,346329600,2436,28,0.52,32.947359,-118.5318885,261.02,0.03729226067662239,132.07879638671875,-0.010366929695010185,0.0,1,32.9473593,-118.5318911,261.05999755859375,0.1287960708141327,-2.1512038707733154,-0.24,-0.24,-0.27,-0.27,0.0,276.18,0.01,0.06,3,0,0.0023260805755853653,-0.003991948906332254,-0.00970079842954874,0.13907894492149353,0.039459262043237686,-9.86519718170166,0,0,45.0,1,1,3276,3276,-0.1,0.9,280.36,261.0,32.947359,-118.531889,0.7680442929267883,0.004361197352409363,0.006665898021310568,-0.6403472423553467,2,0.21,0.52,277.43,0.0043587833642959595,0.007519672624766827,-0.03551189601421356,-0.0800202414393425,13.954970359802246,7.236487865447998,2.2055678367614746,0.28,-0.11,0.01,260.94,2,0.18,-0.05,0.03,-1.08,3.92,239,48,385,14,-12,-21,0.0,0.0,-0.005415600724518299,-0.24,-0.24,-0.27,-0.27,0.0,26.0,0.0,4.421074390411377,1,4.520090103149414,1.0322507619857788,0,147.77139282226562,-79.28,-74.02,10.5,4.174069404602051,0.00544491782784462,16.654211044311523,32.9471741,-118.5303247,259.72,12.52,23.0,,,,,,,,,,,,,,,0,4.2460103034973145,12.211142539978027,25.32,12.211142539978027,-2.490830183029175,1,1,1.0,0.33152395486831665,0,-1.4917997121810913,7.914100646972656,-0.11406795680522919,0.9087950587272644,280.39788818359375,1501,1502,1000,1500,1000,1000,1000,2000,1000,1500,0,0,0,0,1493,1505,1579,1498,1539,1428,1584,1464,0,1503,0,0,0,1500,0,0.0699358806014061,98546.6953125,46.42,-0.34463247656822205,27921177,0.0,25.329750061035156,1,0,0.28,4,25,-1,,,
auto,00000003.BIN,C:\Users\Siya Bhadu\OneDrive\Desktop\ardupilot_parse\data\auto\00000003.BIN,00000003__descent_002,2,26461.071214000003,4.30000000000291,POS.RelHomeAlt,0.13129541277885437,0.13004574179649353,0.0,-0.0762796401972039,4.376046657562256,ARSP.Airspeed,-1.4272984266281128,-1.4272984266281128,-102.36182228871168,ArduPilot_AOA.AOA,8.025382041931152,8.025382041931152,8.97684756406777,ArduPilot_AOA.SSA,ArduPilot_AOA,ground_relative_approx,0.008619704557946686,0.004326781257987022,0.007455083541572094,-0.03246231749653816,-0.25,-0.27,276.14,-0.25,-0.27,0.0,0.0,0.0,1501.0,1502.0,1000.0,1500.0,0.002,0.004,0.0,0.0,0.0,0.0,0.0,0.0,1493.0,1505.0,1579.0,1498.0,0.0,26.0,0.0,-0.00534189585596323,-0.003626142395660281,-0.006409578025341034,0.1351192742586136,0.11145967245101929,-9.778355598449707,32.9473593,-118.5318911,13.954309463500977,7.236375331878662,2.203721046447754,,,,-0.007102430068925481,0.005240793364953586,-0.03240664956354199,-0.007102430068925481,0.005240793364953586,-0.03240664956354199,2,4,346329600,2436,28,0.52,32.947359,-118.5318885,261.02,0.03729226067662239,132.07879638671875,-0.010366929695010185,0.0,1,32.9473593,-118.5318911,261.07000732421875,0.13129541277885437,-2.1487045288085938,-0.25,-0.25,-0.27,-0.27,0.0,276.14,0.01,0.06,3,0,-0.00534189585596323,-0.003626142395660281,-0.006409578025341034,0.1351192742586136,0.11145967245101929,-9.778355598449707,0,0,45.0,1,1,3276,3276,-0.1,0.9,280.32,261.0,32.947359,-118.531889,0.7678707838058472,0.004331606440246105,0.0066628712229430676,-0.6405554413795471,2,0.2,0.52,277.4,0.004326781257987022,0.007455083541572094,-0.03246231749653816,-0.07071936130523682,13.954309463500977,7.236375331878662,2.203721046447754,0.28,-0.11,0.01,260.94,0,0.18,0.0,-0.01,-1.0,3.93,239,48,385,10,-9,-23,0.0,0.0,-0.044091660529375076,-0.25,-0.25,-0.27,-0.27,0.0,26.0,0.0,4.421074390411377,1,4.520090103149414,1.0322507619857788,0,147.77139282226562,-79.28,-74.02,10.5,4.174069404602051,0.00544491782784462,16.654211044311523,32.9471741,-118.5303247,259.72,12.52,23.0,,,,,,,,,,,,,,,0,4.376046657562256,12.970541954040527,25.32,12.970541954040527,-2.490830183029175,1,1,1.0,0.33152395486831665,0,-1.4272984266281128,8.025382041931152,-0.11337491869926453,0.9008237719535828,280.3188781738281,1501,1502,1000,1500,1000,1000,1000,2000,1000,1500,0,0,0,0,1493,1505,1579,1498,1539,1428,1584,1464,0,1503,0,0,0,1500,0,-0.045019958168268204,98547.9921875,46.41,-0.32491302490234375,27921277,0.0,25.329750061035156,1,0,0.28,4,25,-1,,,
auto,00000003.BIN,C:\Users\Siya Bhadu\OneDrive\Desktop\ardupilot_parse\data\auto\00000003.BIN,00000003__descent_002,2,26461.121214000003,4.350000000002183,POS.RelHomeAlt,0.13795658946037292,0.13462600111961365,0.0,-0.09220361709728886,4.376046657562256,ARSP.Airspeed,-1.4272984266281128,-1.4272984266281128,-97.84139320103621,ArduPilot_AOA.AOA,8.025382041931152,8.025382041931152,13.137994440083713,ArduPilot_AOA.SSA,ArduPilot_AOA,ground_relative_approx,0.007854913931024183,0.006350914016366005,0.004622289910912514,-0.029576288536190987,-0.29,-0.28,276.1,-0.29,-0.28,0.0,0.0,0.0,1501.0,1502.0,1000.0,1500.0,0.002,0.004,0.0,0.0,0.0,0.0,0.0,0.0,1493.0,1505.0,1579.0,1498.0,0.0,26.0,0.0,-0.0119969192892313,-0.007280183490365744,-0.0028888776432722807,0.16179955005645752,0.13063324987888336,-9.82425594329834,32.9473593,-118.5318912,13.953429222106934,7.236141204833984,2.1988143920898438,,,,-0.004065733880651644,0.0069556505813372525,-0.029521945217784756,-0.004065733880651644,0.0069556505813372525,-0.029521945217784756,2,4,346329600,2436,28,0.52,32.947359,-118.5318885,261.02,0.03729226067662239,132.07879638671875,-0.010366929695010185,0.0,1,32.9473593,-118.5318912,261.07000732421875,0.13795658946037292,-2.142043352127075,-0.29,-0.29,-0.28,-0.28,0.0,276.1,0.01,0.06,3,0,-0.0119969192892313,-0.007280183490365744,-0.0028888776432722807,0.16179955005645752,0.13063324987888336,-9.82425594329834,0,0,45.0,1,1,3276,3276,-0.15,0.89,280.29,260.8899841308594,32.947359,-118.5318885,0.767663836479187,0.003935584332793951,0.006858873646706343,-0.6408039927482605,2,0.16,0.51,277.36,0.006350914016366005,0.004622289910912514,-0.029576288536190987,-0.06920445710420609,13.953429222106934,7.236141204833984,2.1988143920898438,0.28,-0.11,0.01,260.94,2,0.18,-0.05,0.03,-1.08,3.92,239,48,385,14,-12,-21,0.0,0.0,-0.005415600724518299,-0.29,-0.29,-0.28,-0.28,0.0,26.0,0.0,4.407614707946777,1,4.496564865112305,1.0322507619857788,0,147.7806396484375,-79.28,-74.02,10.49,4.174069404602051,0.00544491782784462,16.72715187072754,32.9471741,-118.5303247,259.72,12.52,23.0,,,,,,,,,,,,,,,0,4.376046657562256,12.970541954040527,25.32,12.970541954040527,-2.490830183029175,1,1,1.0,0.33152395486831665,0,-1.4272984266281128,8.025382041931152,-0.11337491869926453,0.9008237719535828,280.3188781738281,1501,1502,1000,1500,1000,1000,1000,2000,1000,1500,0,0,0,0,1493,1505,1579,1498,1539,1428,1584,1464,0,1503,0,0,0,1500,0,-0.045019958168268204,98547.9921875,46.41,-0.32491302490234375,27921277,0.0,25.329750061035156,1,0,0.28,4,25,-1,,,
auto,00000003.BIN,C:\Users\Siya Bhadu\OneDrive\Desktop\ardupilot_parse\data\auto\00000003.BIN,00000003__descent_002,2,26461.171214,4.400000000001455,POS.RelHomeAlt,0.1405756175518036,0.13926610350608826,0.0,-0.0740897655497843,3.9590559005737305,ARSP.Airspeed,-1.3579381704330444,-1.3579381704330444,-103.87026328295242,ArduPilot_AOA.AOA,8.101236343383789,8.101236343383789,-1.6858848247728995,ArduPilot_AOA.SSA,ArduPilot_AOA,ground_relative_approx,0.017354860985066896,-0.0043396842665970325,0.016803521662950516,-0.07095417380332947,-0.31,-0.27,276.09,-0.31,-0.27,0.0,0.0,0.0,1501.0,1502.0,1000.0,1500.0,0.002,0.004,0.0,0.0,0.0,0.0,0.0,0.0,1494.0,1505.0,1579.0,1498.0,0.0,26.0,0.0,-0.012341927736997604,-0.00433158315718174,0.0005719686159864068,0.1424873024225235,0.05099344998598099,-9.833157539367676,32.9473593,-118.5318912,13.938322067260742,7.251522064208984,2.1442079544067383,,,,-0.01750326175605342,-0.0021490065077706347,-0.0708851435693878,-0.01750326175605342,-0.0021490065077706347,-0.0708851435693878,2,4,346329600,2436,28,0.52,32.947359,-118.5318885,261.02,0.03729226067662239,132.07879638671875,-0.010366929695010185,0.0,1,32.9473593,-118.5318912,261.0799865722656,0.1405756175518036,-2.1394243240356445,-0.31,-0.31,-0.27,-0.27,0.0,276.09,0.01,0.06,3,0,-0.012341927736997604,-0.00433158315718174,0.0005719686159864068,0.1424873024225235,0.05099344998598099,-9.833157539367676,0,0,45.0,1,1,3276,3276,-0.18,0.89,280.27,260.8899841308594,32.947359,-118.5318885,0.7675920128822327,0.003788306377828121,0.007065674755722284,-0.6408886313438416,1,-0.16,-0.21,276.17,-0.0043396842665970325,0.016803521662950516,-0.07095417380332947,-0.07007727771997452,13.938322067260742,7.251522064208984,2.1442079544067383,-0.05,-0.03,-0.02,260.94,2,0.18,-0.05,0.03,-1.08,3.92,239,48,385,14,-12,-21,0.0,0.0,-0.005415600724518299,-0.31,-0.31,-0.27,-0.27,0.0,26.0,0.0,4.407614707946777,1,4.496564865112305,1.0322507619857788,0,147.7806396484375,-79.28,-74.02,10.48,4.174069404602051,0.00544491782784462,16.740612030029297,32.9471741,-118.5303247,259.72,12.52,23.0,,,,,,,,,,,,,,,0,3.9590559005737305,10.61640453338623,25.32,10.61640453338623,-2.490830183029175,1,1,1.0,0.33152395486831665,0,-1.3579381704330444,8.101236343383789,-0.1857101321220398,0.8997458815574646,280.27935791015625,1501,1502,1000,1500,1000,1000,1000,2000,1000,1500,0,0,0,0,1494,1505,1579,1498,1539,1428,1584,1465,0,1503,0,0,0,1500,0,0.06446179747581482,98546.7578125,46.41,-0.1214563250541687,27921376,0.0,25.329750061035156,1,0,0.28,4,25,-1,,,
auto,00000003.BIN,C:\Users\Siya Bhadu\OneDrive\Desktop\ardupilot_parse\data\auto\00000003.BIN,00000003__descent_002,2,26461.221214,4.450000000000728,POS.RelHomeAlt,0.14349433779716492,0.14203497767448425,0.0,-0.05134463310316417,3.9590559005737305,ARSP.Airspeed,-1.3579381704330444,-1.3579381704330444,-95.93883854123612,ArduPilot_AOA.AOA,8.101236343383789,8.101236343383789,-12.909894082374551,ArduPilot_AOA.SSA,ArduPilot_AOA,ground_relative_approx,0.01906190947200269,-0.018254045397043228,0.005490557290613651,-0.07437744736671448,-0.32,-0.27,276.08,-0.32,-0.27,0.0,0.0,0.0,1501.0,1502.0,1000.0,1500.0,0.002,0.004,0.0,0.0,0.0,0.0,0.0,0.0,1493.0,1505.0,1579.0,1498.0,0.0,26.0,0.0,-0.00753040099516511,-0.002110880333930254,0.0002983266313094646,0.11718323081731796,0.027519362047314644,-9.785289764404297,32.9473593,-118.5318911,13.92746639251709,7.240072250366211,2.136505603790283,,,,-0.007743498134764956,-0.017154348037096662,-0.07443875099413112,-0.007743498134764956,-0.017154348037096662,-0.07443875099413112,2,4,346329800,2436,28,0.52,32.947359,-118.531888,260.98,0.020620079711079597,344.23297119140625,0.001721740234643221,0.0,1,32.9473593,-118.5318911,261.0799865722656,0.14349433779716492,-2.136505603790283,-0.32,-0.32,-0.27,-0.27,0.0,276.08,0.01,0.06,3,0,-0.00753040099516511,-0.002110880333930254,0.0002983266313094646,0.11718323081731796,0.027519362047314644,-9.785289764404297,0,0,45.0,1,1,3276,3276,-0.19,0.9,280.26,261.0,32.947359,-118.5318885,0.7675122022628784,0.0037277578376233578,0.007182440720498562,-0.6409832835197449,0,-0.32,-0.27,276.07,-0.018254045397043228,0.005490557290613651,-0.07437744736671448,-0.0665665715932846,13.92746639251709,7.240072250366211,2.136505603790283,-0.12,-0.25,-0.18,260.94,2,0.18,-0.05,0.03,-1.08,3.92,239,48,385,14,-12,-21,0.0,0.0,-0.005415600724518299,-0.32,-0.32,-0.27,-0.27,0.0,26.0,0.0,4.277988433837891,1,4.496564865112305,1.0322507619857788,0,147.7806396484375,-79.28,-74.02,10.48,4.174069404602051,0.00544491782784462,16.740612030029297,32.9471741,-118.5303247,259.72,12.52,23.0,,,,,,,,,,,,,,,0,3.9590559005737305,10.61640453338623,25.32,10.61640453338623,-2.490830183029175,1,1,1.0,0.33152395486831665,0,-1.3579381704330444,8.101236343383789,-0.1857101321220398,0.8997458815574646,280.27935791015625,1501,1502,1000,1500,1000,1000,1000,2000,1000,1500,0,0,0,0,1493,1505,1579,1498,1539,1428,1584,1464,0,1503,0,0,0,1500,0,0.06446179747581482,98546.7578125,46.41,-0.1214563250541687,27921376,0.0,25.329750061035156,1,0,0.29,4,25,-1,,,
auto,00000003.BIN,C:\Users\Siya Bhadu\OneDrive\Desktop\ardupilot_parse\data\auto\00000003.BIN,00000003__descent_002,2,26461.271214,4.5,POS.RelHomeAlt,0.145306795835495,0.14440056681632996,0.0,-0.060367584226248105,3.7406346797943115,ARSP.Airspeed,-1.293800711631775,-1.293800711631775,-102.33276704949813,ArduPilot_AOA.AOA,8.083417892456055,8.083417892456055,7.665194663226369,ArduPilot_AOA.SSA,ArduPilot_AOA,ground_relative_approx,0.006217165465937041,0.0026947371661663055,0.005602815188467503,-0.02475864626467228,-0.31,-0.27,276.06,-0.31,-0.27,0.0,0.0,0.0,1501.0,1502.0,1000.0,1500.0,0.002,0.004,0.0,0.0,0.0,0.0,0.0,0.0,1493.0,1505.0,1579.0,1498.0,0.0,26.0,0.0,0.0026075467467308044,-0.004791680257767439,-0.0013713650405406952,0.1160249263048172,0.08210106194019318,-9.901398658752441,32.9473593,-118.5318911,13.9510498046875,7.238277912139893,2.1936287879943848,,,,-0.005403636223791339,0.0034049394736648257,-0.024715396295257337,-0.005403636223791339,0.0034049394736648257,-0.024715396295257337,2,4,346329800,2436,28,0.52,32.947359,-118.531888,260.98,0.020620079711079597,344.23297119140625,0.001721740234643221,0.0,1,32.9473593,-118.5318911,261.0799865722656,0.145306795835495,-2.134693145751953,-0.31,-0.31,-0.27,-0.27,0.0,276.06,0.01,0.06,3,0,0.0026075467467308044,-0.004791680257767439,-0.0013713650405406952,0.1160249263048172,0.08210106194019318,-9.901398658752441,0,0,45.0,1,1,3276,3276,-0.19,0.9,280.24,261.0,32.947359,-118.5318885,0.7674130797386169,0.0037470220122486353,0.0071737319231033325,-0.6411019563674927,2,0.14,0.52,277.32,0.0026947371661663055,0.005602815188467503,-0.02475864626467228,-0.044808078557252884,13.9510498046875,7.238277912139893,2.1936287879943848,0.28,-0.11,0.01,260.94,0,0.18,0.0,-0.01,-1.0,3.93,239,48,385,10,-9,-23,0.0,0.0,-0.044091660529375076,-0.31,-0.31,-0.27,-0.27,0.0,26.0,0.0,4.277988433837891,1,4.496564865112305,1.0322507619857788,0,147.7806396484375,-79.28,-74.02,10.48,4.174069404602051,0.00544491782784462,16.740612030029297,32.9471741,-118.5303247,259.72,12.52,23.0,,,,,,,,,,,,,,,0,3.7406346797943115,9.477304458618164,25.32,9.477304458618164,-2.490830183029175,1,1,1.0,0.33152395486831665,0,-1.293800711631775,8.083417892456055,-0.19467726349830627,0.9104945659637451,280.236328125,1501,1502,1000,1500,1000,1000,1000,2000,1000,1500,0,0,0,0,1493,1505,1579,1498,1539,1428,1584,1464,0,1503,0,0,0,1500,0,0.08635814487934113,98546.5234375,46.42,0.12647680938243866,27921477,0.0,25.329750061035156,1,0,0.29,4,25,-1,,,
auto,00000003.BIN,C:\Users\Siya Bhadu\OneDrive\Desktop\ardupilot_parse\data\auto\00000003.BIN,00000003__descent_002,2,26461.321214000003,4.55000000000291,POS.RelHomeAlt,0.15083667635917664,0.14807173609733582,0.0,-0.07570266723484154,3.7406346797943115,ARSP.Airspeed,-1.293800711631775,-1.293800711631775,-113.49088416792691,ArduPilot_AOA.AOA,8.083417892456055,8.083417892456055,7.370686978088888,ArduPilot_AOA.SSA,ArduPilot_AOA,ground_relative_approx,0.008651569127118558,0.0017303528729826212,0.00847676396369934,-0.019228750839829445,-0.28,-0.26,276.03,-0.28,-0.26,0.0,0.0,0.0,1501.0,1502.0,1000.0,1500.0,0.002,0.004,0.0,0.0,0.0,0.0,0.0,0.0,1493.0,1505.0,1579.0,1498.0,0.0,26.0,0.0,0.004581355024129152,-0.0009643583325669169,-0.003552078502252698,0.11245106905698776,0.0589769221842289,-9.812788009643555,32.9473592,-118.5318911,13.94943618774414,7.2403106689453125,2.189775228500366,,,,-0.008335262198510432,0.002705009948828503,-0.019178134228343857,-0.008335262198510432,0.002705009948828503,-0.019178134228343857,2,4,346329800,2436,28,0.52,32.947359,-118.531888,260.98,0.020620079711079597,344.23297119140625,0.001721740234643221,0.0,1,32.9473592,-118.5318911,261.0899963378906,0.15083667635917664,-2.1291632652282715,-0.28,-0.28,-0.26,-0.26,0.0,276.03,0.02,0.06,3,0,0.004581355024129152,-0.0009643583325669169,-0.003552078502252698,0.11245106905698776,0.0589769221842289,-9.812788009643555,0,0,45.0,1,1,3276,3276,-0.17,0.9,280.2,261.0199890136719,32.947359,-118.531888,0.7671527862548828,0.003928702790290117,0.007038778625428677,-0.6414138674736023,2,0.17,0.53,277.28,0.0017303528729826212,0.00847676396369934,-0.019228750839829445,-0.04603537544608116,13.94943618774414,7.2403106689453125,2.189775228500366,0.28,-0.11,0.01,260.94,1,0.18,-0.01,0.02,-0.93,3.95,239,48,385,11,-10,-22,0.0,0.0,-0.04983825981616974,-0.28,-0.28,-0.26,-0.26,0.0,26.0,0.0,4.12414026260376,1,4.5305585861206055,1.0322507619857788,0,147.76983642578125,-79.28,-74.02,10.48,4.174069404602051,0.00544491782784462,16.870237350463867,32.9471741,-118.5303247,259.72,12.52,23.0,,,,,,,,,,,,,,,0,3.7406346797943115,9.477304458618164,25.32,9.477304458618164,-2.490830183029175,1,1,1.0,0.33152395486831665,0,-1.293800711631775,8.083417892456055,-0.19467726349830627,0.9104945659637451,280.236328125,1501,1502,1000,1500,1000,1000,1000,2000,1000,1500,0,0,0,0,1493,1505,1579,1498,1539,1428,1584,1464,0,1503,0,0,0,1500,0,0.08635814487934113,98546.5234375,46.42,0.12647680938243866,27921477,0.0,25.329750061035156,1,0,0.29,4,25,-1,,,
auto,00000003.BIN,C:\Users\Siya Bhadu\OneDrive\Desktop\ardupilot_parse\data\auto\00000003.BIN,00000003__descent_002,2,26461.371214000003,4.600000000002183,POS.RelHomeAlt,0.1531049907207489,0.15197083353996277,0.0,-0.0631606578836097,3.829498529434204,ARSP.Airspeed,-1.2304259538650513,-1.2304259538650513,-112.99488054995737,ArduPilot_AOA.AOA,8.13227653503418,8.13227653503418,7.446507524913019,ArduPilot_AOA.SSA,ArduPilot_AOA,ground_relative_approx,0.008142307904929633,0.001705236965790391,0.007961742579936981,-0.01850096695125103,-0.28,-0.28,276.01,-0.28,-0.28,0.0,0.0,0.0,1501.0,1502.0,1000.0,1500.0,0.002,0.004,0.0,0.0,0.0,0.0,0.0,0.0,1493.0,1505.0,1579.0,1498.0,0.0,26.0,0.0,0.0007198135135695338,-0.008199437521398067,-0.003529521869495511,0.14597226679325104,0.0759042352437973,-9.804606437683105,32.9473592,-118.5318911,13.948742866516113,7.241238594055176,2.188467025756836,,,,-0.007829760166997086,0.0026196713466253166,-0.018450342379287665,-0.007829760166997086,0.0026196713466253166,-0.018450342379287665,2,4,346329800,2436,28,0.52,32.947359,-118.531888,260.98,0.020620079711079597,344.23297119140625,0.001721740234643221,0.0,1,32.9473592,-118.5318911,261.0899963378906,0.1531049907207489,-2.126894950866699,-0.28,-0.28,-0.28,-0.28,0.0,276.01,0.02,0.06,3,0,0.0007198135135695338,-0.008199437521398067,-0.003529521869495511,0.14597226679325104,0.0759042352437973,-9.804606437683105,0,0,45.0,1,1,3276,3276,-0.16,0.88,280.17,261.0199890136719,32.947359,-118.531888,0.7670245170593262,0.0038381728809326887,0.006814165040850639,-0.6415700912475586,2,0.17,0.51,277.26,0.001705236965790391,0.007961742579936981,-0.01850096695125103,-0.03646111488342285,13.948742866516113,7.241238594055176,2.188467025756836,0.28,-0.11,0.01,260.94,2,0.18,-0.05,0.03,-1.08,3.92,239,48,385,14,-12,-21,0.0,0.0,-0.005415600724518299,-0.28,-0.28,-0.28,-0.28,0.0,26.0,0.0,4.12414026260376,1,4.5305585861206055,1.0322507619857788,0,147.76983642578125,-79.28,-74.02,10.47,4.174069404602051,0.00544491782784462,17.024085998535156,32.9471741,-118.5303247,259.72,12.52,23.0,,,,,,,,,,,,,,,0,3.829498529434204,9.932944297790527,25.32,9.932944297790527,-2.490830183029175,1,1,1.0,0.33152395486831665,0,-1.2304259538650513,8.13227653503418,-0.16363103687763214,0.8811397552490234,280.17791748046875,1501,1502,1000,1500,1000,1000,1000,2000,1000,1500,0,0,0,0,1493,1505,1579,1498,1539,1428,1584,1464,0,1503,0,0,0,1500,0,0.1575212925672531,98545.703125,46.41,0.2899126410484314,27921577,0.0,25.329750061035156,1,0,0.28,4,25,-1,,,
auto,00000003.BIN,C:\Users\Siya Bhadu\OneDrive\Desktop\ardupilot_parse\data\auto\00000003.BIN,00000003__descent_002,2,26461.421214,4.650000000001455,POS.RelHomeAlt,0.15567061305046082,0.15438780188560486,0.0,-0.04406809806887857,3.829498529434204,ARSP.Airspeed,-1.2304259538650513,-1.2304259538650513,-109.6887375241749,ArduPilot_AOA.AOA,8.13227653503418,8.13227653503418,8.38223455935391,ArduPilot_AOA.SSA,ArduPilot_AOA,ground_relative_approx,0.007155604069512798,0.002119914162904024,0.006834371481090784,-0.018678726628422737,-0.29,-0.28,275.99,-0.29,-0.28,0.0,0.0,0.0,1501.0,1502.0,1000.0,1500.0,0.002,0.004,0.0,0.0,0.02000000000029104,0.0,0.0,0.0,1493.0,1505.0,1579.0,1498.0,0.0,26.0,0.0,-0.005389873404055834,-0.009851387701928616,-0.004086743108928204,0.18582463264465332,0.0948556587100029,-9.923273086547852,32.9473592,-118.5318911,13.947973251342773,7.243807792663574,2.186445951461792,,,,-0.006667035854166716,0.0029158809487940408,-0.018631848251601132,-0.006667035854166716,0.0029158809487940408,-0.018631848251601132,2,4,346330000,2436,28,0.52,32.9473588,-118.5318887,261.05,0.02220497839152813,106.7983627319336,-0.055696457624435425,0.0,1,32.9473592,-118.5318911,261.0899963378906,0.15567061305046082,-2.1243293285369873,-0.29,-0.29,-0.28,-0.28,0.0,275.99,0.02,0.06,3,0,-0.005389873404055834,-0.009851387701928616,-0.004086743108928204,0.18582463264465332,0.0948556587100029,-9.923273086547852,0,0,45.0,1,1,3276,3276,-0.16,0.86,280.15,261.0899963378906,32.947359,-118.531888,0.7668914794921875,0.0037007220089435577,0.006730874069035053,-0.6417308449745178,2,0.15,0.51,277.24,0.002119914162904024,0.006834371481090784,-0.018678726628422737,-0.03655725717544556,13.947973251342773,7.243807792663574,2.186445951461792,0.28,-0.11,0.01,260.94,0,0.18,0.0,-0.01,-1.0,3.93,239,48,385,10,-9,-23,0.0,0.0,-0.044091660529375076,-0.29,-0.29,-0.28,-0.28,0.0,26.0,0.0,4.038005828857422,1,4.5305585861206055,1.0322507619857788,0,147.76983642578125,-79.28,-74.02,10.47,4.174069404602051,0.00544491782784462,17.024085998535156,32.9471741,-118.5303247,259.72,12.52,23.0,,,,,,,,,,,,,,,0,3.829498529434204,9.932944297790527,25.32,9.932944297790527,-2.490830183029175,1,1,1.0,0.33152395486831665,0,-1.2304259538650513,8.13227653503418,-0.16363103687763214,0.8811397552490234,280.17791748046875,1501,1502,1000,1500,1000,1000,1000,2000,1000,1500,0,0,0,0,1493,1505,1579,1498,1539,1428,1584,1464,0,1503,0,0,0,1500,0,0.1575212925672531,98545.703125,46.41,0.2899126410484314,27921577,0.0,25.329750061035156,1,0,0.28,4,25,-1,,,
auto,00000003.BIN,C:\Users\Siya Bhadu\OneDrive\Desktop\ardupilot_parse\data\auto\00000003.BIN,00000003__descent_002,2,26461.471214,4.700000000000728,POS.RelHomeAlt,0.15708467364311218,0.1563776433467865,0.0,-0.05113244056776067,4.152562618255615,ARSP.Airspeed,-1.1679801940917969,-1.1679801940917969,-115.64063392791267,ArduPilot_AOA.AOA,8.184316635131836,8.184316635131836,6.4693167352998575,ArduPilot_AOA.SSA,ArduPilot_AOA,ground_relative_approx,0.007571808187006612,0.0010860564652830362,0.007493514567613602,-0.01548068504780531,-0.3,-0.26,275.98,-0.3,-0.26,0.0,0.0,0.0,1502.0,1502.0,1000.0,1500.0,0.004,0.004,0.0,0.0,0.0,0.0,0.0,0.0,1493.0,1505.0,1579.0,1498.0,0.0,26.0,0.0,-0.0073731327429413795,0.003323350101709366,-0.0037552283611148596,0.10307621210813522,0.039990246295928955,-9.779084205627441,32.9473592,-118.5318911,13.947297096252441,7.24606990814209,2.185594081878662,,,,-0.007409763807461612,0.0019416861857690557,-0.015437264778573592,-0.007409763807461612,0.0019416861857690557,-0.015437264778573592,2,4,346330000,2436,28,0.52,32.9473588,-118.5318887,261.05,0.02220497839152813,106.7983627319336,-0.055696457624435425,0.0,1,32.9473592,-118.5318911,261.0899963378906,0.15708467364311218,-2.122915267944336,-0.3,-0.3,-0.26,-0.26,0.0,275.98,0.02,0.06,3,0,-0.0073731327429413795,0.003323350101709366,-0.0037552283611148596,0.10307621210813522,0.039990246295928955,-9.779084205627441,0,0,45.0,1,1,3276,3276,-0.17,0.86,280.13,261.0899963378906,32.947359,-118.531888,0.7667636275291443,0.0036823907867074013,0.006784053519368172,-0.6418830752372742,2,0.14,0.53,277.23,0.0010860564652830362,0.007493514567613602,-0.01548068504780531,-0.03356016427278519,13.947297096252441,7.24606990814209,2.185594081878662,0.28,-0.11,0.01,260.94,2,0.18,-0.05,0.03,-1.08,3.92,239,48,385,14,-12,-21,0.0,0.0,-0.005415600724518299,-0.3,-0.3,-0.26,-0.26,0.0,26.0,0.0,4.038005828857422,1,4.5305585861206055,1.0322507619857788,0,147.76983642578125,-79.28,-74.02,10.47,4.174069404602051,0.00544491782784462,17.024085998535156,32.9471741,-118.5303247,259.72,12.52,23.0,,,,,,,,,,,,,,,0,4.152562618255615,11.679563522338867,25.32,11.679563522338867,-2.490830183029175,1,1,1.0,0.33152395486831665,0,-1.1679801940917969,8.184316635131836,-0.17570722103118896,0.8690704107284546,280.11993408203125,1502,1502,1000,1500,1000,1000,1000,2000,1000,1500,0,0,0,0,1493,1505,1579,1498,1539,1428,1584,1464,0,1503,0,0,0,1500,0,0.13288789987564087,98545.9921875,46.42,0.3994373679161072,27921677,0.0,25.329750061035156,1,0,0.29,4,25,-1,,,
auto,00000003.BIN,C:\Users\Siya Bhadu\OneDrive\Desktop\ardupilot_parse\data\auto\00000003.BIN,00000003__descent_002,2,26461.521214,4.75,POS.RelHomeAlt,0.16191741824150085,0.15950104594230652,0.0,-0.06738543510254136,4.152562618255615,ARSP.Airspeed,-1.1679801940917969,-1.1679801940917969,-127.47543701644248,ArduPilot_AOA.AOA,8.184316635131836,8.184316635131836,2.2183466908302973,ArduPilot_AOA.SSA,ArduPilot_AOA,ground_relative_approx,0.009786324560269568,-0.0004598087107297033,0.009775516577064991,-0.01287308894097805,-0.32,-0.27,275.94,-0.32,-0.27,0.0,0.0,0.0,1501.0,1502.0,1000.0,1500.0,0.002,0.004,0.0,0.0,-0.020000000001018637,0.0,0.0,0.0,1494.0,1505.0,1579.0,1498.0,0.0,26.0,0.0,-0.005873534828424454,-0.002205867553129792,-0.004792762920260429,0.0948416069149971,0.05780976265668869,-9.75920581817627,32.9473592,-118.531891,13.946093559265137,7.250116348266602,2.1823995113372803,,,,-0.00983116848159595,0.0006259283622280367,-0.01282360741964209,-0.00983116848159595,0.0006259283622280367,-0.01282360741964209,2,4,346330000,2436,28,0.52,32.9473588,-118.5318887,261.05,0.02220497839152813,106.7983627319336,-0.055696457624435425,0.0,1,32.9473592,-118.531891,261.1000061035156,0.16191741824150085,-2.1180825233459473,-0.32,-0.32,-0.27,-0.27,0.0,275.94,0.02,0.06,3,0,-0.005873534828424454,-0.002205867553129792,-0.004792762920260429,0.0948416069149971,0.05780976265668869,-9.75920581817627,0,0,45.0,1,1,3276,3276,-0.18,0.85,280.08,261.07000732421875,32.9473588,-118.5318887,0.7664800882339478,0.003551303641870618,0.006748208776116371,-0.6422228217124939,2,0.13,0.52,277.19,-0.0004598087107297033,0.009775516577064991,-0.01287308894097805,-0.03857044875621796,13.946093559265137,7.250116348266602,2.1823995113372803,0.28,-0.11,0.01,260.94,0,0.18,0.0,-0.02,-1.0,3.93,239,48,385,10,-9,-23,0.0,0.0,-0.044091660529375076,-0.32,-0.32,-0.27,-0.27,0.0,26.0,0.0,4.07271146774292,1,4.471209526062012,1.0322507619857788,0,147.76058959960938,-79.28,-74.02,10.47,4.174069404602051,0.00544491782784462,17.110219955444336,32.9471741,-118.5303247,259.72,12.52,23.0,,,,,,,,,,,,,,,0,4.152562618255615,11.679563522338867,25.32,11.679563522338867,-2.490830183029175,1,1,1.0,0.33152395486831665,0,-1.1679801940917969,8.184316635131836,-0.17570722103118896,0.8690704107284546,280.11993408203125,1501,1502,1000,1500,1000,1000,1000,2000,1000,1500,0,0,0,0,1494,1505,1579,1498,1539,1428,1584,1465,0,1503,0,0,0,1500,0,0.13288789987564087,98545.9921875,46.42,0.3994373679161072,27921677,0.0,25.329750061035156,1,0,0.28,4,25,-1,,,
auto,00000003.BIN,C:\Users\Siya Bhadu\OneDrive\Desktop\ardupilot_parse\data\auto\00000003.BIN,00000003__descent_002,2,26461.571214000003,4.80000000000291,POS.RelHomeAlt,0.16431495547294617,0.1631161868572235,0.0,-0.06442666053574042,3.6496083736419678,ARSP.Airspeed,-1.1462066173553467,-1.1462066173553467,-124.2919804370109,ArduPilot_AOA.AOA,8.203484535217285,8.203484535217285,9.32159503812419,ArduPilot_AOA.SSA,ArduPilot_AOA,ground_relative_approx,0.00890343878865876,0.0015456951223313808,0.008768240921199322,-0.012696138583123684,-0.31,-0.27,275.93,-0.31,-0.27,0.0,0.0,0.0,1501.0,1502.0,1000.0,1500.0,0.002,0.004,0.0,0.0,0.020000000001018634,-0.020000000001018634,0.0,0.0,1493.0,1505.0,1579.0,1498.0,0.0,26.0,0.0,-0.00112814549356699,-0.009795588441193104,-0.005203012377023697,0.1584869772195816,0.12577317655086517,-9.893882751464844,32.9473592,-118.531891,13.945626258850098,7.25186014175415,2.180967092514038,,,,-0.008621363747330232,0.0025117377844900844,-0.012642247332790959,-0.008621363747330232,0.0025117377844900844,-0.012642247332790959,2,4,346330000,2436,28,0.52,32.9473588,-118.5318887,261.05,0.02220497839152813,106.7983627319336,-0.055696457624435425,0.0,1,32.9473592,-118.531891,261.1000061035156,0.16431495547294617,-2.115684986114502,-0.31,-0.31,-0.27,-0.27,0.0,275.93,0.02,0.06,3,0,-0.00112814549356699,-0.009795588441193104,-0.005203012377023697,0.1584869772195816,0.12577317655086517,-9.893882751464844,0,0,45.0,1,1,3276,3276,-0.18,0.85,280.05,261.07000732421875,32.9473588,-118.5318887,0.7663410305976868,0.003569458844140172,0.0067073879763484,-0.6423890590667725,2,0.14,0.52,277.17,0.0015456951223313808,0.008768240921199322,-0.012696138583123684,-0.03421924263238907,13.945626258850098,7.25186014175415,2.180967092514038,0.28,-0.11,0.01,260.94,0,0.18,0.0,-0.02,-1.0,3.93,239,48,385,10,-9,-23,0.0,0.0,-0.044091660529375076,-0.31,-0.31,-0.27,-0.27,0.0,26.0,0.0,4.07271146774292,1,4.471209526062012,1.0322507619857788,0,147.76058959960938,-79.28,-74.02,10.46,4.174069404602051,0.00544491782784462,17.07551383972168,32.9471741,-118.5303247,259.72,12.52,23.0,,,,,,,,,,,,,,,0,3.6496083736419678,9.021665573120117,25.32,9.021665573120117,-2.490830183029175,1,1,1.0,0.33152395486831665,0,-1.1462066173553467,8.203484535217285,-0.18030916154384613,0.8518054485321045,280.05560302734375,1501,1502,1000,1500,1000,1000,1000,2000,1000,1500,0,0,0,0,1493,1505,1579,1498,1539,1428,1584,1464,0,1503,0,0,0,1500,0,0.18762877583503723,98545.375,46.41,0.40390732884407043,27921776,0.0,25.329750061035156,1,0,0.28,4,25,-1,,,
auto,00000003.BIN,C:\Users\Siya Bhadu\OneDrive\Desktop\ardupilot_parse\data\auto\00000003.BIN,00000003__descent_002,2,26461.621214000003,4.850000000002183,POS.RelHomeAlt,0.16757246851921082,0.1659437119960785,0.0,-0.05610704422078716,3.6496083736419678,ARSP.Airspeed,-1.1462066173553467,-1.1462066173553467,-137.77910206009022,ArduPilot_AOA.AOA,8.203484535217285,8.203484535217285,3.1327380549838453,ArduPilot_AOA.SSA,ArduPilot_AOA,ground_relative_approx,0.009419170080455863,-0.00031690593459643424,0.00941383745521307,-0.00861093308776617,-0.29,-0.27,275.91,-0.29,-0.27,0.0,0.0,0.0,1502.0,1501.0,1000.0,1500.0,0.004,0.002,0.0,0.0,0.0,-0.02000000000029104,0.0,0.0,1493.0,1505.0,1579.0,1498.0,0.0,26.0,0.0,0.003882373683154583,-0.0033664987422525883,-0.005082143470644951,0.13138388097286224,0.058749374002218246,-9.807743072509766,32.9473592,-118.531891,13.944272994995117,7.253735065460205,2.1782572269439697,,,,-0.009436905770022402,0.0006974356867395934,-0.0085631376607597,-0.009436905770022402,0.0006974356867395934,-0.0085631376607597,2,4,346330200,2436,28,0.52,32.9473589,-118.531888,261.01,0.022636374458670616,105.08336639404297,0.011485205963253975,0.0,1,32.9473592,-118.531891,261.1000061035156,0.16757246851921082,-2.1124274730682373,-0.29,-0.29,-0.27,-0.27,0.0,275.91,0.02,0.06,3,0,0.003882373683154583,-0.0033664987422525883,-0.005082143470644951,0.13138388097286224,0.058749374002218246,-9.807743072509766,0,0,45.0,1,1,3276,3276,-0.16,0.86,280.03,261.1199951171875,32.9473588,-118.5318887,0.7661970257759094,0.003706489223986864,0.0067075141705572605,-0.6425600647926331,2,0.16,0.52,277.15,-0.00031690593459643424,0.00941383745521307,-0.00861093308776617,-0.03744053840637207,13.944272994995117,7.253735065460205,2.1782572269439697,0.28,-0.11,0.01,260.94,1,0.18,-0.01,0.02,-0.93,3.95,239,48,385,11,-10,-22,0.0,0.0,-0.04983825981616974,-0.29,-0.29,-0.27,-0.27,0.0,26.0,0.0,3.9505412578582764,1,4.471209526062012,1.0322507619857788,0,147.76058959960938,-79.28,-74.02,10.46,4.174069404602051,0.00544491782784462,17.07551383972168,32.9471741,-118.5303247,259.72,12.52,23.0,,,,,,,,,,,,,,,0,3.6496083736419678,9.021665573120117,25.32,9.021665573120117,-2.490830183029175,1,1,1.0,0.33152395486831665,0,-1.1462066173553467,8.203484535217285,-0.18030916154384613,0.8518054485321045,280.05560302734375,1502,1501,1000,1500,1000,1000,1000,2000,1000,1500,0,0,0,0,1493,1505,1579,1498,1539,1428,1584,1464,0,1503,0,0,0,1500,0,0.18762877583503723,98545.375,46.41,0.40390732884407043,27921776,0.0,25.329750061035156,1,0,0.28,4,25,-1,,,
auto,00000003.BIN,C:\Users\Siya Bhadu\OneDrive\Desktop\ardupilot_parse\data\auto\00000003.BIN,00000003__descent_002,2,26461.671214,4.900000000001455,POS.RelHomeAlt,0.16988131403923035,0.16872689127922058,0.0,-0.07122993469341932,3.710540771484375,ARSP.Airspeed,-1.0811585187911987,-1.0811585187911987,-144.73407630811545,ArduPilot_AOA.AOA,8.235514640808105,8.235514640808105,-7.315273021715606,ArduPilot_AOA.SSA,ArduPilot_AOA,ground_relative_approx,0.010246050920039143,-0.00266177486628294,0.009894266724586487,-0.007214290555566549,-0.28,-0.26,275.9,-0.28,-0.26,0.0,0.0,0.0,1501.0,1501.0,1000.0,1500.0,0.002,0.002,0.0,0.0,0.0,0.0,0.0,0.0,1493.0,1505.0,1579.0,1498.0,0.0,26.0,0.0,0.0021546136122196913,-0.004107530694454908,-0.0030205247458070517,0.12559615075588226,0.08561498671770096,-9.846172332763672,32.9473592,-118.531891,13.942983627319336,7.255460739135742,2.1765050888061523,,,,-0.010148098725491992,-0.0015955678597491228,-0.007176196982996989,-0.010148098725491992,-0.0015955678597491228,-0.007176196982996989,2,4,346330200,2436,28,0.52,32.9473589,-118.531888,261.01,0.022636374458670616,105.08336639404297,0.011485205963253975,0.0,1,32.9473592,-118.531891,261.1000061035156,0.16988131403923035,-2.1101186275482178,-0.28,-0.28,-0.26,-0.26,0.0,275.9,0.02,0.06,3,0,0.0021546136122196913,-0.004107530694454908,-0.0030205247458070517,0.12559615075588226,0.08561498671770096,-9.846172332763672,0,0,45.0,1,1,3276,3276,-0.16,0.86,280.0,261.1199951171875,32.9473588,-118.5318887,0.766072154045105,0.003786722430959344,0.006718296092003584,-0.6427083611488342,2,0.17,0.53,277.14,-0.00266177486628294,0.009894266724586487,-0.007214290555566549,-0.04712206497788429,13.942983627319336,7.255460739135742,2.1765050888061523,0.28,-0.11,0.01,260.94,0,0.18,0.0,-0.02,-1.0,3.93,239,48,385,10,-9,-23,0.0,0.0,-0.044091660529375076,-0.28,-0.28,-0.26,-0.26,0.0,26.0,0.0,3.9505412578582764,1,4.471209526062012,1.0322507619857788,0,147.76058959960938,-79.28,-74.02,10.46,4.174069404602051,0.00544491782784462,17.07551383972168,32.9471741,-118.5303247,259.72,12.52,23.0,,,,,,,,,,,,,,,0,3.710540771484375,9.325425148010254,25.32,9.325425148010254,-2.490830183029175,1,1,1.0,0.33152395486831665,0,-1.0811585187911987,8.235514640808105,-0.1636083573102951,0.869752049446106,279.9996337890625,1501,1501,1000,1500,1000,1000,1000,2000,1000,1500,0,0,0,0,1493,1505,1579,1498,1539,1428,1584,1464,0,1503,0,0,0,1500,0,-0.003964301198720932,98547.5234375,46.42,0.23951278626918793,27921876,0.0,25.329750061035156,1,0,0.28,4,25,-1,,,
auto,00000003.BIN,C:\Users\Siya Bhadu\OneDrive\Desktop\ardupilot_parse\data\auto\00000003.BIN,00000003__descent_002,2,26461.721214,4.950000000000728,POS.RelHomeAlt,0.1762520968914032,0.17306670546531677,0.0,-0.09008646011483634,3.710540771484375,ARSP.Airspeed,-1.0811585187911987,-1.0811585187911987,-114.77134509926367,ArduPilot_AOA.AOA,8.235514640808105,8.235514640808105,-4.471074775042665,ArduPilot_AOA.SSA,ArduPilot_AOA,ground_relative_approx,0.023750560672604934,-0.007021722849458456,0.022688863798975945,-0.051053740084171295,-0.3,-0.26,275.89,-0.3,-0.26,0.0,0.0,0.0,1502.0,1501.0,1000.0,1500.0,0.004,0.002,0.0,0.0,0.0,0.0,0.0,-0.02000000000029104,1494.0,1505.0,1579.0,1498.0,0.0,26.0,0.0,-0.0047747110947966576,-0.004829162731766701,-0.0009368376340717077,0.13244572281837463,0.16206900775432587,-9.891805648803711,32.9473592,-118.5318909,13.927506446838379,7.27292013168335,2.109797477722168,,,,-0.02352107904838273,-0.00438952326238941,-0.050971211823674346,-0.02352107904838273,-0.00438952326238941,-0.050971211823674346,2,4,346330200,2436,28,0.52,32.9473589,-118.531888,261.01,0.022636374458670616,105.08336639404297,0.011485205963253975,0.0,1,32.9473592,-118.5318909,261.1099853515625,0.1762520968914032,-2.103747844696045,-0.3,-0.3,-0.26,-0.26,0.0,275.89,0.01,0.05,3,0,-0.0047747110947966576,-0.004829162731766701,-0.0009368376340717077,0.13244572281837463,0.16206900775432587,-9.891805648803711,0,0,45.0,1,1,3276,3276,-0.18,0.87,279.97,260.92999267578125,32.9473589,-118.531888,0.7659102082252502,0.0036677252501249313,0.006863877642899752,-0.6429005265235901,1,-0.14,-0.21,275.96,-0.007021722849458456,0.022688863798975945,-0.051053740084171295,-0.07581929862499237,13.927506446838379,7.27292013168335,2.109797477722168,-0.05,-0.03,-0.02,260.94,2,0.18,-0.05,0.03,-1.08,3.92,239,48,385,14,-12,-21,0.0,0.0,-0.005415600724518299,-0.3,-0.3,-0.26,-0.26,0.0,26.0,0.0,3.8801000118255615,1,4.438074588775635,1.0322507619857788,0,147.7513427734375,-79.28,-74.02,10.45,4.174069404602051,0.00544491782784462,17.19768524169922,32.9471741,-118.5303247,259.72,12.52,23.0,,,,,,,,,,,,,,,0,3.710540771484375,9.325425148010254,25.32,9.325425148010254,-2.490830183029175,1,1,1.0,0.33152395486831665,0,-1.0811585187911987,8.235514640808105,-0.1636083573102951,0.869752049446106,279.9996337890625,1502,1501,1000,1500,1000,1000,1000,2000,1000,1500,0,0,0,0,1494,1505,1579,1498,1540,1427,1584,1465,0,1503,0,0,0,1500,0,-0.003964301198720932,98547.5234375,46.42,0.23951278626918793,27921876,0.0,25.329750061035156,1,0,0.28,4,25,-1,,,
auto,00000003.BIN,C:\Users\Siya Bhadu\OneDrive\Desktop\ardupilot_parse\data\auto\00000003.BIN,00000003__descent_002,2,26461.771214,5.0,POS.RelHomeAlt,0.17921897768974304,0.17773553729057312,0.0,-0.07614135742146733,3.6187572479248047,ARSP.Airspeed,-1.052934169769287,-1.052934169769287,-115.81351767770255,ArduPilot_AOA.AOA,8.280017852783203,8.280017852783203,-6.657862069673462,ArduPilot_AOA.SSA,ArduPilot_AOA,ground_relative_approx,0.024331002618457918,-0.008962146006524563,0.022620292380452156,-0.04895024746656418,-0.3,-0.26,275.89,-0.3,-0.26,0.0,0.0,0.0,1501.0,1501.0,1000.0,1499.0,0.002,0.002,0.0,-0.002,-0.020000000001018637,0.01999999999810825,0.0,-2.9103830455463155e-12,1494.0,1505.0,1579.0,1498.0,0.0,17.0,0.0,-0.006006172858178616,-0.003817580407485366,0.0013137004571035504,0.12557943165302277,0.02368173561990261,-9.75846004486084,32.9473592,-118.5318909,13.926700592041016,7.274316787719727,2.1069674491882324,,,,-0.02364244711614193,-0.0063377294051401726,-0.04887731882790761,-0.02364244711614193,-0.0063377294051401726,-0.04887731882790761,2,4,346330200,2436,28,0.52,32.9473589,-118.531888,261.01,0.022636374458670616,105.08336639404297,0.011485205963253975,0.0,1,32.9473592,-118.5318909,261.1099853515625,0.17921897768974304,-2.100780963897705,-0.3,-0.3,-0.26,-0.26,0.0,275.89,0.01,0.05,3,0,-0.006006172858178616,-0.003817580407485366,0.0013137004571035504,0.12557943165302277,0.02368173561990261,-9.75846004486084,0,0,45.0,1,1,3276,3276,-0.18,0.86,279.96,260.92999267578125,32.9473589,-118.531888,0.7658510208129883,0.0035906927660107613,0.0068471855483949184,-0.6429715752601624,1,-0.14,-0.22,275.96,-0.008962146006524563,0.022620292380452156,-0.04895024746656418,-0.07203241437673569,13.926700592041016,7.274316787719727,2.1069674491882324,-0.05,-0.03,-0.02,260.94,2,0.18,-0.05,0.03,-1.08,3.92,239,48,385,14,-12,-21,0.0,0.0,-0.005415600724518299,-0.3,-0.3,-0.26,-0.26,0.0,17.0,0.0,3.8801000118255615,1,4.438074588775635,1.0322507619857788,0,147.7513427734375,-79.28,-74.02,10.45,4.174069404602051,0.00544491782784462,17.268125534057617,32.9471741,-118.5303247,259.72,12.52,23.0,,,,,,,,,,,,,,,0,3.6187572479248047,8.86978530883789,25.32,8.86978530883789,-2.490830183029175,1,1,1.0,0.33152395486831665,0,-1.052934169769287,8.280017852783203,-0.18939577043056488,0.8655017018318176,279.96826171875,1501,1501,1000,1499,1000,1000,1000,2000,1000,1500,0,0,0,0,1494,1505,1579,1498,1540,1427,1584,1465,0,1502,0,0,0,1500,0,-0.006701345089823008,98547.5625,46.41,-0.0881451740860939,27921976,0.0,25.329750061035156,1,0,0.28,4,25,-1,,,
auto,00000003.BIN,C:\Users\Siya Bhadu\OneDrive\Desktop\ardupilot_parse\data\auto\00000003.BIN,00000003__descent_002,2,26461.821214000003,5.05000000000291,POS.RelHomeAlt,0.1821427047252655,0.18068084120750427,0.0,-0.05530357360692917,3.6187572479248047,ARSP.Airspeed,-1.052934169769287,-1.052934169769287,-164.13914858381864,ArduPilot_AOA.AOA,8.280017852783203,8.280017852783203,-18.34477391640789,ArduPilot_AOA.SSA,ArduPilot_AOA,ground_relative_approx,0.012032326839655482,-0.0050863600336015224,0.010904395021498203,-0.003268133383244276,-0.29,-0.27,275.89,-0.29,-0.27,0.0,0.0,0.0,1501.0,1502.0,1000.0,1500.0,0.002,0.004,0.0,0.0,0.0,-2.9103837395627608e-12,0.0,0.01999999999810825,1493.0,1505.0,1580.0,1497.0,0.0,26.0,0.0,-0.0014036779757589102,-0.00863011833280325,-0.0007629512692801654,0.16301587224006653,-0.01845027320086956,-9.844059944152832,32.9473591,-118.5318909,13.938735961914062,7.262842178344727,2.1673338413238525,,,,-0.011384059149934893,-0.003924189946333536,-0.003234426614231313,-0.011384059149934893,-0.003924189946333536,-0.003234426614231313,2,4,346330400,2436,28,0.52,32.9473587,-118.5318892,261.1,0.0113058527931571,207.55282592773438,0.037797361612319946,0.0,1,32.9473591,-118.5318909,261.1199951171875,0.1821427047252655,-2.0978572368621826,-0.29,-0.29,-0.27,-0.27,0.0,275.89,0.01,0.05,3,0,-0.0014036779757589102,-0.00863011833280325,-0.0007629512692801654,0.16301587224006653,-0.01845027320086956,-9.844059944152832,0,0,45.0,1,1,3276,3276,-0.18,0.85,279.95,260.92999267578125,32.9473589,-118.531888,0.7657577395439148,0.0035762153565883636,0.006727187894284725,-0.6430839896202087,2,0.15,0.52,277.12,-0.0050863600336015224,0.010904395021498203,-0.003268133383244276,-0.057372886687517166,13.938735961914062,7.262842178344727,2.1673338413238525,0.28,-0.11,0.01,260.94,2,0.18,-0.05,0.03,-1.08,3.92,239,48,385,14,-12,-21,0.0,0.0,-0.005415600724518299,-0.29,-0.29,-0.27,-0.27,0.0,26.0,0.0,3.8035831451416016,1,4.438074588775635,1.0322507619857788,0,147.7513427734375,-79.28,-74.02,10.45,4.174069404602051,0.00544491782784462,17.268125534057617,32.9471741,-118.5303247,259.72,12.52,23.0,,,,,,,,,,,,,,,0,3.6187572479248047,8.86978530883789,25.32,8.86978530883789,-2.490830183029175,1,1,1.0,0.33152395486831665,0,-1.052934169769287,8.280017852783203,-0.18939577043056488,0.8655017018318176,279.96826171875,1501,1502,1000,1500,1000,1000,1000,2000,1000,1500,0,0,0,0,1493,1505,1580,1497,1539,1428,1584,1464,0,1503,0,0,0,1500,0,-0.006701345089823008,98547.5625,46.41,-0.0881451740860939,27921976,0.0,25.329750061035156,1,0,0.28,4,25,-1,,,
auto,00000003.BIN,C:\Users\Siya Bhadu\OneDrive\Desktop\ardupilot_parse\data\auto\00000003.BIN,00000003__descent_002,2,26461.871214000003,5.100000000002183,POS.RelHomeAlt,0.18438908457756042,0.18326589465141296,0.0,-0.0650870800027783,3.1553280353546143,ARSP.Airspeed,-1.0469305515289307,-1.0469305515289307,-115.12498516916084,ArduPilot_AOA.AOA,8.228870391845703,8.228870391845703,-9.392074447259924,ArduPilot_AOA.SSA,ArduPilot_AOA,ground_relative_approx,0.024450061451607472,-0.011426668614149094,0.021615659818053246,-0.04890144243836403,-0.27,-0.27,275.88,-0.27,-0.27,0.0,0.0,0.0,1501.0,1501.0,1000.0,1500.0,0.002,0.002,0.0,0.0,0.0,-0.02000000000029104,0.0,0.0,1493.0,1505.0,1579.0,1498.0,0.0,26.0,0.0,0.006433875299990177,-0.0017691162647679448,-0.001541408710181713,0.14004452526569366,0.12574800848960876,-9.86863899230957,32.9473591,-118.5318908,13.92441463470459,7.279362678527832,2.1019630432128906,,,,-0.02290273068146079,-0.008922088371797752,-0.048836644478898406,-0.02290273068146079,-0.008922088371797752,-0.048836644478898406,2,4,346330400,2436,28,0.52,32.9473587,-118.5318892,261.1,0.0113058527931571,207.55282592773438,0.037797361612319946,0.0,1,32.9473591,-118.5318908,261.1199951171875,0.18438908457756042,-2.0956108570098877,-0.27,-0.27,-0.27,-0.27,0.0,275.88,0.01,0.05,3,0,0.006433875299990177,-0.0017691162647679448,-0.001541408710181713,0.14004452526569366,0.12574800848960876,-9.86863899230957,0,0,45.0,1,1,3276,3276,-0.16,0.85,279.93,260.92999267578125,32.9473589,-118.531888,0.7656568884849548,0.00370616908185184,0.006635924801230431,-0.6432042717933655,1,-0.12,-0.22,275.95,-0.011426668614149094,0.021615659818053246,-0.04890144243836403,-0.071095772087574,13.92441463470459,7.279362678527832,2.1019630432128906,-0.05,-0.03,-0.02,260.94,2,0.18,-0.05,0.03,-1.08,3.92,239,48,385,14,-12,-21,0.0,0.0,-0.005415600724518299,-0.27,-0.27,-0.27,-0.27,0.0,26.0,0.0,3.8035831451416016,1,4.438074588775635,1.0322507619857788,0,147.7513427734375,-79.28,-74.02,10.45,4.174069404602051,0.00544491782784462,17.268125534057617,32.9471741,-118.5303247,259.72,12.52,23.0,,,,,,,,,,,,,,,0,3.1553280353546143,6.743467330932617,25.32,6.743467330932617,-2.490830183029175,1,1,1.0,0.33152395486831665,0,-1.0469305515289307,8.228870391845703,-0.15263722836971283,0.8624029159545898,279.9262390136719,1501,1501,1000,1500,1000,1000,1000,2000,1000,1500,0,0,0,0,1493,1505,1579,1498,1539,1428,1584,1464,0,1503,0,0,0,1500,0,-0.06691630929708481,98548.2421875,46.42,-0.4685971736907959,27922077,0.0,25.329750061035156,1,0,0.29,4,25,-1,,,
auto,00000003.BIN,C:\Users\Siya Bhadu\OneDrive\Desktop\ardupilot_parse\data\auto\00000003.BIN,00000003__descent_002,2,26461.921214,5.150000000001455,POS.RelHomeAlt,0.18999001383781433,0.18718954920768738,0.0,-0.07549881935229497,3.1553280353546143,ARSP.Airspeed,-1.0469305515289307,-1.0469305515289307,179.36689812835897,ArduPilot_AOA.AOA,8.228870391845703,8.228870391845703,-6.479477261365312,ArduPilot_AOA.SSA,ArduPilot_AOA,ground_relative_approx,0.015223045364912141,-0.003255181247368455,0.014870941638946533,0.00010539347567828372,-0.23,-0.26,275.87,-0.23,-0.26,0.0,0.0,0.0,1501.0,1501.0,1000.0,1500.0,0.002,0.002,0.0,0.0,0.0,0.02000000000029104,0.0,0.0,1493.0,1505.0,1579.0,1498.0,0.0,26.0,0.0,0.008281131274998188,0.0008081368869170547,-0.0011202071327716112,0.10278987139463425,0.097299724817276,-9.77189826965332,32.9473591,-118.5318908,13.935490608215332,7.270009994506836,2.1616320610046387,,,,-0.015125244814619016,-0.0017179210363797795,0.00016713640385316819,-0.015125244814619016,-0.0017179210363797795,0.00016713640385316819,2,4,346330400,2436,28,0.52,32.9473587,-118.5318892,261.1,0.0113058527931571,207.55282592773438,0.037797361612319946,0.0,1,32.9473591,-118.5318908,261.1199951171875,0.18999001383781433,-2.090009927749634,-0.23,-0.23,-0.26,-0.26,0.0,275.87,0.01,0.05,3,0,0.008281131274998188,0.0008081368869170547,-0.0011202071327716112,0.10278987139463425,0.097299724817276,-9.77189826965332,0,0,45.0,1,1,3276,3276,-0.12,0.85,279.9,260.8699951171875,32.9473587,-118.5318892,0.7654720544815063,0.004008723422884941,0.00642908550798893,-0.6434246301651001,2,0.21,0.53,277.1,-0.003255181247368455,0.014870941638946533,0.00010539347567828372,-0.05793596804141998,13.935490608215332,7.270009994506836,2.1616320610046387,0.28,-0.11,0.01,260.94,2,0.18,-0.05,0.03,-1.08,3.92,239,48,385,14,-12,-21,0.0,0.0,-0.005415600724518299,-0.25,-0.25,-0.25,-0.25,0.0,26.0,0.0,3.621312141418457,1,4.422602653503418,1.0322507619857788,0,147.74053955078125,-79.28,-74.02,10.44,4.174069404602051,0.00544491782784462,17.344642639160156,32.9471741,-118.5303247,259.72,12.52,23.0,,,,,,,,,,,,,,,0,3.1553280353546143,6.743467330932617,25.32,6.743467330932617,-2.490830183029175,1,1,1.0,0.33152395486831665,0,-1.0469305515289307,8.228870391845703,-0.15263722836971283,0.8624029159545898,279.9262390136719,1501,1501,1000,1500,1000,1000,1000,2000,1000,1500,0,0,0,0,1493,1505,1579,1498,1539,1428,1584,1464,0,1503,0,0,0,1500,0,-0.06691630929708481,98548.2421875,46.42,-0.4685971736907959,27922077,0.0,25.329750061035156,1,0,0.28,4,25,-1,,,
auto,00000003.BIN,C:\Users\Siya Bhadu\OneDrive\Desktop\ardupilot_parse\data\auto\00000003.BIN,00000003__descent_002,2,26461.971214,5.200000000000728,POS.RelHomeAlt,0.19164153933525085,0.1908157765865326,0.0,-0.05450725555499236,3.328254461288452,ARSP.Airspeed,-1.0015406608581543,-1.0015406608581543,175.7404474495262,ArduPilot_AOA.AOA,8.29004192352295,8.29004192352295,-13.98137870070806,ArduPilot_AOA.SSA,ArduPilot_AOA,ground_relative_approx,0.015541555038327787,-0.005279100500047207,0.014617490582168102,0.0010701351566240191,-0.24,-0.26,275.86,-0.24,-0.26,0.0,0.0,0.0,1501.0,1502.0,1000.0,1500.0,0.002,0.004,0.0,0.0,0.02000000000029104,0.0,0.0,0.0,1493.0,1505.0,1579.0,1498.0,0.0,26.0,0.0,-0.0019464163342490792,-0.007628977298736572,-0.0023830244317650795,0.12368094176054001,0.018709124997258186,-9.835965156555176,32.9473591,-118.5318908,13.934126853942871,7.271361827850342,2.1605961322784424,,,,-0.015075079156656053,-0.003763832181719012,0.001122799176711981,-0.015075079156656053,-0.003763832181719012,0.001122799176711981,2,4,346330400,2436,28,0.52,32.9473587,-118.5318892,261.1,0.0113058527931571,207.55282592773438,0.037797361612319946,0.0,1,32.9473591,-118.5318908,261.1300048828125,0.19164153933525085,-2.0883584022521973,-0.24,-0.24,-0.26,-0.26,0.0,275.86,0.01,0.05,3,0,-0.0019464163342490792,-0.007628977298736572,-0.0023830244317650795,0.12368094176054001,0.018709124997258186,-9.835965156555176,0,0,45.0,1,1,3276,3276,-0.13,0.85,279.88,260.8699951171875,32.9473587,-118.5318892,0.7653675675392151,0.003920375369489193,0.006432856433093548,-0.6435493230819702,2,0.2,0.53,277.09,-0.005279100500047207,0.014617490582168102,0.0010701351566240191,-0.04519890621304512,13.934126853942871,7.271361827850342,2.1605961322784424,0.29,-0.11,0.01,260.94,2,0.18,-0.05,0.03,-1.08,3.92,239,48,385,14,-12,-21,0.0,0.0,-0.005415600724518299,-0.24,-0.24,-0.26,-0.26,0.0,26.0,0.0,3.621312141418457,1,4.422602653503418,1.0322507619857788,0,147.74053955078125,-79.28,-74.02,10.43,4.174069404602051,0.00544491782784462,17.526912689208984,32.9471741,-118.5303247,259.72,12.52,23.0,,,,,,,,,,,,,,,0,3.328254461288452,7.502866744995117,25.32,7.502866744995117,-2.490830183029175,1,1,1.0,0.33152395486831665,0,-1.0015406608581543,8.29004192352295,-0.1305711418390274,0.8533326387405396,279.8824157714844,1501,1502,1000,1500,1000,1000,1000,2000,1000,1500,0,0,0,0,1493,1505,1579,1498,1540,1427,1584,1464,0,1503,0,0,0,1500,0,-0.09428674727678299,98548.5546875,46.41,-0.6319551467895508,27922178,0.0,25.329750061035156,1,0,0.28,4,25,-1,,,
auto,00000003.BIN,C:\Users\Siya Bhadu\OneDrive\Desktop\ardupilot_parse\data\auto\00000003.BIN,00000003__descent_002,2,26462.021214,5.25,POS.RelHomeAlt,0.19363901019096375,0.1926402747631073,0.0,-0.031046867370323694,3.328254461288452,ARSP.Airspeed,-1.0015406608581543,-1.0015406608581543,174.68584336692197,ArduPilot_AOA.AOA,8.29004192352295,8.29004192352295,-16.247212434612997,ArduPilot_AOA.SSA,ArduPilot_AOA,ground_relative_approx,0.015064230610548417,-0.005675779189914465,0.01395408809185028,0.001298764138482511,-0.27,-0.26,275.85,-0.27,-0.26,0.0,0.0,0.0,1502.0,1501.0,1000.0,1500.0,0.004,0.002,0.0,0.0,2.9103837395627608e-12,-0.020000000001018637,0.0,0.0,1493.0,1505.0,1579.0,1498.0,0.0,26.0,0.0,-0.013637623749673367,-0.003688010387122631,-0.003515626071020961,0.14613531529903412,0.05908133089542389,-9.871766090393066,32.9473591,-118.5318908,13.932406425476074,7.271920204162598,2.159126043319702,,,,-0.014453875419831607,-0.004230340208712244,0.0013444475600529278,-0.014453875419831607,-0.004230340208712244,0.0013444475600529278,2,4,346330600,2436,28,0.52,32.9473588,-118.5318881,261.02,0.012413091957569122,299.87762451171875,0.0007632862543687224,0.0,1,32.9473591,-118.5318908,261.1300048828125,0.19363901019096375,-2.0863609313964844,-0.27,-0.27,-0.26,-0.26,0.0,275.85,0.01,0.05,3,0,-0.013637623749673367,-0.003688010387122631,-0.003515626071020961,0.14613531529903412,0.05908133089542389,-9.871766090393066,0,0,45.0,1,1,3276,3276,-0.16,0.85,279.86,260.8399963378906,32.9473587,-118.5318892,0.7652527689933777,0.003719812259078026,0.006617521867156029,-0.6436851024627686,2,0.17,0.53,277.08,-0.005675779189914465,0.01395408809185028,0.001298764138482511,-0.036340389400720596,13.932406425476074,7.271920204162598,2.159126043319702,0.28,-0.11,0.01,260.94,2,0.18,-0.05,0.03,-1.08,3.92,239,48,385,14,-12,-21,0.0,0.0,-0.005415600724518299,-0.27,-0.27,-0.26,-0.26,0.0,26.0,0.0,3.5359461307525635,1,4.422602653503418,1.0322507619857788,0,147.74053955078125,-79.28,-74.02,10.43,4.174069404602051,0.00544491782784462,17.526912689208984,32.9471741,-118.5303247,259.72,12.52,23.0,,,,,,,,,,,,,,,0,3.328254461288452,7.502866744995117,25.32,7.502866744995117,-2.490830183029175,1,1,1.0,0.33152395486831665,0,-1.0015406608581543,8.29004192352295,-0.1305711418390274,0.8533326387405396,279.8824157714844,1502,1501,1000,1500,1000,1000,1000,2000,1000,1500,0,0,0,0,1493,1505,1579,1498,1540,1427,1584,1464,0,1503,0,0,0,1500,0,-0.09428674727678299,98548.5546875,46.41,-0.6319551467895508,27922178,0.0,25.329750061035156,1,0,0.28,4,25,-1,,,
auto,00000003.BIN,C:\Users\Siya Bhadu\OneDrive\Desktop\ardupilot_parse\data\auto\00000003.BIN,00000003__descent_002,2,26462.071214000003,5.30000000000291,POS.RelHomeAlt,0.19420191645622253,0.19392046332359314,0.0,-0.028185844420959505,3.361772298812866,ARSP.Airspeed,-0.9217976927757263,-0.9217976927757263,-110.60932082689426,ArduPilot_AOA.AOA,8.30971622467041,8.30971622467041,-20.803404698861193,ArduPilot_AOA.SSA,ArduPilot_AOA,ground_relative_approx,0.027461241978923644,-0.022139152511954308,0.01624739170074463,-0.04950587823987007,-0.31,-0.25,275.83,-0.31,-0.25,0.0,0.0,0.0,1501.0,1501.0,1000.0,1500.0,0.002,0.002,0.0,0.0,-0.019999999998108246,0.020000000001018634,0.0,0.0,1493.0,1505.0,1579.0,1498.0,0.0,26.0,0.0,-0.01573760062456131,-0.0035216412506997585,-0.005032481160014868,0.12347882241010666,0.07662485539913177,-9.788146018981934,32.9473591,-118.5318908,13.906943321228027,7.274948596954346,2.0857980251312256,,,,-0.018628022004644397,-0.02010656442645937,-0.049534580390722616,-0.018628022004644397,-0.02010656442645937,-0.049534580390722616,2,4,346330600,2436,28,0.52,32.9473588,-118.5318881,261.02,0.012413091957569122,299.87762451171875,0.0007632862543687224,0.0,1,32.9473591,-118.5318908,261.1300048828125,0.19420191645622253,-2.0857980251312256,-0.31,-0.31,-0.25,-0.25,0.0,275.83,0.01,0.05,3,0,-0.01573760062456131,-0.0035216412506997585,-0.005032481160014868,0.12347882241010666,0.07662485539913177,-9.788146018981934,0,0,45.0,1,1,3276,3276,-0.19,0.85,279.83,260.8399963378906,32.9473587,-118.5318892,0.7651163935661316,0.003526727668941021,0.006803734693676233,-0.6438463926315308,0,-0.31,-0.25,275.82,-0.022139152511954308,0.01624739170074463,-0.04950587823987007,-0.03961413726210594,13.906943321228027,7.274948596954346,2.0857980251312256,-0.12,-0.25,-0.18,260.94,2,0.18,-0.05,0.03,-1.08,3.92,239,48,385,14,-12,-21,0.0,0.0,-0.005415600724518299,-0.31,-0.31,-0.25,-0.25,0.0,26.0,0.0,3.5359461307525635,1,4.422602653503418,1.0322507619857788,0,147.74053955078125,-79.28,-74.02,10.43,4.174069404602051,0.00544491782784462,17.526912689208984,32.9471741,-118.5303247,259.72,12.52,23.0,,,,,,,,,,,,,,,0,3.361772298812866,7.654746055603027,25.32,7.654746055603027,-2.490830183029175,1,1,1.0,0.33152395486831665,0,-0.9217976927757263,8.30971622467041,-0.1997041553258896,0.8532506227493286,279.8245849609375,1501,1501,1000,1500,1000,1000,1000,2000,1000,1500,0,0,0,0,1493,1505,1579,1498,1539,1428,1584,1464,0,1503,0,0,0,1500,0,0.11920267343521118,98546.140625,46.41,-0.4527910053730011,27922277,0.0,25.329750061035156,1,0,0.28,4,25,-1,,,
auto,00000003.BIN,C:\Users\Siya Bhadu\OneDrive\Desktop\ardupilot_parse\data\auto\00000003.BIN,00000003__descent_002,2,26462.121214000003,5.350000000002183,POS.RelHomeAlt,0.1967158019542694,0.19545885920524597,0.0,-0.03156661987350606,3.361772298812866,ARSP.Airspeed,-0.9217976927757263,-0.9217976927757263,154.64796262815287,ArduPilot_AOA.AOA,8.30971622467041,8.30971622467041,-30.83940515336766,ArduPilot_AOA.SSA,ArduPilot_AOA,ground_relative_approx,0.016270104439853918,-0.01025731023401022,0.012629484757781029,0.006416636984795332,-0.31,-0.26,275.79,-0.31,-0.26,0.0,0.0,0.0,1501.0,1502.0,1000.0,1500.0,0.002,0.004,0.0,0.0,0.02000000000029104,0.0,0.0,0.0,1493.0,1505.0,1579.0,1498.0,0.0,26.0,0.0,-0.005545349325984716,-0.007035115733742714,-0.007800099439918995,0.14392897486686707,-0.0018688387935981154,-9.840782165527344,32.9473591,-118.5318908,13.928136825561523,7.273580074310303,2.158156633377075,,,,-0.01357058031326422,-0.008965804869962065,0.00642986949116446,-0.01357058031326422,-0.008965804869962065,0.00642986949116446,2,4,346330600,2436,28,0.52,32.9473588,-118.5318881,261.02,0.012413091957569122,299.87762451171875,0.0007632862543687224,0.0,1,32.9473591,-118.5318908,261.1300048828125,0.1967158019542694,-2.0832841396331787,-0.31,-0.31,-0.26,-0.26,0.0,275.79,0.01,0.05,3,0,-0.005545349325984716,-0.007035115733742714,-0.007800099439918995,0.14392897486686707,-0.0018688387935981154,-9.840782165527344,0,0,45.0,1,1,3276,3276,-0.19,0.84,279.77,261.04998779296875,32.9473588,-118.5318881,0.7647690176963806,0.0034598568454384804,0.0067171575501561165,-0.6442602872848511,2,0.13,0.53,277.02,-0.01025731023401022,0.012629484757781029,0.006416636984795332,-0.01424370612949133,13.928136825561523,7.273580074310303,2.158156633377075,0.28,-0.11,0.01,260.94,0,0.18,0.0,-0.02,-1.0,3.93,239,48,385,10,-9,-23,0.0,0.0,-0.044091660529375076,-0.31,-0.31,-0.26,-0.26,0.0,26.0,0.0,3.4846079349517822,1,4.369448661804199,1.0322507619857788,0,147.74053955078125,-79.28,-74.02,10.43,4.174069404602051,0.00544491782784462,17.612279891967773,32.9471741,-118.5303247,259.72,12.52,23.0,,,,,,,,,,,,,,,0,3.361772298812866,7.654746055603027,25.32,7.654746055603027,-2.490830183029175,1,1,1.0,0.33152395486831665,0,-0.9217976927757263,8.30971622467041,-0.1997041553258896,0.8532506227493286,279.8245849609375,1501,1502,1000,1500,1000,1000,1000,2000,1000,1500,0,0,0,0,1493,1505,1579,1498,1540,1427,1584,1464,0,1503,0,0,0,1500,0,0.11920267343521118,98546.140625,46.41,-0.4527910053730011,27922277,0.0,25.329750061035156,1,0,0.28,4,25,-1,,,
auto,00000003.BIN,C:\Users\Siya Bhadu\OneDrive\Desktop\ardupilot_parse\data\auto\00000003.BIN,00000003__descent_002,2,26462.171214,5.400000000001455,POS.RelHomeAlt,0.19743844866752625,0.19707712531089783,0.0,-0.022184848785723243,3.8001081943511963,ARSP.Airspeed,-0.9113363027572632,-0.9113363027572632,153.40256362906294,ArduPilot_AOA.AOA,8.284332275390625,8.284332275390625,-28.487535280645183,ArduPilot_AOA.SSA,ArduPilot_AOA,ground_relative_approx,0.015841301168031546,-0.009504331275820732,0.012673377990722656,0.006761602591723204,-0.3,-0.25,275.78,-0.3,-0.25,0.0,0.0,0.0,1502.0,1501.0,1000.0,1500.0,0.004,0.002,0.0,0.0,0.0,-0.02000000000029104,0.0,0.0,1493.0,1505.0,1579.0,1498.0,0.0,26.0,0.0,0.003258362878113985,-0.002191780833527446,-0.0077552106231451035,0.1355053186416626,0.1042448952794075,-9.85128116607666,32.947359,-118.5318908,13.926830291748047,7.274062156677246,2.158363103866577,,,,-0.013536485278673573,-0.008215288128374307,0.006777809349098079,-0.013536485278673573,-0.008215288128374307,0.006777809349098079,2,4,346330600,2436,28,0.52,32.9473588,-118.5318881,261.02,0.012413091957569122,299.87762451171875,0.0007632862543687224,0.0,1,32.947359,-118.5318908,261.1300048828125,0.19743844866752625,-2.082561492919922,-0.3,-0.3,-0.25,-0.25,0.0,275.78,0.01,0.05,3,0,0.003258362878113985,-0.002191780833527446,-0.0077552106231451035,0.1355053186416626,0.1042448952794075,-9.85128116607666,0,0,45.0,1,1,3276,3276,-0.17,0.84,279.74,261.04998779296875,32.9473588,-118.5318881,0.7646149396896362,0.0035675244871526957,0.0066393036395311356,-0.6444433331489563,2,0.14,0.54,277.0,-0.009504331275820732,0.012673377990722656,0.006761602591723204,-0.00014640037261415273,13.926830291748047,7.274062156677246,2.158363103866577,0.28,-0.11,0.01,260.94,2,0.18,-0.05,0.03,-1.08,3.92,239,48,385,14,-12,-21,0.0,0.0,-0.005415600724518299,-0.3,-0.3,-0.25,-0.25,0.0,26.0,0.0,3.4846079349517822,1,4.369448661804199,1.0322507619857788,0,147.73898315429688,-79.28,-74.02,10.43,4.174069404602051,0.00544491782784462,17.663618087768555,32.9471741,-118.5303247,259.72,12.52,23.0,,,,,,,,,,,,,,,0,3.8001081943511963,9.781064987182617,25.32,9.781064987182617,-2.490830183029175,1,1,1.0,0.33152395486831665,0,-0.9113363027572632,8.284332275390625,-0.17773517966270447,0.8452099561691284,279.7481384277344,1502,1501,1000,1500,1000,1000,1000,2000,1000,1500,0,0,0,0,1493,1505,1579,1498,1539,1428,1584,1464,0,1503,0,0,0,1500,0,0.31079575419425964,98543.96875,46.41,0.056567247956991196,27922376,0.0,25.329750061035156,1,0,0.28,4,25,-1,,,
auto,00000003.BIN,C:\Users\Siya Bhadu\OneDrive\Desktop\ardupilot_parse\data\auto\00000003.BIN,00000003__descent_002,2,26462.221214,5.450000000000728,POS.RelHomeAlt,0.19851109385490417,0.197677344083786,0.0,-0.011365413665936908,3.8001081943511963,ARSP.Airspeed,-0.9113363027572632,-0.9113363027572632,149.3321647398816,ArduPilot_AOA.AOA,8.284332275390625,8.284332275390625,-15.381707479723683,ArduPilot_AOA.SSA,ArduPilot_AOA,ground_relative_approx,0.01469327801419014,-0.005813155323266983,0.013494430109858513,0.008244933560490608,-0.29,-0.26,275.77,-0.29,-0.26,0.0,0.0,0.0,1501.0,1501.0,1000.0,1500.0,0.002,0.002,0.0,0.0,-0.02000000000029104,0.02000000000029104,0.0,0.0,1494.0,1505.0,1579.0,1498.0,0.0,26.0,0.0,0.002836603671312332,-0.003968251869082451,-0.003661425318568945,0.12220250070095062,0.21322384476661682,-9.808318138122559,32.947359,-118.5318907,13.925411224365234,7.2755231857299805,2.1577486991882324,,,,-0.01397292962918107,-0.004469031266980615,0.008285912462239203,-0.01397292962918107,-0.004469031266980615,0.008285912462239203,2,4,346330800,2436,28,0.52,32.9473588,-118.5318884,261.04,0.010954482480883598,275.6394958496094,0.005538241006433964,0.0,1,32.947359,-118.5318907,261.1300048828125,0.19851109385490417,-2.081488847732544,-0.29,-0.29,-0.26,-0.26,0.0,275.77,0.01,0.05,3,0,0.002836603671312332,-0.003968251869082451,-0.003661425318568945,0.12220250070095062,0.21322384476661682,-9.808318138122559,0,0,45.0,1,1,3276,3276,-0.16,0.83,279.73,261.25,32.9473588,-118.5318881,0.764523446559906,0.003618254093453288,0.006521425675600767,-0.6445527672767639,2,0.15,0.54,276.99,-0.005813155323266983,0.013494430109858513,0.008244933560490608,0.003874191315844655,13.925411224365234,7.2755231857299805,2.1577486991882324,0.28,-0.11,0.01,260.94,2,0.18,-0.05,0.03,-1.08,3.92,239,48,385,14,-12,-21,0.0,0.0,-0.005415600724518299,-0.29,-0.29,-0.26,-0.26,0.0,26.0,0.0,3.582176923751831,1,4.369448661804199,1.0322507619857788,0,147.73898315429688,-79.28,-74.02,10.43,4.174069404602051,0.00544491782784462,17.663618087768555,32.9471741,-118.5303247,259.72,12.52,23.0,,,,,,,,,,,,,,,0,3.8001081943511963,9.781064987182617,25.32,9.781064987182617,-2.490830183029175,1,1,1.0,0.33152395486831665,0,-0.9113363027572632,8.284332275390625,-0.17773517966270447,0.8452099561691284,279.7481384277344,1501,1501,1000,1500,1000,1000,1000,2001,1000,1500,0,0,0,0,1494,1505,1579,1498,1540,1427,1584,1465,0,1503,0,0,0,1500,0,0.31079575419425964,98543.96875,46.41,0.056567247956991196,27922376,0.0,25.329750061035156,1,0,0.29,4,25,-1,,,
auto,00000003.BIN,C:\Users\Siya Bhadu\OneDrive\Desktop\ardupilot_parse\data\auto\00000003.BIN,00000003__descent_002,2,26462.271214,5.5,POS.RelHomeAlt,0.19791623950004578,0.19821366667747498,0.0,-0.009551048278685803,3.5404536724090576,ARSP.Airspeed,-0.8628917336463928,-0.8628917336463928,142.98747718822543,ArduPilot_AOA.AOA,8.36568832397461,8.36568832397461,-15.489881624051087,ArduPilot_AOA.SSA,ArduPilot_AOA,ground_relative_approx,0.014480969720760914,-0.006043804809451103,0.013159441761672497,0.010253643617033958,-0.27,-0.26,275.77,-0.27,-0.26,0.0,0.0,0.0,1501.0,1502.0,1000.0,1500.0,0.002,0.004,0.0,0.0,0.0,2.9103837395627608e-12,0.0,0.0,1494.0,1505.0,1579.0,1498.0,0.0,26.0,0.0,0.002885200548917055,-0.005054440815001726,0.0026604493614286184,0.1511710286140442,0.032526880502700806,-9.849791526794434,32.947359,-118.5318907,13.924221992492676,7.2768473625183105,2.1588220596313477,,,,-0.013653714921662615,-0.004738753876230939,0.010293491731050718,-0.013653714921662615,-0.004738753876230939,0.010293491731050718,2,4,346330800,2436,28,0.52,32.9473588,-118.5318884,261.04,0.010954482480883598,275.6394958496094,0.005538241006433964,0.0,1,32.947359,-118.5318907,261.1300048828125,0.19791623950004578,-2.0820837020874023,-0.27,-0.27,-0.26,-0.26,0.0,275.77,0.01,0.05,3,0,0.002885200548917055,-0.005054440815001726,0.0026604493614286184,0.1511710286140442,0.032526880502700806,-9.849791526794434,0,0,45.0,1,1,3276,3276,-0.15,0.83,279.72,261.25,32.9473588,-118.5318881,0.764485239982605,0.003678221022710204,0.00640063127502799,-0.6445989608764648,2,0.16,0.54,277.0,-0.006043804809451103,0.013159441761672497,0.010253643617033958,0.00846027210354805,13.924221992492676,7.2768473625183105,2.1588220596313477,0.28,-0.11,0.01,260.94,2,0.18,-0.05,0.03,-1.08,3.92,239,48,385,14,-12,-21,0.0,0.0,-0.005415600724518299,-0.27,-0.27,-0.26,-0.26,0.0,26.0,0.0,3.582176923751831,1,4.369448661804199,1.0322507619857788,0,147.73898315429688,-79.28,-74.02,10.43,4.174069404602051,0.00544491782784462,17.663618087768555,32.9471741,-118.5303247,259.72,12.52,23.0,,,,,,,,,,,,,,,0,3.5404536724090576,8.49008560180664,25.32,8.49008560180664,-2.490830183029175,1,1,1.0,0.33152395486831665,0,-0.8628917336463928,8.36568832397461,-0.145016610622406,0.831942617893219,279.7215576171875,1501,1502,1000,1500,1000,1000,1000,2000,1000,1500,0,0,0,0,1494,1505,1579,1498,1540,1427,1584,1465,0,1503,0,0,0,1500,0,-0.04775700345635414,98548.0390625,46.42,0.6740198731422424,27922477,0.0,25.329750061035156,1,0,0.28,4,25,-1,,,
auto,00000003.BIN,C:\Users\Siya Bhadu\OneDrive\Desktop\ardupilot_parse\data\auto\00000003.BIN,00000003__descent_002,2,26462.321214000003,5.55000000000291,POS.RelHomeAlt,0.19875380396842957,0.19863244891166687,0.0,-0.007969141006266334,3.5404536724090576,ARSP.Airspeed,-0.8628917336463928,-0.8628917336463928,135.8156344472361,ArduPilot_AOA.AOA,8.36568832397461,8.36568832397461,-27.9135769151613,ArduPilot_AOA.SSA,ArduPilot_AOA,ground_relative_approx,0.016546194646780348,-0.011059440672397614,0.012307125143706799,0.01291812676936388,-0.28,-0.25,275.78,-0.28,-0.25,0.0,0.0,0.0,1501.0,1501.0,1000.0,1500.0,0.002,0.002,0.0,0.0,0.0,2.9103872090097127e-12,0.0,0.0,1493.0,1505.0,1579.0,1498.0,0.0,26.0,0.0,2.690294240892399e-05,-0.0028006923384964466,0.0021737352944910526,0.13025584816932678,-0.03015189990401268,-9.835057258605957,32.947359,-118.5318907,13.921919822692871,7.279053211212158,2.1594948768615723,,,,-0.01330184717904561,-0.009827072490724132,0.012928420800927997,-0.01330184717904561,-0.009827072490724132,0.012928420800927997,2,4,346330800,2436,28,0.52,32.9473588,-118.5318884,261.04,0.010954482480883598,275.6394958496094,0.005538241006433964,0.0,1,32.947359,-118.5318907,261.1300048828125,0.19875380396842957,-2.0812461376190186,-0.28,-0.28,-0.25,-0.25,0.0,275.78,0.01,0.05,3,0,2.690294240892399e-05,-0.0028006923384964466,0.0021737352944910526,0.13025584816932678,-0.03015189990401268,-9.835057258605957,0,0,45.0,1,1,3276,3276,-0.14,0.82,279.71,260.8899841308594,32.9473588,-118.5318884,0.7644008994102478,0.0036733578890562057,0.006367702502757311,-0.6446992754936218,2,0.16,0.54,277.0,-0.011059440672397614,0.012307125143706799,0.01291812676936388,0.015363994985818863,13.921919822692871,7.279053211212158,2.1594948768615723,0.28,-0.11,0.01,260.94,0,0.18,0.0,-0.02,-1.0,3.93,239,48,385,10,-9,-23,0.0,0.0,-0.044091660529375076,-0.28,-0.28,-0.25,-0.25,0.0,26.0,0.0,3.569711208343506,1,4.314766883850098,1.0322507619857788,0,147.729736328125,-79.28,-74.02,10.43,4.174069404602051,0.00544491782784462,17.566049575805664,32.9471741,-118.5303247,259.72,12.52,23.0,,,,,,,,,,,,,,,0,3.5404536724090576,8.49008560180664,25.32,8.49008560180664,-2.490830183029175,1,1,1.0,0.33152395486831665,0,-0.8628917336463928,8.36568832397461,-0.145016610622406,0.831942617893219,279.7215576171875,1501,1501,1000,1500,1000,1000,1000,2000,1000,1500,0,0,0,0,1493,1505,1579,1498,1539,1428,1584,1464,0,1503,0,0,0,1500,0,-0.04775700345635414,98548.0390625,46.42,0.6740198731422424,27922477,0.0,25.329750061035156,1,0,0.28,4,25,-1,,,
auto,00000003.BIN,C:\Users\Siya Bhadu\OneDrive\Desktop\ardupilot_parse\data\auto\00000003.BIN,00000003__descent_002,2,26462.371214000003,5.600000000002183,POS.RelHomeAlt,0.19926735758781433,0.19901058077812195,0.0,-0.010360479355009167,3.844109296798706,ARSP.Airspeed,-0.8185093402862549,-0.8185093402862549,131.6026305076463,ArduPilot_AOA.AOA,8.296199798583984,8.296199798583984,-17.39306166598132,ArduPilot_AOA.SSA,ArduPilot_AOA,ground_relative_approx,0.014566513383384766,-0.007427572272717953,0.012530541978776455,0.014778587967157364,-0.29,-0.26,275.78,-0.29,-0.26,0.0,0.0,0.0,1501.0,1502.0,1000.0,1500.0,0.002,0.004,0.0,0.0,0.0,0.0,0.0,0.0,1493.0,1505.0,1579.0,1498.0,0.0,26.0,0.0,-0.007241393905133009,-0.005896653514355421,0.0025111071299761534,0.13754034042358398,0.15680530667304993,-9.816071510314941,32.947359,-118.5318907,13.920905113220215,7.280013084411621,2.159878969192505,,,,-0.013147660275684998,-0.00620289651456311,0.014807196850050025,-0.013147660275684998,-0.00620289651456311,0.014807196850050025,2,4,346330800,2436,28,0.52,32.9473588,-118.5318884,261.04,0.010954482480883598,275.6394958496094,0.005538241006433964,0.0,1,32.947359,-118.5318907,261.1300048828125,0.19926735758781433,-2.080732583999634,-0.29,-0.29,-0.26,-0.26,0.0,275.78,0.01,0.05,3,0,-0.007241393905133009,-0.005896653514355421,0.0025111071299761534,0.13754034042358398,0.15680530667304993,-9.816071510314941,0,0,45.0,1,1,3276,3276,-0.15,0.82,279.7,260.8899841308594,32.9473588,-118.5318884,0.7643610835075378,0.003570736153051257,0.006390244700014591,-0.6447468400001526,2,0.15,0.54,277.0,-0.007427572272717953,0.012530541978776455,0.014778587967157364,0.01932665705680847,13.920905113220215,7.280013084411621,2.159878969192505,0.28,-0.11,0.01,260.94,2,0.18,-0.05,0.03,-1.08,3.92,239,48,385,14,-12,-21,0.0,0.0,-0.005415600724518299,-0.29,-0.29,-0.26,-0.26,0.0,26.0,0.0,3.569711208343506,1,4.314766883850098,1.0322507619857788,0,147.729736328125,-79.28,-74.02,10.43,4.174069404602051,0.00544491782784462,17.578514099121094,32.9471741,-118.5303247,259.72,12.52,23.0,,,,,,,,,,,,,,,0,3.844109296798706,10.00888442993164,25.32,10.00888442993164,-2.490830183029175,1,1,1.0,0.33152395486831665,0,-0.8185093402862549,8.296199798583984,-0.15938453376293182,0.8235609531402588,279.7029724121094,1501,1502,1000,1500,1000,1000,1000,2000,1000,1500,0,0,0,0,1493,1505,1579,1498,1539,1428,1584,1464,0,1503,0,0,0,1500,0,0.11099154502153397,98546.2421875,46.42,0.7000017762184143,27922577,0.0,25.329750061035156,1,0,0.28,4,25,-1,,,
auto,00000003.BIN,C:\Users\Siya Bhadu\OneDrive\Desktop\ardupilot_parse\data\auto\00000003.BIN,00000003__descent_002,2,26462.421214,5.650000000001455,POS.RelHomeAlt,0.2000696361064911,0.1996684968471527,0.0,-0.014768838882661228,3.844109296798706,ARSP.Airspeed,-0.8185093402862549,-0.8185093402862549,132.17379319318266,ArduPilot_AOA.AOA,8.296199798583984,8.296199798583984,-18.786004013021856,ArduPilot_AOA.SSA,ArduPilot_AOA,ground_relative_approx,0.014687397852907052,-0.007844625040888786,0.012416984885931015,0.014415586367249489,-0.29,-0.25,275.78,-0.29,-0.25,0.0,0.0,0.0,1501.0,1501.0,1000.0,1500.0,0.002,0.002,0.0,0.0,0.02000000000029104,-0.02000000000029104,0.0,0.0,1493.0,1505.0,1579.0,1498.0,0.0,26.0,0.0,-0.004113958682864904,-0.004490986466407776,0.002131333574652672,0.13192252814769745,0.08445665240287781,-9.880688667297363,32.947359,-118.5318907,13.919530868530273,7.2810163497924805,2.159538507461548,,,,-0.013080855641570865,-0.00662740924177597,0.014439440724197528,-0.013080855641570865,-0.00662740924177597,0.014439440724197528,2,4,346331000,2436,28,0.52,32.9473588,-118.5318876,260.99,0.0017056139186024666,325.9682922363281,-0.02084898017346859,0.0,1,32.947359,-118.5318907,261.1399841308594,0.2000696361064911,-2.079930305480957,-0.29,-0.29,-0.25,-0.25,0.0,275.78,0.01,0.05,3,0,-0.004113958682864904,-0.004490986466407776,0.002131333574652672,0.13192252814769745,0.08445665240287781,-9.880688667297363,0,0,45.0,1,1,3276,3276,-0.15,0.82,279.69,261.04998779296875,32.9473588,-118.5318884,0.7643104791641235,0.003585905535146594,0.006396783050149679,-0.6448066830635071,2,0.15,0.54,277.0,-0.007844625040888786,0.012416984885931015,0.014415586367249489,0.013545810244977474,13.919530868530273,7.2810163497924805,2.159538507461548,0.29,-0.11,0.01,260.94,2,0.18,-0.05,0.03,-1.08,3.92,239,48,385,14,-12,-21,0.0,0.0,-0.005415600724518299,-0.29,-0.29,-0.25,-0.25,0.0,26.0,0.0,3.6541950702667236,1,4.314766883850098,1.0322507619857788,0,147.729736328125,-79.28,-74.02,10.43,4.174069404602051,0.00544491782784462,17.578514099121094,32.9471741,-118.5303247,259.72,12.52,23.0,,,,,,,,,,,,,,,0,3.844109296798706,10.00888442993164,25.32,10.00888442993164,-2.490830183029175,1,1,1.0,0.33152395486831665,0,-0.8185093402862549,8.296199798583984,-0.15938453376293182,0.8235609531402588,279.7029724121094,1501,1501,1000,1500,1000,1000,1000,2000,1000,1500,0,0,0,0,1493,1505,1579,1498,1540,1427,1584,1464,0,1503,0,0,0,1500,0,0.11099154502153397,98546.2421875,46.42,0.7000017762184143,27922577,0.0,25.329750061035156,1,0,0.28,4,25,-1,,,
auto,00000003.BIN,C:\Users\Siya Bhadu\OneDrive\Desktop\ardupilot_parse\data\auto\00000003.BIN,00000003__descent_002,2,26462.471214,5.700000000000728,POS.RelHomeAlt,0.20090529322624207,0.20048746466636658,0.0,-0.025365352630984495,3.902005672454834,ARSP.Airspeed,-0.8062214255332947,-0.8062214255332947,129.15127152973727,ArduPilot_AOA.AOA,8.327973365783691,8.327973365783691,-27.35983542448367,ArduPilot_AOA.SSA,ArduPilot_AOA,ground_relative_approx,0.01784440381515948,-0.012566759251058102,0.012668832205235958,0.016937673091888428,-0.27,-0.25,275.78,-0.27,-0.25,0.0,0.0,0.0,1502.0,1501.0,1000.0,1500.0,0.004,0.002,0.0,0.0,0.0,0.0,0.0,0.0,1493.0,1505.0,1579.0,1498.0,0.0,26.0,0.0,0.003209606511518359,-0.0031186314299702644,-0.0028504948131740093,0.1238352581858635,-0.06578229367733002,-9.787374496459961,32.947359,-118.5318907,13.918190002441406,7.281948566436768,2.1591641902923584,,,,-0.013795972464759757,-0.011306979690266566,0.016944936450799968,-0.013795972464759757,-0.011306979690266566,0.016944936450799968,2,4,346331000,2436,28,0.52,32.9473588,-118.5318876,260.99,0.0017056139186024666,325.9682922363281,-0.02084898017346859,0.0,1,32.947359,-118.5318907,261.1399841308594,0.20090529322624207,-2.079094648361206,-0.27,-0.27,-0.25,-0.25,0.0,275.78,0.01,0.05,3,0,0.003209606511518359,-0.0031186314299702644,-0.0028504948131740093,0.1238352581858635,-0.06578229367733002,-9.787374496459961,0,0,45.0,1,1,3276,3276,-0.14,0.82,279.67,261.04998779296875,32.9473588,-118.5318884,0.7642127275466919,0.0036666139494627714,0.006330172996968031,-0.6449227929115295,2,0.16,0.54,277.0,-0.012566759251058102,0.012668832205235958,0.016937673091888428,0.005747368559241295,13.918190002441406,7.281948566436768,2.1591641902923584,0.28,-0.11,0.01,260.94,2,0.18,-0.05,0.03,-1.08,3.92,239,48,385,14,-12,-21,0.0,0.0,-0.005415600724518299,-0.27,-0.27,-0.25,-0.25,0.0,26.0,0.0,3.6541950702667236,1,4.314766883850098,1.0322507619857788,0,147.729736328125,-79.28,-74.02,10.43,4.174069404602051,0.00544491782784462,17.578514099121094,32.9471741,-118.5303247,259.72,12.52,23.0,,,,,,,,,,,,,,,0,3.902005672454834,10.312644004821777,25.32,10.312644004821777,-2.490830183029175,1,1,1.0,0.33152395486831665,0,-0.8062214255332947,8.327973365783691,-0.1401195079088211,0.8225862979888916,279.6661682128906,1502,1501,1000,1500,1000,1000,1000,2000,1000,1500,0,0,0,0,1493,1505,1579,1498,1540,1427,1584,1464,0,1503,0,0,0,1500,0,0.15478424727916718,98545.7421875,46.42,0.06564789265394211,27922677,0.0,25.329750061035156,1,0,0.28,4,25,-1,,,
auto,00000003.BIN,C:\Users\Siya Bhadu\OneDrive\Desktop\ardupilot_parse\data\auto\00000003.BIN,00000003__descent_002,2,26462.521214,5.75,POS.RelHomeAlt,0.2035047709941864,0.20220503211021423,0.0,-0.03361463546684895,3.902005672454834,ARSP.Airspeed,-0.8062214255332947,-0.8062214255332947,127.81075886544113,ArduPilot_AOA.AOA,8.327973365783691,8.327973365783691,-23.754545375040763,ArduPilot_AOA.SSA,ArduPilot_AOA,ground_relative_approx,0.01783407967774466,-0.01171262376010418,0.013448748737573624,0.018626509234309196,-0.25,-0.26,275.75,-0.25,-0.26,0.0,0.0,0.0,1501.0,1501.0,1000.0,1500.0,0.002,0.002,0.0,0.0,-0.020000000001018637,0.01999999999810825,0.0,0.0,1494.0,1505.0,1579.0,1498.0,0.0,26.0,0.0,0.0035347891971468925,-0.005547782406210899,-0.0048263343051075935,0.13790324330329895,0.07820744812488556,-9.83712100982666,32.947359,-118.5318907,13.915576934814453,7.283608913421631,2.15805983543396,,,,-0.0144698726926858,-0.01038775029580107,0.018647216206648682,-0.0144698726926858,-0.01038775029580107,0.018647216206648682,2,4,346331000,2436,28,0.52,32.9473588,-118.5318876,260.99,0.0017056139186024666,325.9682922363281,-0.02084898017346859,0.0,1,32.947359,-118.5318907,261.1399841308594,0.2035047709941864,-2.0764951705932617,-0.25,-0.25,-0.26,-0.26,0.0,275.75,0.0,0.05,3,0,0.0035347891971468925,-0.005547782406210899,-0.0048263343051075935,0.13790324330329895,0.07820744812488556,-9.83712100982666,0,0,45.0,1,1,3276,3276,-0.12,0.82,279.63,261.0899963378906,32.9473588,-118.5318876,0.7639660239219666,0.003785067005082965,0.006180780008435249,-0.6452157497406006,2,0.19,0.54,276.97,-0.01171262376010418,0.013448748737573624,0.018626509234309196,-0.015533128753304482,13.915576934814453,7.283608913421631,2.15805983543396,0.29,-0.11,0.01,260.94,0,0.18,0.0,-0.02,-1.0,3.93,239,48,385,10,-9,-23,0.0,0.0,-0.044091660529375076,-0.25,-0.25,-0.26,-0.26,0.0,26.0,0.0,3.730267286300659,1,4.261907577514648,1.0322507619857788,0,147.729736328125,-79.28,-74.02,10.42,4.174069404602051,0.00544491782784462,17.494029998779297,32.9471741,-118.5303247,259.72,12.52,23.0,,,,,,,,,,,,,,,0,3.902005672454834,10.312644004821777,25.32,10.312644004821777,-2.490830183029175,1,1,1.0,0.33152395486831665,0,-0.8062214255332947,8.327973365783691,-0.1401195079088211,0.8225862979888916,279.6661682128906,1501,1501,1000,1500,1000,1000,1001,2000,1000,1500,0,0,0,0,1494,1505,1579,1498,1540,1427,1584,1465,0,1503,0,0,0,1500,0,0.15478424727916718,98545.7421875,46.42,0.06564789265394211,27922677,0.0,25.329750061035156,1,0,0.28,4,25,-1,,,
auto,00000003.BIN,C:\Users\Siya Bhadu\OneDrive\Desktop\ardupilot_parse\data\auto\00000003.BIN,00000003__descent_002,2,26462.571214000003,5.80000000000291,POS.RelHomeAlt,0.2041930854320526,0.2038489282131195,0.0,-0.02608418464554285,3.8586649894714355,ARSP.Airspeed,-0.7574782967567444,-0.7574782967567444,126.4791425058972,ArduPilot_AOA.AOA,8.322189331054688,8.322189331054688,-19.371821018488284,ArduPilot_AOA.SSA,ArduPilot_AOA,ground_relative_approx,0.016514236014655136,-0.009695558808743954,0.013368475250899792,0.019164055585861206,-0.25,-0.25,275.75,-0.25,-0.25,0.0,0.0,0.0,1501.0,1502.0,1000.0,1500.0,0.002,0.004,0.0,0.0,0.0,-2.9103837395627608e-12,0.0,0.0,1493.0,1505.0,1579.0,1498.0,0.0,26.0,0.0,0.0006406985921785235,-0.002884260378777981,-0.002519546775147319,0.1372399479150772,0.14587903022766113,-9.852910995483398,32.947359,-118.5318906,13.914546012878418,7.2843732833862305,2.1582560539245605,,,,-0.014188836688502515,-0.0083912247128106,0.01918971805138972,-0.014188836688502515,-0.0083912247128106,0.01918971805138972,2,4,346331000,2436,28,0.52,32.9473588,-118.5318876,260.99,0.0017056139186024666,325.9682922363281,-0.02084898017346859,0.0,1,32.947359,-118.5318906,261.1399841308594,0.2041930854320526,-2.0758068561553955,-0.25,-0.25,-0.25,-0.25,0.0,275.75,0.0,0.05,3,0,0.0006406985921785235,-0.002884260378777981,-0.002519546775147319,0.1372399479150772,0.14587903022766113,-9.852910995483398,0,0,45.0,1,1,3276,3276,-0.12,0.82,279.61,261.0899963378906,32.9473588,-118.5318876,0.763876736164093,0.0038232943043112755,0.00618300586938858,-0.6453211307525635,2,0.19,0.55,276.97,-0.009695558808743954,0.013368475250899792,0.019164055585861206,-0.007445922587066889,13.914546012878418,7.2843732833862305,2.1582560539245605,0.28,-0.11,0.01,260.94,1,0.18,-0.01,0.02,-0.93,3.95,239,48,385,11,-10,-22,0.0,0.0,-0.04983825981616974,-0.25,-0.25,-0.25,-0.25,0.0,26.0,0.0,3.730267286300659,1,4.261907577514648,1.0322507619857788,0,147.72048950195312,-79.28,-74.02,10.42,4.174069404602051,0.00544491782784462,17.417959213256836,32.9471741,-118.5303247,259.72,12.52,23.0,,,,,,,,,,,,,,,0,3.8586649894714355,10.084824562072754,25.32,10.084824562072754,-2.490830183029175,1,1,1.0,0.33152395486831665,0,-0.7574782967567444,8.322189331054688,-0.12256700545549393,0.8239771127700806,279.6171569824219,1501,1502,1000,1500,1000,1000,1000,2000,1000,1500,0,0,0,0,1493,1505,1579,1498,1540,1427,1584,1464,0,1503,0,0,0,1500,0,0.37648481130599976,98543.2109375,46.42,-0.11855576187372208,27922776,0.0,25.329750061035156,1,0,0.28,4,25,-1,,,
auto,00000003.BIN,C:\Users\Siya Bhadu\OneDrive\Desktop\ardupilot_parse\data\auto\00000003.BIN,00000003__descent_002,2,26462.621214000003,5.850000000002183,POS.RelHomeAlt,0.20543381571769714,0.20481345057487488,0.0,-0.017876625061295393,3.8586649894714355,ARSP.Airspeed,-0.7574782967567444,-0.7574782967567444,126.7989699596398,ArduPilot_AOA.AOA,8.322189331054688,8.322189331054688,-24.42113606544546,ArduPilot_AOA.SSA,ArduPilot_AOA,ground_relative_approx,0.019076149912052816,-0.012895002961158752,0.01405768096446991,0.02028684876859188,-0.25,-0.25,275.74,-0.25,-0.25,0.0,0.0,0.0,1501.0,1501.0,1000.0,1500.0,0.002,0.002,0.0,0.0,0.0,0.0,0.0,0.0,1493.0,1505.0,1579.0,1498.0,0.0,26.0,0.0,-0.0012685313122346997,-0.0031584983225911856,-0.0016763443127274513,0.1267785131931305,-0.0035287877544760704,-9.808918952941895,32.9473589,-118.5318906,13.913198471069336,7.286945819854736,2.157442569732666,,,,-0.015188218432740751,-0.011513075724900365,0.020303271574278234,-0.015188218432740751,-0.011513075724900365,0.020303271574278234,2,4,346331200,2436,28,0.52,32.9473587,-118.5318889,261.12,0.02756250835955143,249.95037841796875,-0.052081428468227386,0.0,1,32.9473589,-118.5318906,261.1399841308594,0.20543381571769714,-2.074566125869751,-0.25,-0.25,-0.25,-0.25,0.0,275.74,0.0,0.05,3,0,-0.0012685313122346997,-0.0031584983225911856,-0.0016763443127274513,0.1267785131931305,-0.0035287877544760704,-9.808918952941895,0,0,45.0,1,1,3276,3276,-0.12,0.82,279.6,261.30999755859375,32.9473588,-118.5318876,0.763787031173706,0.003820914775133133,0.006209126207977533,-0.6454270482063293,2,0.19,0.55,276.96,-0.012895002961158752,0.01405768096446991,0.02028684876859188,-0.0066073741763830185,13.913198471069336,7.286945819854736,2.157442569732666,0.28,-0.11,0.01,260.94,1,0.18,-0.01,0.02,-0.93,3.95,239,48,385,11,-10,-22,0.0,0.0,-0.04983825981616974,-0.25,-0.25,-0.25,-0.25,0.0,26.0,0.0,3.7692458629608154,1,4.261907577514648,1.0322507619857788,0,147.72048950195312,-79.28,-74.02,10.42,4.174069404602051,0.00544491782784462,17.417959213256836,32.9471741,-118.5303247,259.72,12.52,23.0,,,,,,,,,,,,,,,0,3.8586649894714355,10.084824562072754,25.32,10.084824562072754,-2.490830183029175,1,1,1.0,0.33152395486831665,0,-0.7574782967567444,8.322189331054688,-0.12256700545549393,0.8239771127700806,279.6171569824219,1501,1501,1000,1500,1000,1001,1000,2000,1000,1500,0,0,0,0,1493,1505,1579,1498,1540,1427,1584,1464,0,1503,0,0,0,1500,0,0.37648481130599976,98543.2109375,46.42,-0.11855576187372208,27922776,0.0,25.329750061035156,1,0,0.28,4,25,-1,,,
auto,00000003.BIN,C:\Users\Siya Bhadu\OneDrive\Desktop\ardupilot_parse\data\auto\00000003.BIN,00000003__descent_002,2,26462.671214,5.900000000001455,POS.RelHomeAlt,0.2058393657207489,0.20563659071922302,0.0,-0.02128243446381095,3.9590559005737305,ARSP.Airspeed,-0.7225561738014221,-0.7225561738014221,126.98525136114854,ArduPilot_AOA.AOA,8.303425788879395,8.303425788879395,-28.502690225856682,ArduPilot_AOA.SSA,ArduPilot_AOA,ground_relative_approx,0.021076376772123675,-0.015527653507888317,0.01425151340663433,0.02076455019414425,-0.26,-0.25,275.74,-0.26,-0.25,0.0,0.0,0.0,1501.0,1502.0,1000.0,1500.0,0.002,0.004,0.0,0.0,0.0,0.0,0.0,0.0,1493.0,1505.0,1579.0,1498.0,0.0,26.0,0.0,-0.007467250339686871,-0.003975012805312872,-0.002766583813354373,0.14529089629650116,0.04838195815682411,-9.814936637878418,32.9473589,-118.5318906,13.911834716796875,7.289266109466553,2.157477378845215,,,,-0.015642293274384753,-0.014118833484834217,0.020769145498823773,-0.015642293274384753,-0.014118833484834217,0.020769145498823773,2,4,346331200,2436,28,0.52,32.9473587,-118.5318889,261.12,0.02756250835955143,249.95037841796875,-0.052081428468227386,0.0,1,32.9473589,-118.5318906,261.1399841308594,0.2058393657207489,-2.074160575866699,-0.26,-0.26,-0.25,-0.25,0.0,275.74,0.0,0.05,3,0,-0.007467250339686871,-0.003975012805312872,-0.002766583813354373,0.14529089629650116,0.04838195815682411,-9.814936637878418,0,0,45.0,1,1,3276,3276,-0.13,0.82,279.58,261.30999755859375,32.9473588,-118.5318876,0.7636882066726685,0.0037562022916972637,0.006290212739259005,-0.6455436944961548,2,0.18,0.55,276.96,-0.015527653507888317,0.01425151340663433,0.02076455019414425,-0.009663356468081474,13.911834716796875,7.289266109466553,2.157477378845215,0.28,-0.11,0.01,260.94,2,0.18,-0.05,0.03,-1.08,3.92,239,48,385,14,-12,-21,0.0,0.0,-0.005415600724518299,-0.26,-0.26,-0.25,-0.25,0.0,26.0,0.0,3.7692458629608154,1,4.261907577514648,1.0322507619857788,0,147.72048950195312,-79.28,-74.02,10.42,4.174069404602051,0.00544491782784462,17.417959213256836,32.9471741,-118.5303247,259.72,12.52,23.0,,,,,,,,,,,,,,,0,3.9590559005737305,10.61640453338623,25.32,10.61640453338623,-2.490830183029175,1,1,1.0,0.33152395486831665,0,-0.7225561738014221,8.303425788879395,-0.14661699533462524,0.8276797533035278,279.5751647949219,1501,1502,1000,1500,1000,1000,1000,2000,1000,1500,0,0,0,0,1493,1505,1579,1498,1539,1428,1584,1464,0,1503,0,0,0,1500,0,0.32448095083236694,98543.8125,46.41,0.4628385603427887,27922876,0.0,25.329750061035156,1,0,0.28,4,25,-1,,,
auto,00000003.BIN,C:\Users\Siya Bhadu\OneDrive\Desktop\ardupilot_parse\data\auto\00000003.BIN,00000003__descent_002,2,26462.721214,5.950000000000728,POS.RelHomeAlt,0.20804402232170105,0.20694169402122498,0.0,-0.030225515366040234,3.9590559005737305,ARSP.Airspeed,-0.7225561738014221,-0.7225561738014221,124.49425784567626,ArduPilot_AOA.AOA,8.303425788879395,8.303425788879395,-21.549250101595085,ArduPilot_AOA.SSA,ArduPilot_AOA,ground_relative_approx,0.018724202889432908,-0.01207243837416172,0.014312651939690113,0.022313296794891357,-0.29,-0.26,275.72,-0.29,-0.26,0.0,0.0,0.0,1501.0,1501.0,1000.0,1500.0,0.002,0.002,0.0,0.0,0.0,0.0,0.0,0.0,1493.0,1505.0,1579.0,1498.0,0.0,26.0,0.0,-0.00995792355388403,-0.005853672511875629,-0.0024156596045941114,0.14966744184494019,0.14416198432445526,-9.808566093444824,32.9473589,-118.5318906,13.909509658813477,7.293250560760498,2.1566920280456543,,,,-0.015343198483388379,-0.010698982731946366,0.02232928607238526,-0.015343198483388379,-0.010698982731946366,0.02232928607238526,2,4,346331200,2436,28,0.52,32.9473587,-118.5318889,261.12,0.02756250835955143,249.95037841796875,-0.052081428468227386,0.0,1,32.9473589,-118.5318906,261.1399841308594,0.20804402232170105,-2.071955919265747,-0.29,-0.29,-0.26,-0.26,0.0,275.72,0.0,0.05,3,0,-0.00995792355388403,-0.005853672511875629,-0.0024156596045941114,0.14966744184494019,0.14416198432445526,-9.808566093444824,0,0,45.0,1,1,3276,3276,-0.16,0.81,279.54,261.2599792480469,32.9473587,-118.5318889,0.7634970545768738,0.0035133587662130594,0.0063891033641994,-0.6457701921463013,2,0.15,0.54,276.94,-0.01207243837416172,0.014312651939690113,0.022313296794891357,-0.01255012582987547,13.909509658813477,7.293250560760498,2.1566920280456543,0.29,-0.11,0.01,260.94,2,0.18,-0.05,0.03,-1.08,3.92,239,48,385,14,-12,-21,0.0,0.0,-0.005415600724518299,-0.29,-0.29,-0.26,-0.26,0.0,26.0,0.0,3.8271772861480713,1,4.25532865524292,1.0322507619857788,0,147.71893310546875,-79.28,-74.02,10.42,4.174069404602051,0.00544491782784462,17.37898063659668,32.9471741,-118.5303247,259.72,12.52,23.0,,,,,,,,,,,,,,,0,3.9590559005737305,10.61640453338623,25.32,10.61640453338623,-2.490830183029175,1,1,1.0,0.33152395486831665,0,-0.7225561738014221,8.303425788879395,-0.14661699533462524,0.8276797533035278,279.5751647949219,1501,1501,1000,1500,1000,1000,1000,2000,1000,1500,0,0,0,0,1493,1505,1579,1498,1539,1428,1584,1464,0,1503,0,0,0,1500,0,0.32448095083236694,98543.8125,46.41,0.4628385603427887,27922876,0.0,25.329750061035156,1,0,0.28,4,25,-1,,,
auto,00000003.BIN,C:\Users\Siya Bhadu\OneDrive\Desktop\ardupilot_parse\data\auto\00000003.BIN,00000003__descent_002,2,26462.771214,6.0,POS.RelHomeAlt,0.2092742621898651,0.20865914225578308,0.0,-0.032988786696766415,4.029232501983643,ARSP.Airspeed,-0.7034347653388977,-0.7034347653388977,122.73938793822299,ArduPilot_AOA.AOA,8.362019538879395,8.362019538879395,-26.117492917098104,ArduPilot_AOA.SSA,ArduPilot_AOA,ground_relative_approx,0.019729794044421513,-0.014537655748426914,0.013338715769350529,0.022729726508259773,-0.28,-0.26,275.71,-0.28,-0.26,0.0,0.0,0.0,1501.0,1502.0,1000.0,1500.0,0.002,0.004,0.0,0.0,0.0,2.9103837395627608e-12,0.0,0.0,1493.0,1505.0,1579.0,1498.0,0.0,26.0,0.0,-0.003955383785068989,-0.004583411384373903,-0.004494701977819204,0.14987824857234955,-0.005279590375721455,-9.84201717376709,32.9473589,-118.5318905,13.908184051513672,7.294189929962158,2.1559720039367676,,,,-0.014615637642321603,-0.0132496550101627,0.02273180632056326,-0.014615637642321603,-0.0132496550101627,0.02273180632056326,2,4,346331200,2436,28,0.52,32.9473587,-118.5318889,261.12,0.02756250835955143,249.95037841796875,-0.052081428468227386,0.0,1,32.9473589,-118.5318905,261.1399841308594,0.2092742621898651,-2.070725679397583,-0.28,-0.28,-0.26,-0.26,0.0,275.71,0.0,0.05,3,0,-0.003955383785068989,-0.004583411384373903,-0.004494701977819204,0.14987824857234955,-0.005279590375721455,-9.84201717376709,0,0,45.0,1,1,3276,3276,-0.16,0.81,279.52,261.2599792480469,32.9473587,-118.5318889,0.7633519768714905,0.0035388364922255278,0.006366451270878315,-0.6459417343139648,2,0.15,0.55,276.93,-0.014537655748426914,0.013338715769350529,0.022729726508259773,-0.009260487742722034,13.908184051513672,7.294189929962158,2.1559720039367676,0.28,-0.11,0.01,260.94,2,0.18,-0.05,0.03,-1.08,3.92,239,48,385,14,-12,-21,0.0,0.0,-0.005415600724518299,-0.28,-0.28,-0.26,-0.26,0.0,26.0,0.0,3.8271772861480713,1,4.25532865524292,1.0322507619857788,0,147.70968627929688,-79.28,-74.02,10.42,4.174069404602051,0.00544491782784462,17.321048736572266,32.9471741,-118.5303247,259.72,12.52,23.0,,,,,,,,,,,,,,,0,4.029232501983643,10.99610424041748,25.32,10.99610424041748,-2.490830183029175,1,1,1.0,0.33152395486831665,0,-0.7034347653388977,8.362019538879395,-0.16170166432857513,0.8188679814338684,279.52374267578125,1501,1502,1000,1500,1000,1000,1000,2000,1000,1500,0,0,0,0,1493,1505,1579,1498,1539,1428,1584,1464,0,1503,0,0,0,1500,0,0.03161726891994476,98547.1328125,46.43,0.7964280247688293,27922978,0.0,25.329750061035156,1,0,0.28,4,25,-1,,,
auto,00000003.BIN,C:\Users\Siya Bhadu\OneDrive\Desktop\ardupilot_parse\data\auto\00000003.BIN,00000003__descent_002,2,26462.821214000003,6.05000000000291,POS.RelHomeAlt,0.21120688319206238,0.21024057269096375,0.0,-0.03578782081556131,4.029232501983643,ARSP.Airspeed,-0.7034347653388977,-0.7034347653388977,121.69734680065581,ArduPilot_AOA.AOA,8.362019538879395,8.362019538879395,-32.38222325641032,ArduPilot_AOA.SSA,ArduPilot_AOA,ground_relative_approx,0.022532900555680444,-0.018605470657348633,0.012710942886769772,0.023317281156778336,-0.27,-0.25,275.68,-0.27,-0.25,0.0,0.0,0.0,1501.0,1501.0,1000.0,1500.0,0.002,0.002,0.0,0.0,0.0,-0.019999999998108246,0.0,0.0,1493.0,1505.0,1579.0,1498.0,0.0,26.0,0.0,0.002783371601253748,-0.0036252953577786684,-0.00873607862740755,0.13204102218151093,-0.055987466126680374,-9.832298278808594,32.9473589,-118.5318905,13.906523704528809,7.29429817199707,2.154435157775879,,,,-0.014388084136801767,-0.017366073527863696,0.023298706682852145,-0.014388084136801767,-0.017366073527863696,0.023298706682852145,2,4,346331400,2436,28,0.52,32.9473588,-118.5318876,261.0,0.015134770423173904,280.8223876953125,-0.03942970931529999,0.0,1,32.9473589,-118.5318905,261.1499938964844,0.21120688319206238,-2.0687930583953857,-0.27,-0.27,-0.25,-0.25,0.0,275.68,0.0,0.05,3,0,0.002783371601253748,-0.0036252953577786684,-0.00873607862740755,0.13204102218151093,-0.055987466126680374,-9.832298278808594,0,0,45.0,1,1,3276,3276,-0.14,0.81,279.49,260.9700012207031,32.9473587,-118.5318889,0.7631646990776062,0.0036689050029963255,0.006260555703192949,-0.6461632251739502,2,0.17,0.55,276.9,-0.018605470657348633,0.012710942886769772,0.023317281156778336,-0.020011113956570625,13.906523704528809,7.29429817199707,2.154435157775879,0.29,-0.11,0.01,260.94,2,0.18,-0.05,0.03,-1.08,3.92,239,48,385,14,-12,-21,0.0,0.0,-0.005415600724518299,-0.27,-0.27,-0.25,-0.25,0.0,26.0,0.0,3.8888964653015137,1,4.25532865524292,1.0322507619857788,0,147.70968627929688,-79.28,-74.02,10.42,4.174069404602051,0.00544491782784462,17.321048736572266,32.9471741,-118.5303247,259.72,12.52,23.0,,,,,,,,,,,,,,,0,4.029232501983643,10.99610424041748,25.32,10.99610424041748,-2.490830183029175,1,1,1.0,0.33152395486831665,0,-0.7034347653388977,8.362019538879395,-0.16170166432857513,0.8188679814338684,279.52374267578125,1501,1501,1000,1500,1000,1000,1000,2000,1000,1500,0,0,0,0,1493,1505,1579,1498,1539,1428,1584,1464,0,1503,0,0,0,1500,0,0.03161726891994476,98547.1328125,46.43,0.7964280247688293,27922978,0.0,25.329750061035156,1,0,0.28,4,25,-1,,,
auto,00000003.BIN,C:\Users\Siya Bhadu\OneDrive\Desktop\ardupilot_parse\data\auto\00000003.BIN,00000003__descent_002,2,26462.871214000003,6.100000000002183,POS.RelHomeAlt,0.2132689654827118,0.21223792433738708,0.0,-0.042964220047621904,3.987274646759033,ARSP.Airspeed,-0.6741135120391846,-0.6741135120391846,-131.74675717023928,ArduPilot_AOA.AOA,8.341361045837402,8.341361045837402,-32.203358840279535,ArduPilot_AOA.SSA,ArduPilot_AOA,ground_relative_approx,0.028124478654582504,-0.021341398358345032,0.018317505717277527,-0.022907981649041176,-0.25,-0.26,275.66,-0.25,-0.26,0.0,0.0,0.0,1501.0,1501.0,1000.0,1500.0,0.002,0.002,0.0,0.0,0.02000000000029104,0.0,0.0,0.0,1493.0,1505.0,1579.0,1498.0,0.0,26.0,0.0,0.005568868946284056,-0.005106255412101746,-0.010223816148936749,0.11372296512126923,0.152567058801651,-9.835758209228516,32.9473589,-118.5318905,13.897391319274902,7.3036723136901855,2.0754542350769043,,,,-0.02043674156049089,-0.019331051114471986,-0.022900043231929713,-0.02043674156049089,-0.019331051114471986,-0.022900043231929713,2,4,346331400,2436,28,0.52,32.9473588,-118.5318876,261.0,0.015134770423173904,280.8223876953125,-0.03942970931529999,0.0,1,32.9473589,-118.5318905,261.1499938964844,0.2132689654827118,-2.0667309761047363,-0.25,-0.25,-0.26,-0.26,0.0,275.66,0.0,0.05,3,0,0.005568868946284056,-0.005106255412101746,-0.010223816148936749,0.11372296512126923,0.152567058801651,-9.835758209228516,0,0,45.0,1,1,3276,3276,-0.12,0.81,279.45,260.9700012207031,32.9473587,-118.5318889,0.7629706859588623,0.003795010270550847,0.006129734218120575,-0.6463928818702698,1,-0.1,-0.21,275.71,-0.021341398358345032,0.018317505717277527,-0.022907981649041176,-0.040788229554891586,13.897391319274902,7.3036723136901855,2.0754542350769043,-0.05,-0.03,-0.02,260.94,2,0.18,-0.05,0.03,-1.08,3.92,239,48,385,14,-12,-21,0.0,0.0,-0.005415600724518299,-0.25,-0.25,-0.26,-0.26,0.0,26.0,0.0,3.8888964653015137,1,4.25532865524292,1.0322507619857788,0,147.70968627929688,-79.28,-74.02,10.42,4.174069404602051,0.00544491782784462,17.321048736572266,32.9471741,-118.5303247,259.72,12.52,23.0,,,,,,,,,,,,,,,0,3.987274646759033,10.76828384399414,25.32,10.76828384399414,-2.490830183029175,1,1,1.0,0.33152395486831665,0,-0.6741135120391846,8.341361045837402,-0.11643072217702866,0.8154397010803223,279.4412536621094,1501,1501,1000,1500,1000,1000,1000,2000,1000,1500,0,0,0,0,1493,1505,1579,1498,1539,1428,1584,1464,0,1503,0,0,0,1500,0,0.08088406175374985,98546.5859375,46.42,0.20771342515945435,27923077,0.0,25.329750061035156,1,0,0.28,4,25,-1,,,
auto,00000003.BIN,C:\Users\Siya Bhadu\OneDrive\Desktop\ardupilot_parse\data\auto\00000003.BIN,00000003__descent_002,2,26462.921214,6.150000000001455,POS.RelHomeAlt,0.2158050239086151,0.21453699469566345,0.0,-0.06258249282927997,3.987274646759033,ARSP.Airspeed,-0.6741135120391846,-0.6741135120391846,121.84246067849207,ArduPilot_AOA.AOA,8.341361045837402,8.341361045837402,-24.102203419633703,ArduPilot_AOA.SSA,ArduPilot_AOA,ground_relative_approx,0.020561706492980582,-0.014666520059108734,0.014411001466214657,0.025224367156624794,-0.25,-0.25,275.64,-0.25,-0.25,0.0,0.0,0.0,1502.0,1501.0,1000.0,1500.0,0.004,0.002,0.0,0.0,0.0,0.02000000000029104,0.0,0.0,1493.0,1505.0,1579.0,1498.0,0.0,26.0,0.0,0.00044487640843726695,-0.003020983189344406,-0.005754181649535894,0.11763165146112442,0.17144496738910675,-9.864562034606934,32.9473589,-118.5318905,13.902246475219727,7.294869422912598,2.1490025520324707,,,,-0.01567241781316228,-0.01328947586006539,0.025235245661774413,-0.01567241781316228,-0.01328947586006539,0.025235245661774413,2,4,346331400,2436,28,0.52,32.9473588,-118.5318876,261.0,0.015134770423173904,280.8223876953125,-0.03942970931529999,0.0,1,32.9473589,-118.5318905,261.1499938964844,0.2158050239086151,-2.064194917678833,-0.25,-0.25,-0.25,-0.25,0.0,275.64,0.0,0.05,3,0,0.00044487640843726695,-0.003020983189344406,-0.005754181649535894,0.11763165146112442,0.17144496738910675,-9.864562034606934,0,0,44.5,1,1,3276,3276,-0.11,0.81,279.43,261.0199890136719,32.9473588,-118.5318876,0.7628272771835327,0.0038567327428609133,0.006079668179154396,-0.6465622782707214,2,0.18,0.55,276.86,-0.014666520059108734,0.014411001466214657,0.025224367156624794,-0.04951458051800728,13.902246475219727,7.294869422912598,2.1490025520324707,0.29,-0.11,0.01,260.94,1,0.18,-0.01,0.02,-0.93,3.95,239,48,385,11,-10,-22,0.0,0.0,-0.04983825981616974,-0.24,-0.24,-0.25,-0.25,0.0,26.0,0.0,3.9186689853668213,1,4.226846218109131,1.0322507619857788,0,147.70968627929688,-79.28,-74.02,10.41,4.174069404602051,0.00544491782784462,17.259328842163086,32.9471741,-118.5303247,259.72,12.52,23.0,,,,,,,,,,,,,,,0,3.987274646759033,10.76828384399414,25.32,10.76828384399414,-2.490830183029175,1,1,1.0,0.33152395486831665,0,-0.6741135120391846,8.341361045837402,-0.11643072217702866,0.8154397010803223,279.4412536621094,1502,1501,1000,1500,1000,1000,1000,2000,1000,1500,0,0,0,0,1493,1505,1579,1498,1540,1427,1584,1464,0,1503,0,0,0,1500,0,0.08088406175374985,98546.5859375,46.42,0.20771342515945435,27923077,0.0,25.329750061035156,1,0,0.28,4,25,-1,,,
auto,00000003.BIN,C:\Users\Siya Bhadu\OneDrive\Desktop\ardupilot_parse\data\auto\00000003.BIN,00000003__descent_002,2,26462.971214,6.200000000000728,POS.RelHomeAlt,0.22118732333183289,0.218496173620224,0.0,-0.08228421211362447,3.902005672454834,ARSP.Airspeed,-0.663079559803009,-0.663079559803009,-132.47963106255384,ArduPilot_AOA.AOA,8.426419258117676,8.426419258117676,-27.727720762438036,ArduPilot_AOA.SSA,ArduPilot_AOA,ground_relative_approx,0.026687589816606603,-0.018494175747036934,0.019240397959947586,-0.02301933988928795,-0.28,-0.25,275.65,-0.28,-0.25,0.0,0.0,0.0,1501.0,1502.0,1000.0,1500.0,0.002,0.004,0.0,0.0,-0.02000000000029104,0.02000000000029104,0.0,0.0,1494.0,1505.0,1579.0,1498.0,0.0,26.0,0.0,-0.012132484465837479,-0.0035094909835606813,0.0017512129852548242,0.1259000152349472,0.0501103401184082,-9.811138153076172,32.9473589,-118.5318905,13.894655227661133,7.303899765014648,2.067833662033081,,,,-0.021067943185749085,-0.016397842886299897,-0.023008041588894093,-0.021067943185749085,-0.016397842886299897,-0.023008041588894093,2,4,346331400,2436,28,0.52,32.9473588,-118.5318876,261.0,0.015134770423173904,280.8223876953125,-0.03942970931529999,0.0,1,32.9473589,-118.5318905,261.1600036621094,0.22118732333183289,-2.0588126182556152,-0.28,-0.28,-0.25,-0.25,0.0,275.65,0.0,0.05,3,0,-0.012132484465837479,-0.0035094909835606813,0.0017512129852548242,0.1259000152349472,0.0501103401184082,-9.811138153076172,0,0,45.0,1,1,3276,3276,-0.15,0.82,279.41,261.0199890136719,32.9473588,-118.5318876,0.7627398371696472,0.0036386847496032715,0.0063373129814863205,-0.6466642022132874,1,-0.13,-0.2,275.7,-0.018494175747036934,0.019240397959947586,-0.02301933988928795,-0.06715843081474304,13.894655227661133,7.303899765014648,2.067833662033081,-0.05,-0.03,-0.02,260.94,2,0.18,-0.05,0.03,-1.08,3.92,239,48,385,14,-12,-21,0.0,0.0,-0.005415600724518299,-0.28,-0.28,-0.25,-0.25,0.0,26.0,0.0,3.9186689853668213,1,4.226846218109131,1.0322507619857788,0,147.70968627929688,-79.28,-74.02,10.4,4.174069404602051,0.00544491782784462,17.229557037353516,32.9471741,-118.5303247,259.72,12.52,23.0,,,,,,,,,,,,,,,0,3.902005672454834,10.312644004821777,25.32,10.312644004821777,-2.490830183029175,1,1,1.0,0.33152395486831665,0,-0.663079559803009,8.426419258117676,-0.15158985555171967,0.8235669136047363,279.415283203125,1501,1502,1000,1500,1000,1000,1000,2000,1000,1500,0,0,0,0,1494,1505,1579,1498,1540,1427,1584,1465,0,1503,0,0,0,1500,0,0.1493101567029953,98545.8125,46.43,-0.6139009594917297,27923176,0.0,25.329750061035156,1,0,0.28,4,25,-1,,,
auto,00000003.BIN,C:\Users\Siya Bhadu\OneDrive\Desktop\ardupilot_parse\data\auto\00000003.BIN,00000003__descent_002,2,26463.021214,6.25,POS.RelHomeAlt,0.22434350848197937,0.22276541590690613,0.0,-0.06683707237232728,3.902005672454834,ARSP.Airspeed,-0.663079559803009,-0.663079559803009,118.7806646098305,ArduPilot_AOA.AOA,8.426419258117676,8.426419258117676,-28.014640343753488,ArduPilot_AOA.SSA,ArduPilot_AOA,ground_relative_approx,0.02152148542838917,-0.017191439867019653,0.012947151437401772,0.02633858285844326,-0.31,-0.26,275.65,-0.31,-0.26,0.0,0.0,0.0,1501.0,1502.0,1000.0,1500.0,0.002,0.004,0.0,0.0,0.01999999999810825,-0.01999999999810825,0.0,0.0,1493.0,1505.0,1579.0,1498.0,0.0,26.0,0.0,-0.01685769110918045,-0.00629787240177393,0.0019466952653601766,0.15765652060508728,0.0254232008010149,-9.78228759765625,32.9473589,-118.5318905,13.899932861328125,7.29693603515625,2.1442790031433105,,,,-0.014457102716569973,-0.015975886240548503,0.026318406522946005,-0.014457102716569973,-0.015975886240548503,0.026318406522946005,2,4,346331600,2436,28,0.52,32.9473586,-118.5318888,261.13,0.03601431846618652,163.17893981933594,-0.059704963117837906,0.0,1,32.9473589,-118.5318905,261.1600036621094,0.22434350848197937,-2.0556564331054688,-0.31,-0.31,-0.26,-0.26,0.0,275.65,0.0,0.05,3,0,-0.01685769110918045,-0.00629787240177393,0.0019466952653601766,0.15765652060508728,0.0254232008010149,-9.78228759765625,0,0,45.0,1,1,3276,3276,-0.18,0.81,279.4,261.0799865722656,32.9473588,-118.5318876,0.7627058029174805,0.0034032328985631466,0.006461365148425102,-0.646704375743866,2,0.12,0.54,276.87,-0.017191439867019653,0.012947151437401772,0.02633858285844326,-0.059090591967105865,13.899932861328125,7.29693603515625,2.1442790031433105,0.28,-0.11,0.01,260.94,0,0.18,0.0,-0.02,-1.0,3.93,239,48,385,10,-9,-23,0.0,0.0,-0.044091660529375076,-0.31,-0.31,-0.26,-0.26,0.0,26.0,0.0,3.91367769241333,1,4.226846218109131,1.0322507619857788,0,147.70968627929688,-79.28,-74.02,10.4,4.174069404602051,0.00544491782784462,17.229557037353516,32.9471741,-118.5303247,259.72,12.52,23.0,,,,,,,,,,,,,,,0,3.902005672454834,10.312644004821777,25.32,10.312644004821777,-2.490830183029175,1,1,1.0,0.33152395486831665,0,-0.663079559803009,8.426419258117676,-0.15158985555171967,0.8235669136047363,279.415283203125,1501,1502,1000,1500,1000,1000,1000,2000,1000,1500,0,0,0,0,1493,1505,1579,1498,1539,1428,1584,1464,0,1503,0,0,0,1500,0,0.1493101567029953,98545.8125,46.43,-0.6139009594917297,27923176,0.0,25.329750061035156,1,0,0.28,4,25,-1,,,
auto,00000003.BIN,C:\Users\Siya Bhadu\OneDrive\Desktop\ardupilot_parse\data\auto\00000003.BIN,00000003__descent_002,2,26463.071214000003,6.30000000000291,POS.RelHomeAlt,0.22601625323295593,0.22517988085746765,0.0,-0.05235075950537871,3.9731903076171875,ARSP.Airspeed,-0.6415778994560242,-0.6415778994560242,-129.644148839616,ArduPilot_AOA.AOA,8.388477325439453,8.388477325439453,-33.118341457156525,ArduPilot_AOA.SSA,ArduPilot_AOA,ground_relative_approx,0.025901396873535446,-0.02030903659760952,0.01607561483979225,-0.02181471511721611,-0.33,-0.26,275.65,-0.33,-0.26,0.0,0.0,0.0,1502.0,1501.0,1000.0,1500.0,0.004,0.002,0.0,0.0,-2.9103837395627608e-12,2.9103872090097127e-12,0.0,0.0,1493.0,1505.0,1579.0,1498.0,0.0,26.0,0.0,-0.008155238814651966,-0.00506860576570034,-0.0019007506780326366,0.1665281504392624,0.042162880301475525,-9.868485450744629,32.9473589,-118.5318905,13.893378257751465,7.306710720062256,2.06303071975708,,,,-0.018095776033322887,-0.018502226004373155,-0.021839749959205196,-0.018095776033322887,-0.018502226004373155,-0.021839749959205196,2,4,346331600,2436,28,0.52,32.9473586,-118.5318888,261.13,0.03601431846618652,163.17893981933594,-0.059704963117837906,0.0,1,32.9473589,-118.5318905,261.1600036621094,0.22601625323295593,-2.053983688354492,-0.33,-0.33,-0.26,-0.26,0.0,275.65,0.0,0.05,3,0,-0.008155238814651966,-0.00506860576570034,-0.0019007506780326366,0.1665281504392624,0.042162880301475525,-9.868485450744629,0,0,45.0,1,1,3276,3276,-0.19,0.81,279.39,261.0799865722656,32.9473588,-118.5318876,0.7626326084136963,0.0032872906886041164,0.006544758100062609,-0.6467903852462769,1,-0.18,-0.21,275.7,-0.02030903659760952,0.01607561483979225,-0.02181471511721611,-0.07309901714324951,13.893378257751465,7.306710720062256,2.06303071975708,-0.05,-0.03,-0.02,260.94,1,0.18,-0.01,0.02,-0.93,3.95,239,48,385,11,-10,-22,0.0,0.0,-0.04983825981616974,-0.33,-0.33,-0.26,-0.26,0.0,26.0,0.0,3.91367769241333,1,4.226846218109131,1.0322507619857788,0,147.70968627929688,-79.28,-74.02,10.4,4.174069404602051,0.00544491782784462,17.229557037353516,32.9471741,-118.5303247,259.72,12.52,23.0,,,,,,,,,,,,,,,0,3.9731903076171875,10.692343711853027,25.32,10.692343711853027,-2.490830183029175,1,1,1.0,0.33152395486831665,0,-0.6415778994560242,8.388477325439453,-0.19647660851478577,0.8171894550323486,279.38482666015625,1502,1501,1000,1500,1000,1000,1000,2000,1000,1500,0,0,0,0,1493,1505,1579,1498,1539,1428,1584,1464,0,1503,0,0,0,1500,0,0.05077657848596573,98546.921875,46.43,-0.6951972246170044,27923277,0.0,25.329750061035156,1,0,0.28,4,25,-1,,,
auto,00000003.BIN,C:\Users\Siya Bhadu\OneDrive\Desktop\ardupilot_parse\data\auto\00000003.BIN,00000003__descent_002,2,26463.121214000003,6.350000000002183,POS.RelHomeAlt,0.22998473048210144,0.2280004918575287,0.0,-0.05621910095296645,3.9731903076171875,ARSP.Airspeed,-0.6415778994560242,-0.6415778994560242,-128.48989460746515,ArduPilot_AOA.AOA,8.388477325439453,8.388477325439453,-34.45736932299919,ArduPilot_AOA.SSA,ArduPilot_AOA,ground_relative_approx,0.026206014656361618,-0.021128764376044273,0.015502597205340862,-0.0221041738986969,-0.29,-0.25,275.62,-0.29,-0.25,0.0,0.0,0.0,1501.0,1502.0,1000.0,1500.0,0.002,0.004,0.0,0.0,0.0,0.0,0.0,0.0,1493.0,1505.0,1579.0,1498.0,0.0,26.0,0.0,0.0028122805524617434,-0.0026462681125849485,-0.006258393172174692,0.14152593910694122,0.036022383719682693,-9.859326362609863,32.9473589,-118.5318905,13.892013549804688,7.308894157409668,2.0591375827789307,,,,-0.017593507394119908,-0.019397289140457873,-0.022126079171145445,-0.017593507394119908,-0.019397289140457873,-0.022126079171145445,2,4,346331600,2436,28,0.52,32.9473586,-118.5318888,261.13,0.03601431846618652,163.17893981933594,-0.059704963117837906,0.0,1,32.9473589,-118.5318905,261.1600036621094,0.22998473048210144,-2.0500152111053467,-0.29,-0.29,-0.25,-0.25,0.0,275.62,0.01,0.04,3,0,0.0028122805524617434,-0.0026462681125849485,-0.006258393172174692,0.14152593910694122,0.036022383719682693,-9.859326362609863,0,0,45.0,1,1,3276,3276,-0.16,0.82,279.34,260.989990234375,32.9473586,-118.5318888,0.7623486518859863,0.0035772696137428284,0.0064156497828662395,-0.6471248269081116,1,-0.14,-0.2,275.67,-0.021128764376044273,0.015502597205340862,-0.0221041738986969,-0.062475867569446564,13.892013549804688,7.308894157409668,2.0591375827789307,-0.05,-0.03,-0.02,260.94,2,0.18,-0.05,0.03,-1.08,3.92,239,48,385,14,-12,-21,0.0,0.0,-0.005415600724518299,-0.29,-0.29,-0.25,-0.25,0.0,26.0,0.0,3.931626081466675,1,4.181071758270264,1.0322507619857788,0,147.70968627929688,-79.28,-74.02,10.4,4.174069404602051,0.00544491782784462,17.234548568725586,32.9471741,-118.5303247,259.72,12.52,23.0,,,,,,,,,,,,,,,0,3.9731903076171875,10.692343711853027,25.32,10.692343711853027,-2.490830183029175,1,1,1.0,0.33152395486831665,0,-0.6415778994560242,8.388477325439453,-0.19647660851478577,0.8171894550323486,279.38482666015625,1501,1502,1000,1500,1000,1000,1000,2000,1000,1500,0,0,0,0,1493,1505,1579,1498,1540,1427,1584,1464,0,1503,0,0,0,1500,0,0.05077657848596573,98546.921875,46.43,-0.6951972246170044,27923277,0.0,25.329750061035156,1,0,0.28,4,25,-1,,,
auto,00000003.BIN,C:\Users\Siya Bhadu\OneDrive\Desktop\ardupilot_parse\data\auto\00000003.BIN,00000003__descent_002,2,26463.171214,6.400000000001455,POS.RelHomeAlt,0.23161885142326355,0.2308017909526825,0.0,-0.047692060471275166,3.75559139251709,ARSP.Airspeed,-0.6472465395927429,-0.6472465395927429,114.47657114224742,ArduPilot_AOA.AOA,8.400909423828125,8.400909423828125,-28.32550723691684,ArduPilot_AOA.SSA,ArduPilot_AOA,ground_relative_approx,0.02221686780410071,-0.01875401847064495,0.011911171488463879,0.029774906113743782,-0.24,-0.26,275.6,-0.24,-0.26,0.0,0.0,0.0,1502.0,1501.0,1000.0,1500.0,0.004,0.002,0.0,0.0,0.0,0.0,0.0,0.0,1493.0,1505.0,1579.0,1498.0,0.0,26.0,0.0,0.016262516379356384,-0.005515554454177618,-0.006139158271253109,0.12629185616970062,0.10840312391519547,-9.766192436218262,32.9473588,-118.5318905,13.895235061645508,7.301523685455322,2.1391022205352783,,,,-0.013549141066179623,-0.017627012141545936,0.02976312262578812,-0.013549141066179623,-0.017627012141545936,0.02976312262578812,2,4,346331600,2436,28,0.52,32.9473586,-118.5318888,261.13,0.03601431846618652,163.17893981933594,-0.059704963117837906,0.0,1,32.9473588,-118.5318905,261.16998291015625,0.23161885142326355,-2.0483810901641846,-0.24,-0.24,-0.26,-0.26,0.0,275.6,0.01,0.04,3,0,0.016262516379356384,-0.005515554454177618,-0.006139158271253109,0.12629185616970062,0.10840312391519547,-9.766192436218262,0,0,45.0,1,1,3276,3276,-0.12,0.82,279.32,260.989990234375,32.9473586,-118.5318888,0.7622308731079102,0.003833537921309471,0.006221591029316187,-0.6472639441490173,2,0.19,0.54,276.83,-0.01875401847064495,0.011911171488463879,0.029774906113743782,-0.03301272541284561,13.895235061645508,7.301523685455322,2.1391022205352783,0.29,-0.11,0.01,260.94,2,0.18,-0.05,0.03,-1.08,3.92,239,48,385,14,-12,-21,0.0,0.0,-0.005415600724518299,-0.24,-0.24,-0.26,-0.26,0.0,26.0,0.0,3.931626081466675,1,4.181071758270264,1.0322507619857788,0,147.7081298828125,-79.28,-74.02,10.39,4.174069404602051,0.00544491782784462,17.21660041809082,32.9471741,-118.5303247,259.72,12.52,23.0,,,,,,,,,,,,,,,0,3.75559139251709,9.553244590759277,25.32,9.553244590759277,-2.490830183029175,1,1,1.0,0.33152395486831665,0,-0.6472465395927429,8.400909423828125,-0.12663237750530243,0.8277925848960876,279.3253173828125,1502,1501,1000,1500,1000,1000,1000,2000,1000,1500,0,0,0,0,1493,1505,1579,1498,1539,1428,1584,1464,0,1503,0,0,0,1500,0,0.13288789987564087,98545.984375,46.42,-0.23139573633670807,27923378,0.0,25.329750061035156,1,0,0.28,4,25,-1,,,
auto,00000003.BIN,C:\Users\Siya Bhadu\OneDrive\Desktop\ardupilot_parse\data\auto\00000003.BIN,00000003__descent_002,2,26463.221214,6.450000000000728,POS.RelHomeAlt,0.23392054438591003,0.2327696979045868,0.0,-0.038609504700268804,3.75559139251709,ARSP.Airspeed,-0.6472465395927429,-0.6472465395927429,114.94443128689215,ArduPilot_AOA.AOA,8.400909423828125,8.400909423828125,-29.057604527948016,ArduPilot_AOA.SSA,ArduPilot_AOA,ground_relative_approx,0.02101262899469304,-0.017814533784985542,0.011143292300403118,0.027314182370901108,-0.2,-0.26,275.6,-0.2,-0.26,0.0,0.0,0.0,1501.0,1502.0,1000.0,1500.0,0.002,0.004,0.0,0.0,-0.02000000000029104,0.02000000000029104,0.0,0.0,1493.0,1505.0,1579.0,1498.0,0.0,35.0,0.0,0.01652366854250431,-0.007456425577402115,-0.002425854094326496,0.1405927538871765,0.13363038003444672,-9.895383834838867,32.9473588,-118.5318905,13.893477439880371,7.301413536071777,2.137193441390991,,,,-0.012704424202561331,-0.016737562487133394,0.02731385625520751,-0.012704424202561331,-0.016737562487133394,0.02731385625520751,2,4,346331800,2436,28,0.52,32.9473587,-118.5318877,261.04,0.030415400862693787,250.33645629882812,-0.006944953929632902,0.0,1,32.9473588,-118.5318905,261.16998291015625,0.23392054438591003,-2.046079397201538,-0.2,-0.2,-0.26,-0.26,0.0,275.6,0.01,0.04,3,0,0.01652366854250431,-0.007456425577402115,-0.002425854094326496,0.1405927538871765,0.13363038003444672,-9.895383834838867,0,0,45.0,1,1,3276,3276,-0.09,0.82,279.31,261.07000732421875,32.9473586,-118.5318888,0.7621684074401855,0.004043078515678644,0.00603678310289979,-0.6473380327224731,2,0.23,0.54,276.83,-0.017814533784985542,0.011143292300403118,0.027314182370901108,-0.038198649883270264,13.893477439880371,7.301413536071777,2.137193441390991,0.29,-0.11,0.01,260.94,2,0.18,-0.05,0.03,-1.08,3.92,239,48,385,14,-12,-21,0.0,0.0,-0.005415600724518299,-0.2,-0.2,-0.26,-0.26,0.0,35.0,0.0,3.8796544075012207,1,4.181071758270264,1.0322507619857788,0,147.7081298828125,-79.28,-74.02,10.39,4.174069404602051,0.00544491782784462,17.21660041809082,32.9471741,-118.5303247,259.72,12.52,23.0,,,,,,,,,,,,,,,0,3.75559139251709,9.553244590759277,25.32,9.553244590759277,-2.490830183029175,1,1,1.0,0.33152395486831665,0,-0.6472465395927429,8.400909423828125,-0.12663237750530243,0.8277925848960876,279.3253173828125,1501,1502,1000,1500,1000,1000,1000,2000,1000,1500,0,0,0,0,1493,1505,1579,1498,1539,1428,1584,1464,0,1504,0,0,0,1500,0,0.13288789987564087,98545.984375,46.42,-0.23139573633670807,27923378,0.0,25.329750061035156,1,0,0.28,4,25,-1,,,
auto,00000003.BIN,C:\Users\Siya Bhadu\OneDrive\Desktop\ardupilot_parse\data\auto\00000003.BIN,00000003__descent_002,2,26463.271214,6.5,POS.RelHomeAlt,0.23540493845939636,0.2346627414226532,0.0,-0.043027400969144036,3.361772298812866,ARSP.Airspeed,-0.6594293117523193,-0.6594293117523193,113.69670528291395,ArduPilot_AOA.AOA,8.42424488067627,8.42424488067627,-27.753998581873457,ArduPilot_AOA.SSA,ArduPilot_AOA,ground_relative_approx,0.02007390842589472,-0.01698710210621357,0.010695801116526127,0.027752602472901344,-0.19,-0.26,275.62,-0.19,-0.26,0.0,0.0,0.0,1501.0,1502.0,1000.0,1500.0,0.002,0.004,0.0,0.0,0.01999999999810825,-0.01999999999810825,0.0,0.0,1494.0,1505.0,1579.0,1498.0,0.0,26.0,0.0,0.0034473498817533255,-0.002640947699546814,0.00657934695482254,0.12250874936580658,0.11656136810779572,-9.81080436706543,32.9473588,-118.5318905,13.89188289642334,7.301330089569092,2.1360857486724854,,,,-0.01218187765018019,-0.01595013487459481,0.02775542826022274,-0.01218187765018019,-0.01595013487459481,0.02775542826022274,2,4,346331800,2436,28,0.52,32.9473587,-118.5318877,261.04,0.030415400862693787,250.33645629882812,-0.006944953929632902,0.0,1,32.9473588,-118.5318905,261.16998291015625,0.23540493845939636,-2.0445950031280518,-0.19,-0.19,-0.26,-0.26,0.0,275.62,0.01,0.04,3,0,0.0034473498817533255,-0.002640947699546814,0.00657934695482254,0.12250874936580658,0.11656136810779572,-9.81080436706543,0,0,45.0,1,1,3276,3276,-0.08,0.83,279.31,261.07000732421875,32.9473586,-118.5318888,0.762191116809845,0.004153429064899683,0.006037557497620583,-0.6473105549812317,2,0.24,0.54,276.84,-0.01698710210621357,0.010695801116526127,0.027752602472901344,-0.03891918808221817,13.89188289642334,7.301330089569092,2.1360857486724854,0.29,-0.11,0.01,260.94,0,0.18,0.0,-0.02,-1.0,3.93,239,48,385,10,-9,-23,0.0,0.0,-0.044091660529375076,-0.19,-0.19,-0.26,-0.26,0.0,26.0,0.0,3.8796544075012207,1,4.181071758270264,1.0322507619857788,0,147.7081298828125,-79.28,-74.02,10.39,4.174069404602051,0.00544491782784462,17.21660041809082,32.9471741,-118.5303247,259.72,12.52,23.0,,,,,,,,,,,,,,,0,3.361772298812866,7.654746055603027,25.32,7.654746055603027,-2.490830183029175,1,1,1.0,0.33152395486831665,0,-0.6594293117523193,8.42424488067627,-0.09010534733533859,0.8400455117225647,279.3250732421875,1501,1502,1000,1500,1000,1000,1000,2000,1000,1500,0,0,0,0,1494,1505,1579,1498,1541,1426,1584,1465,0,1503,0,0,0,1500,0,-0.1380794495344162,98549.0625,46.43,-0.06476426869630814,27923477,0.0,25.329750061035156,1,0,0.28,4,25,-1,,,
auto,00000003.BIN,C:\Users\Siya Bhadu\OneDrive\Desktop\ardupilot_parse\data\auto\00000003.BIN,00000003__descent_002,2,26463.321214000003,6.55000000000291,POS.RelHomeAlt,0.23873993754386902,0.2370724380016327,0.0,-0.04625082015876103,3.361772298812866,ARSP.Airspeed,-0.6594293117523193,-0.6594293117523193,-112.75575084140914,ArduPilot_AOA.AOA,8.42424488067627,8.42424488067627,-41.90594602072939,ArduPilot_AOA.SSA,ArduPilot_AOA,ground_relative_approx,0.028509552225515017,-0.02721288613975048,0.008500199764966965,-0.026800056919455528,-0.23,-0.26,275.66,-0.23,-0.26,0.0,0.0,0.0,1502.0,1501.0,1000.0,1500.0,0.004,0.002,0.0,0.0,-2.9103837395627608e-12,2.9103872090097127e-12,0.0,0.0,1493.0,1505.0,1579.0,1498.0,0.0,26.0,0.0,-0.008787567727267742,-0.0034416301641613245,0.010113922879099846,0.1289708912372589,0.060331616550683975,-9.7661714553833,32.9473588,-118.5318905,13.8766450881958,7.302495956420898,2.041260004043579,,,,-0.011264130248631639,-0.02613429224596085,-0.026854343364342326,-0.011264130248631639,-0.02613429224596085,-0.026854343364342326,2,4,346331800,2436,28,0.52,32.9473587,-118.5318877,261.04,0.030415400862693787,250.33645629882812,-0.006944953929632902,0.0,1,32.9473588,-118.5318905,261.16998291015625,0.23873993754386902,-2.041260004043579,-0.23,-0.23,-0.26,-0.26,0.0,275.66,0.01,0.04,3,0,-0.008787567727267742,-0.0034416301641613245,0.010113922879099846,0.1289708912372589,0.060331616550683975,-9.7661714553833,0,0,45.0,1,1,3276,3276,-0.12,0.82,279.34,260.79998779296875,32.9473587,-118.5318877,0.7623330950737,0.0038253667298704386,0.006239098031073809,-0.6471434831619263,0,-0.23,-0.26,275.65,-0.02721288613975048,0.008500199764966965,-0.026800056919455528,-0.046844955533742905,13.8766450881958,7.302495956420898,2.041260004043579,-0.12,-0.25,-0.18,260.94,0,0.18,0.0,-0.02,-1.0,3.93,239,48,385,10,-9,-23,0.0,0.0,-0.044091660529375076,-0.23,-0.23,-0.26,-0.26,0.0,26.0,0.0,3.7318437099456787,1,4.2086334228515625,1.0322507619857788,0,147.7081298828125,-79.28,-74.02,10.39,4.174069404602051,0.00544491782784462,17.268571853637695,32.9471741,-118.5303247,259.72,12.52,23.0,,,,,,,,,,,,,,,0,3.361772298812866,7.654746055603027,25.32,7.654746055603027,-2.490830183029175,1,1,1.0,0.33152395486831665,0,-0.6594293117523193,8.42424488067627,-0.09010534733533859,0.8400455117225647,279.3250732421875,1502,1501,1000,1500,1000,1000,1000,2000,1000,1500,0,0,0,0,1493,1505,1579,1498,1539,1428,1584,1464,0,1503,0,0,0,1500,0,-0.1380794495344162,98549.0625,46.43,-0.06476426869630814,27923477,0.0,25.329750061035156,1,0,0.28,4,25,-1,,,
auto,00000003.BIN,C:\Users\Siya Bhadu\OneDrive\Desktop\ardupilot_parse\data\auto\00000003.BIN,00000003__descent_002,2,26463.371214000003,6.600000000002183,POS.RelHomeAlt,0.2398357093334198,0.2392878234386444,0.0,-0.022153854370439596,3.710540771484375,ARSP.Airspeed,-0.61123126745224,-0.61123126745224,-111.05802072865602,ArduPilot_AOA.AOA,8.389867782592773,8.389867782592773,-42.1840382155702,ArduPilot_AOA.SSA,ArduPilot_AOA,ground_relative_approx,0.029455378739158027,-0.02836526744067669,0.007939202710986137,-0.02805256098508835,-0.26,-0.26,275.67,-0.26,-0.26,0.0,0.0,0.0,1501.0,1502.0,1000.0,1500.0,0.002,0.004,0.0,0.0,-0.02000000000029104,0.0,0.0,0.0,1494.0,1505.0,1579.0,1498.0,0.0,26.0,0.0,-0.01703786849975586,-0.004428996704518795,0.00540325278416276,0.14344222843647003,-0.011754482053220272,-9.90918254852295,32.9473588,-118.5318905,13.875602722167969,7.30249547958374,2.0401642322540283,,,,-0.01082999980732568,-0.0273147465853217,-0.028127944070662637,-0.01082999980732568,-0.0273147465853217,-0.028127944070662637,2,4,346331800,2436,28,0.52,32.9473587,-118.5318877,261.04,0.030415400862693787,250.33645629882812,-0.006944953929632902,0.0,1,32.9473588,-118.5318905,261.16998291015625,0.2398357093334198,-2.0401642322540283,-0.26,-0.26,-0.26,-0.26,0.0,275.67,0.01,0.04,3,0,-0.01703786849975586,-0.004428996704518795,0.00540325278416276,0.14344222843647003,-0.011754482053220272,-9.90918254852295,0,0,45.0,1,1,3276,3276,-0.15,0.82,279.33,260.79998779296875,32.9473587,-118.5318877,0.7623133659362793,0.003601569915190339,0.006352790165692568,-0.647166907787323,0,-0.26,-0.26,275.66,-0.02836526744067669,0.007939202710986137,-0.02805256098508835,-0.03724842891097069,13.875602722167969,7.30249547958374,2.0401642322540283,-0.12,-0.25,-0.18,260.94,1,0.18,-0.01,0.02,-0.93,3.95,239,48,385,11,-10,-22,0.0,0.0,-0.04983825981616974,-0.26,-0.26,-0.26,-0.26,0.0,26.0,0.0,3.7318437099456787,1,4.2086334228515625,1.0322507619857788,0,147.7081298828125,-79.28,-74.02,10.39,4.174069404602051,0.00544491782784462,17.4163818359375,32.9471741,-118.5303247,259.72,12.52,23.0,,,,,,,,,,,,,,,0,3.710540771484375,9.325425148010254,25.32,9.325425148010254,-2.490830183029175,1,1,1.0,0.33152395486831665,0,-0.61123126745224,8.389867782592773,-0.15652309358119965,0.8220663666725159,279.3397216796875,1501,1502,1000,1500,1000,1000,1000,2000,1000,1500,0,0,0,0,1494,1505,1579,1498,1540,1427,1584,1465,0,1503,0,0,0,1500,0,-0.017649520188570023,98547.703125,46.43,-0.3145574629306793,27923576,0.0,25.329750061035156,1,0,0.28,4,25,-1,,,
auto,00000003.BIN,C:\Users\Siya Bhadu\OneDrive\Desktop\ardupilot_parse\data\auto\00000003.BIN,00000003__descent_002,2,26463.421214,6.650000000001455,POS.RelHomeAlt,0.2412075698375702,0.2392878234386444,0.0,-0.0,3.710540771484375,ARSP.Airspeed,-0.61123126745224,-0.61123126745224,-128.1440907538633,ArduPilot_AOA.AOA,8.389867782592773,8.389867782592773,-40.863859424130126,ArduPilot_AOA.SSA,ArduPilot_AOA,ground_relative_approx,0.02789655595000834,-0.02425721473991871,0.013776986859738827,-0.020576871931552887,-0.28,-0.25,275.66,-0.28,-0.25,0.0,0.0,0.0,1501.0,1501.0,1000.0,1500.0,0.002,0.002,0.0,0.0,0.0,0.0,0.0,0.0,1493.0,1505.0,1579.0,1498.0,0.0,26.0,0.0,-0.012022441253066063,-0.0018835722003132105,-0.0028488654643297195,0.11781810224056244,-0.06145879253745079,-9.846981048583984,32.9473588,-118.5318905,13.884202003479004,7.309933662414551,2.048067331314087,,,,-0.016191818332430073,-0.022679711871676868,-0.020617496959300746,-0.016191818332430073,-0.022679711871676868,-0.020617496959300746,2,4,346332000,2436,28,0.52,32.9473587,-118.5318876,261.03,0.02115997113287449,248.52357482910156,-0.018972961232066154,0.0,1,32.9473588,-118.5318905,261.17999267578125,0.2412075698375702,-2.038792371749878,-0.28,-0.28,-0.25,-0.25,0.0,275.66,0.01,0.04,3,0,-0.012022441253066063,-0.0018835722003132105,-0.0028488654643297195,0.11781810224056244,-0.06145879253745079,-9.846981048583984,0,0,44.5,1,1,3276,3276,-0.17,0.81,279.31,260.91998291015625,32.9473587,-118.5318877,0.7621844410896301,0.00347903068177402,0.00639311084523797,-0.6473190188407898,1,-0.13,-0.2,275.71,-0.02425721473991871,0.013776986859738827,-0.020576871931552887,-0.030184559524059296,13.884202003479004,7.309933662414551,2.048067331314087,-0.05,-0.03,-0.02,260.94,2,0.18,-0.05,0.03,-1.08,3.92,239,48,385,14,-12,-21,0.0,0.0,-0.005415600724518299,-0.28,-0.28,-0.25,-0.25,0.0,26.0,0.0,3.7254655361175537,1,4.2086334228515625,1.0322507619857788,0,147.7081298828125,-79.28,-74.02,10.39,4.174069404602051,0.00544491782784462,17.4163818359375,32.9471741,-118.5303247,259.72,12.52,23.0,,,,,,,,,,,,,,,0,3.710540771484375,9.325425148010254,25.32,9.325425148010254,-2.490830183029175,1,1,1.0,0.33152395486831665,0,-0.61123126745224,8.389867782592773,-0.15652309358119965,0.8220663666725159,279.3397216796875,1501,1501,1000,1500,1000,1000,1000,2000,1000,1500,0,0,0,0,1493,1505,1579,1498,1539,1428,1584,1464,0,1503,0,0,0,1500,0,-0.017649520188570023,98547.703125,46.43,-0.3145574629306793,27923576,0.0,25.329750061035156,1,0,0.28,4,25,-1,,,
auto,00000003.BIN,C:\Users\Siya Bhadu\OneDrive\Desktop\ardupilot_parse\data\auto\00000003.BIN,00000003__descent_002,2,26463.471214,6.700000000000728,POS.RelHomeAlt,0.24174591898918152,0.2392878234386444,0.0,-0.0,3.6496083736419678,ARSP.Airspeed,-0.5951967239379883,-0.5951967239379883,-133.49737175680673,ArduPilot_AOA.AOA,8.337618827819824,8.337618827819824,-44.55220219780617,ArduPilot_AOA.SSA,ArduPilot_AOA,ground_relative_approx,0.03060101914988442,-0.026735620573163033,0.014887208119034767,-0.018415890634059906,-0.28,-0.25,275.63,-0.28,-0.25,0.0,0.0,0.0,1501.0,1502.0,1000.0,1500.0,0.002,0.004,0.0,0.0,0.0,0.0,0.0,0.0,1493.0,1505.0,1579.0,1498.0,0.0,26.0,0.0,-0.001594993518665433,-0.005416760221123695,-0.015566814690828323,0.10035152733325958,0.006473009940236807,-9.760536193847656,32.9473588,-118.5318905,13.883079528808594,7.310810565948486,2.0475363731384277,,,,-0.017518453925895006,-0.025056233768315006,-0.018462294609584498,-0.017518453925895006,-0.025056233768315006,-0.018462294609584498,2,4,346332000,2436,28,0.52,32.9473587,-118.5318876,261.03,0.02115997113287449,248.52357482910156,-0.018972961232066154,0.0,1,32.9473588,-118.5318905,261.17999267578125,0.24174591898918152,-2.0382540225982666,-0.28,-0.28,-0.25,-0.25,0.0,275.63,0.01,0.04,3,0,-0.001594993518665433,-0.005416760221123695,-0.015566814690828323,0.10035152733325958,0.006473009940236807,-9.760536193847656,0,0,45.0,1,1,3276,3276,-0.16,0.8,279.27,260.91998291015625,32.9473587,-118.5318877,0.7619420886039734,0.003416474675759673,0.0062963697127997875,-0.6476055979728699,1,-0.13,-0.21,275.68,-0.026735620573163033,0.014887208119034767,-0.018415890634059906,-0.023767463862895966,13.883079528808594,7.310810565948486,2.0475363731384277,-0.05,-0.03,-0.02,260.94,2,0.18,-0.05,0.03,-1.08,3.92,239,48,385,14,-12,-21,0.0,0.0,-0.005415600724518299,-0.28,-0.28,-0.25,-0.25,0.0,26.0,0.0,3.7254655361175537,1,4.2086334228515625,1.0322507619857788,0,147.7081298828125,-79.28,-74.02,10.39,4.174069404602051,0.00544491782784462,17.4163818359375,32.9471741,-118.5303247,259.72,12.52,23.0,,,,,,,,,,,,,,,0,3.6496083736419678,9.021665573120117,25.32,9.021665573120117,-2.490830183029175,1,1,1.0,0.33152395486831665,0,-0.5951967239379883,8.337618827819824,-0.16144947707653046,0.7907112836837769,279.24908447265625,1501,1502,1000,1500,1000,1000,1000,2000,1000,1500,0,0,0,0,1493,1505,1579,1498,1539,1428,1584,1464,0,1503,0,0,0,1500,0,0.03709135577082634,98547.078125,46.43,-0.5174723267555237,27923677,0.0,25.329750061035156,1,0,0.29,4,25,-1,,,
auto,00000003.BIN,C:\Users\Siya Bhadu\OneDrive\Desktop\ardupilot_parse\data\auto\00000003.BIN,00000003__descent_002,2,26463.521214,6.75,POS.RelHomeAlt,0.24307510256767273,0.2392878234386444,0.0,-0.0,3.6496083736419678,ARSP.Airspeed,-0.5951967239379883,-0.5951967239379883,112.64341585955438,ArduPilot_AOA.AOA,8.337618827819824,8.337618827819824,-35.25849084972937,ArduPilot_AOA.SSA,ArduPilot_AOA,ground_relative_approx,0.02680644013791328,-0.024592777714133263,0.010666795074939728,0.030839867889881134,-0.26,-0.27,275.54,-0.26,-0.27,0.0,0.0,0.0,1501.0,1501.0,1000.0,1500.0,0.002,0.002,0.0,0.0,0.0,-2.9103872090097127e-12,0.0,0.0,1493.0,1505.0,1579.0,1498.0,0.0,26.0,0.0,0.0024134826380759478,-0.008750556968152523,-0.019213687628507614,0.14080087840557098,0.07958947867155075,-9.886972427368164,32.9473588,-118.5318904,13.882030487060547,7.304980278015137,2.132493734359741,,,,-0.012845700437562503,-0.023588107834884662,0.030794022689007498,-0.012845700437562503,-0.023588107834884662,0.030794022689007498,2,4,346332000,2436,28,0.52,32.9473587,-118.5318876,261.03,0.02115997113287449,248.52357482910156,-0.018972961232066154,0.0,1,32.9473588,-118.5318904,261.17999267578125,0.24307510256767273,-2.0369248390197754,-0.26,-0.26,-0.27,-0.27,0.0,275.54,0.01,0.04,3,0,0.0024134826380759478,-0.008750556968152523,-0.019213687628507614,0.14080087840557098,0.07958947867155075,-9.886972427368164,0,0,45.0,1,1,3276,3276,-0.15,0.78,279.16,260.9700012207031,32.9473587,-118.5318876,0.761345386505127,0.0033932789228856564,0.006063302978873253,-0.6483092904090881,2,0.17,0.53,276.76,-0.024592777714133263,0.010666795074939728,0.030839867889881134,-0.009360158815979958,13.882030487060547,7.304980278015137,2.132493734359741,0.29,-0.11,0.01,260.94,1,0.18,-0.01,0.02,-0.93,3.95,239,48,385,11,-10,-22,0.0,0.0,-0.04983825981616974,-0.26,-0.26,-0.27,-0.27,0.0,26.0,0.0,3.702871561050415,1,4.171248435974121,1.0322507619857788,0,147.7081298828125,-79.28,-74.02,10.38,4.174069404602051,0.00544491782784462,17.422760009765625,32.9471741,-118.5303247,259.72,12.52,23.0,,,,,,,,,,,,,,,0,3.6496083736419678,9.021665573120117,25.32,9.021665573120117,-2.490830183029175,1,1,1.0,0.33152395486831665,0,-0.5951967239379883,8.337618827819824,-0.16144947707653046,0.7907112836837769,279.24908447265625,1501,1501,1000,1500,1000,1000,1000,2000,1000,1500,0,0,0,0,1493,1505,1579,1498,1539,1428,1584,1464,0,1503,0,0,0,1500,0,0.03709135577082634,98547.078125,46.43,-0.5174723267555237,27923677,0.0,25.329750061035156,1,0,0.28,4,25,-1,,,
auto,00000003.BIN,C:\Users\Siya Bhadu\OneDrive\Desktop\ardupilot_parse\data\auto\00000003.BIN,00000003__descent_002,2,26463.571214000003,6.80000000000291,POS.RelHomeAlt,0.24282070994377136,0.2392878234386444,0.0,-0.0,3.8876125812530518,ARSP.Airspeed,-0.595983624458313,-0.595983624458313,-134.54967060098883,ArduPilot_AOA.AOA,8.482253074645996,8.482253074645996,-41.02222703798375,ArduPilot_AOA.SSA,ArduPilot_AOA,ground_relative_approx,0.027971719026992605,-0.02342391386628151,0.015288470312952995,-0.017798487097024918,-0.28,-0.26,275.51,-0.28,-0.26,0.0,0.0,0.0,1501.0,1502.0,1000.0,1500.0,0.002,0.004,0.0,0.0,0.0,-2.9103837395627608e-12,0.0,0.0,1493.0,1505.0,1579.0,1498.0,0.0,26.0,0.0,-0.005555644165724516,-0.0013348233187571168,-0.0173475444316864,0.11822792887687683,0.137824147939682,-9.841527938842773,32.9473588,-118.5318904,13.879776000976562,7.313132286071777,2.046613931655884,,,,-0.017547568141714747,-0.02176083953072253,-0.017825597423312464,-0.017547568141714747,-0.02176083953072253,-0.017825597423312464,2,4,346332000,2436,28,0.52,32.9473587,-118.5318876,261.03,0.02115997113287449,248.52357482910156,-0.018972961232066154,0.0,1,32.9473588,-118.5318904,261.17999267578125,0.24282070994377136,-2.0371792316436768,-0.28,-0.28,-0.26,-0.26,0.0,275.51,0.01,0.04,3,0,-0.005555644165724516,-0.0013348233187571168,-0.0173475444316864,0.11822792887687683,0.137824147939682,-9.841527938842773,0,0,45.0,1,1,3276,3276,-0.16,0.79,279.12,260.9700012207031,32.9473587,-118.5318876,0.7610973119735718,0.003357730573043227,0.0062011247500777245,-0.64859938621521,1,-0.13,-0.21,275.56,-0.02342391386628151,0.015288470312952995,-0.017798487097024918,-0.003026011399924755,13.879776000976562,7.313132286071777,2.046613931655884,-0.05,-0.03,-0.02,260.94,2,0.18,-0.05,0.03,-1.08,3.92,239,48,385,14,-12,-21,0.0,0.0,-0.005415600724518299,-0.28,-0.28,-0.26,-0.26,0.0,26.0,0.0,3.702871561050415,1,4.171248435974121,1.0322507619857788,0,147.69888305664062,-79.28,-74.02,10.38,4.174069404602051,0.00544491782784462,17.445354461669922,32.9471741,-118.5303247,259.72,12.52,23.0,,,,,,,,,,,,,,,0,3.8876125812530518,10.236703872680664,25.32,10.236703872680664,-2.490830183029175,1,1,1.0,0.33152395486831665,0,-0.595983624458313,8.482253074645996,-0.16806191205978394,0.7904184460639954,279.12432861328125,1501,1502,1000,1500,1000,1000,1000,2000,1000,1500,0,0,0,0,1493,1505,1579,1498,1540,1427,1584,1464,0,1503,0,0,0,1500,0,-0.16818693280220032,98549.40625,46.43,-0.3539149761199951,27923776,0.0,25.329750061035156,1,0,0.28,4,25,-1,,,
auto,00000003.BIN,C:\Users\Siya Bhadu\OneDrive\Desktop\ardupilot_parse\data\auto\00000003.BIN,00000003__descent_002,2,26463.621214000003,6.850000000002183,POS.RelHomeAlt,0.24306842684745789,0.2392878234386444,0.0,-0.0,3.8876125812530518,ARSP.Airspeed,-0.595983624458313,-0.595983624458313,112.84443000321252,ArduPilot_AOA.AOA,8.482253074645996,8.482253074645996,-31.32378901564714,ArduPilot_AOA.SSA,ArduPilot_AOA,ground_relative_approx,0.026664597230141574,-0.023644668981432915,0.012326003983616829,0.034177832305431366,-0.3,-0.26,275.49,-0.3,-0.26,0.0,0.0,0.0,1501.0,1501.0,1000.0,1500.0,0.002,0.002,0.0,0.0,0.0,0.0,0.0,0.0,1493.0,1505.0,1579.0,1498.0,0.0,26.0,0.0,-0.01048098411411047,-0.0016986702103167772,-0.011472702957689762,0.12273206561803818,0.10272444039583206,-9.756779670715332,32.9473587,-118.5318904,13.879551887512207,7.307418346405029,2.1335537433624268,,,,-0.01437635362549166,-0.022535945928935763,0.034125892868418224,-0.01437635362549166,-0.022535945928935763,0.034125892868418224,2,4,346332200,2436,28,0.52,32.9473587,-118.5318883,261.1,0.011439830996096134,273.9451904296875,-0.0024319011718034744,0.0,1,32.9473587,-118.5318904,261.17999267578125,0.24306842684745789,-2.0369315147399902,-0.3,-0.3,-0.26,-0.26,0.0,275.49,0.01,0.04,3,0,-0.01048098411411047,-0.0016986702103167772,-0.011472702957689762,0.12273206561803818,0.10272444039583206,-9.756779670715332,0,0,45.0,1,1,3276,3276,-0.19,0.79,279.09,260.7699890136719,32.9473587,-118.5318876,0.7609307765960693,0.0032092283945530653,0.0063286228105425835,-0.6487943530082703,2,0.13,0.54,276.71,-0.023644668981432915,0.012326003983616829,0.034177832305431366,0.019323555752635002,13.879551887512207,7.307418346405029,2.1335537433624268,0.29,-0.11,0.01,260.94,2,0.18,-0.05,0.03,-1.08,3.92,239,48,385,14,-12,-21,0.0,0.0,-0.005415600724518299,-0.3,-0.3,-0.26,-0.26,0.0,26.0,0.0,3.759247303009033,1,4.171248435974121,1.0322507619857788,0,147.69888305664062,-79.28,-74.02,10.38,4.174069404602051,0.00544491782784462,17.445354461669922,32.9471741,-118.5303247,259.72,12.52,23.0,,,,,,,,,,,,,,,0,3.8876125812530518,10.236703872680664,25.32,10.236703872680664,-2.490830183029175,1,1,1.0,0.33152395486831665,0,-0.595983624458313,8.482253074645996,-0.16806191205978394,0.7904184460639954,279.12432861328125,1501,1501,1000,1500,1000,1000,1000,2000,1000,1500,0,0,0,0,1493,1505,1579,1498,1540,1427,1584,1464,0,1503,0,0,0,1500,0,-0.16818693280220032,98549.40625,46.43,-0.3539149761199951,27923776,0.0,25.329750061035156,1,0,0.28,4,25,-1,,,
auto,00000003.BIN,C:\Users\Siya Bhadu\OneDrive\Desktop\ardupilot_parse\data\auto\00000003.BIN,00000003__descent_002,2,26463.671214,6.900000000001455,POS.RelHomeAlt,0.24204489588737488,0.2392878234386444,0.0,-0.0,4.098207473754883,ARSP.Airspeed,-0.5559312701225281,-0.5559312701225281,111.5443232763512,ArduPilot_AOA.AOA,8.509464263916016,8.509464263916016,-32.02257444572193,ArduPilot_AOA.SSA,ArduPilot_AOA,ground_relative_approx,0.026166567886645287,-0.023630397394299507,0.011238042265176773,0.03374156355857849,-0.33,-0.26,275.49,-0.33,-0.26,0.0,0.0,0.0,1501.0,1502.0,1000.0,1500.0,0.002,0.004,0.0,0.0,0.02000000000029104,0.0,0.0,0.0,1494.0,1505.0,1579.0,1498.0,0.0,26.0,0.0,-0.014445577748119831,-0.007507572416216135,-0.0009599329205229878,0.1808149367570877,0.14442969858646393,-9.866297721862793,32.9473587,-118.5318904,13.878396987915039,7.308933258056641,2.1348462104797363,,,,-0.01329400797456886,-0.022641149970849286,0.033672393237095866,-0.01329400797456886,-0.022641149970849286,0.033672393237095866,2,4,346332200,2436,28,0.52,32.9473587,-118.5318883,261.1,0.011439830996096134,273.9451904296875,-0.0024319011718034744,0.0,1,32.9473587,-118.5318904,261.17999267578125,0.24204489588737488,-2.0379550457000732,-0.33,-0.33,-0.26,-0.26,0.0,275.49,0.01,0.04,3,0,-0.014445577748119831,-0.007507572416216135,-0.0009599329205229878,0.1808149367570877,0.14442969858646393,-9.866297721862793,0,0,45.0,1,1,3276,3276,-0.21,0.78,279.08,260.7699890136719,32.9473587,-118.5318876,0.760860025882721,0.0029815267771482468,0.006435377988964319,-0.6488772034645081,2,0.1,0.54,276.71,-0.023630397394299507,0.011238042265176773,0.03374156355857849,0.020954586565494537,13.878396987915039,7.308933258056641,2.1348462104797363,0.29,-0.11,0.01,260.94,1,0.18,-0.01,0.02,-0.93,3.95,239,48,385,11,-10,-22,0.0,0.0,-0.04983825981616974,-0.33,-0.33,-0.26,-0.26,0.0,26.0,0.0,3.759247303009033,1,4.171248435974121,1.0322507619857788,0,147.69888305664062,-79.28,-74.02,10.38,4.174069404602051,0.00544491782784462,17.445354461669922,32.9471741,-118.5303247,259.72,12.52,23.0,,,,,,,,,,,,,,,0,4.098207473754883,11.37580394744873,25.32,11.37580394744873,-2.490830183029175,1,1,1.0,0.33152395486831665,0,-0.5559312701225281,8.509464263916016,-0.2316155731678009,0.7802817225456238,279.0823669433594,1501,1502,1000,1500,1000,1000,1000,2000,1000,1500,0,0,0,0,1494,1505,1579,1498,1540,1427,1584,1465,0,1503,0,0,0,1500,0,0.0699358806014061,98546.6875,46.43,-0.09854305535554886,27923877,0.0,25.329750061035156,1,0,0.28,4,25,-1,,,
auto,00000003.BIN,C:\Users\Siya Bhadu\OneDrive\Desktop\ardupilot_parse\data\auto\00000003.BIN,00000003__descent_002,2,26463.721214,6.950000000000728,POS.RelHomeAlt,0.24115964770317078,0.2392878234386444,0.0,-0.0,4.098207473754883,ARSP.Airspeed,-0.5559312701225281,-0.5559312701225281,-112.50192275114094,ArduPilot_AOA.AOA,8.509464263916016,8.509464263916016,-48.44347255947393,ArduPilot_AOA.SSA,ArduPilot_AOA,ground_relative_approx,0.029060338662962325,-0.028321797028183937,0.006509922910481691,-0.022337041795253754,-0.35,-0.26,275.52,-0.35,-0.26,0.0,0.0,0.0,1502.0,1501.0,1000.0,1500.0,0.004,0.002,0.0,0.0,0.0,0.0,0.0,0.0,1493.0,1505.0,1579.0,1498.0,0.0,26.0,0.0,-0.011298355646431446,-0.005028938874602318,0.005963951349258423,0.19044572114944458,0.15640217065811157,-9.839696884155273,32.9473587,-118.5318904,13.867840766906738,7.313122272491455,2.0388402938842773,,,,-0.00930536593099912,-0.027427543355051938,-0.02246300847540069,-0.00930536593099912,-0.027427543355051938,-0.02246300847540069,2,4,346332200,2436,28,0.52,32.9473587,-118.5318883,261.1,0.011439830996096134,273.9451904296875,-0.0024319011718034744,0.0,1,32.9473587,-118.5318904,261.17999267578125,0.24115964770317078,-2.0388402938842773,-0.35,-0.35,-0.26,-0.26,0.0,275.52,0.01,0.04,3,0,-0.011298355646431446,-0.005028938874602318,0.005963951349258423,0.19044572114944458,0.15640217065811157,-9.839696884155273,0,0,45.0,1,1,3276,3276,-0.23,0.78,279.09,261.0,32.9473587,-118.5318883,0.7609380483627319,0.002848918316885829,0.006549329962581396,-0.6487851738929749,0,-0.35,-0.26,275.51,-0.028321797028183937,0.006509922910481691,-0.022337041795253754,0.016290925443172455,13.867840766906738,7.313122272491455,2.0388402938842773,-0.12,-0.25,-0.18,260.94,2,0.18,-0.05,0.03,-1.08,3.92,239,48,385,14,-12,-21,0.0,0.0,-0.005415600724518299,-0.35,-0.35,-0.26,-0.26,0.0,26.0,0.0,3.86405873298645,1,4.140731334686279,1.0322507619857788,0,147.6973419189453,-79.28,-74.02,10.38,4.174069404602051,0.00544491782784462,17.388978958129883,32.9471741,-118.5303247,259.72,12.52,23.0,,,,,,,,,,,,,,,0,4.098207473754883,11.37580394744873,25.32,11.37580394744873,-2.490830183029175,1,1,1.0,0.33152395486831665,0,-0.5559312701225281,8.509464263916016,-0.2316155731678009,0.7802817225456238,279.0823669433594,1502,1501,1000,1500,1000,1000,1000,2000,1000,1500,0,0,0,0,1493,1505,1579,1498,1540,1427,1584,1464,0,1503,0,0,0,1500,0,0.0699358806014061,98546.6875,46.43,-0.09854305535554886,27923877,0.0,25.329750061035156,1,0,0.28,4,25,-1,,,
auto,00000003.BIN,C:\Users\Siya Bhadu\OneDrive\Desktop\ardupilot_parse\data\auto\00000003.BIN,00000003__descent_002,2,26463.771214,7.0,POS.RelHomeAlt,0.2404477298259735,0.2392878234386444,0.0,-0.0,3.8001081943511963,ARSP.Airspeed,-0.5331350564956665,-0.5331350564956665,104.04904456485691,ArduPilot_AOA.AOA,8.484118461608887,8.484118461608887,-31.398832823733365,ArduPilot_AOA.SSA,ArduPilot_AOA,ground_relative_approx,0.024705019834179144,-0.023664329200983047,0.007094894535839558,0.036772891879081726,-0.33,-0.26,275.54,-0.33,-0.26,0.0,0.0,0.0,1501.0,1502.0,1000.0,1500.0,0.002,0.004,0.0,0.0,-0.020000000001018637,0.020000000001018634,0.0,0.0,1494.0,1505.0,1579.0,1498.0,0.0,26.0,0.0,0.004614070989191532,-0.0027813820634037256,0.007791341748088598,0.15079115331172943,0.006320815533399582,-9.826966285705566,32.9473587,-118.5318904,13.87539291381836,7.312311172485352,2.13838267326355,,,,-0.009179358485726923,-0.023080506690912352,0.03668260038273027,-0.009179358485726923,-0.023080506690912352,0.03668260038273027,2,4,346332200,2436,28,0.52,32.9473587,-118.5318883,261.1,0.011439830996096134,273.9451904296875,-0.0024319011718034744,0.0,1,32.9473587,-118.5318904,261.17999267578125,0.2404477298259735,-2.0395522117614746,-0.33,-0.33,-0.26,-0.26,0.0,275.54,0.01,0.04,3,0,0.004614070989191532,-0.0027813820634037256,0.007791341748088598,0.15079115331172943,0.006320815533399582,-9.826966285705566,0,0,45.0,1,1,3276,3276,-0.2,0.78,279.1,261.0,32.9473587,-118.5318883,0.7609713673591614,0.003056523622944951,0.0063976263627409935,-0.6487467885017395,2,0.1,0.54,276.76,-0.023664329200983047,0.007094894535839558,0.036772891879081726,0.03779611736536026,13.87539291381836,7.312311172485352,2.13838267326355,0.29,-0.11,0.01,260.94,2,0.18,-0.05,0.03,-1.08,3.92,239,48,385,14,-12,-21,0.0,0.0,-0.005415600724518299,-0.33,-0.33,-0.26,-0.26,0.0,26.0,0.0,3.86405873298645,1,4.140731334686279,1.0322507619857788,0,147.6973419189453,-79.28,-74.02,10.38,4.174069404602051,0.00544491782784462,17.28416633605957,32.9471741,-118.5303247,259.72,12.52,23.0,,,,,,,,,,,,,,,0,3.8001081943511963,9.781064987182617,25.32,9.781064987182617,-2.490830183029175,1,1,1.0,0.33152395486831665,0,-0.5331350564956665,8.484118461608887,-0.2090926170349121,0.7851284146308899,279.10186767578125,1501,1502,1000,1500,1000,1000,1000,2000,1000,1500,0,0,0,0,1494,1505,1579,1498,1540,1427,1584,1465,0,1503,0,0,0,1500,0,0.13836197555065155,98545.90625,46.43,0.026520807296037674,27923976,0.0,25.329750061035156,1,0,0.28,4,25,-1,,,
auto,00000003.BIN,C:\Users\Siya Bhadu\OneDrive\Desktop\ardupilot_parse\data\auto\00000003.BIN,00000003__descent_002,2,26463.821214000003,7.05000000000291,POS.RelHomeAlt,0.2400936782360077,0.2392878234386444,0.0,0.0038123130800280514,3.8001081943511963,ARSP.Airspeed,-0.5331350564956665,-0.5331350564956665,103.97125596448687,ArduPilot_AOA.AOA,8.484118461608887,8.484118461608887,-33.64683629010026,ArduPilot_AOA.SSA,ArduPilot_AOA,ground_relative_approx,0.027187687798976578,-0.026278182864189148,0.006973340176045895,0.03751436248421669,-0.29,-0.26,275.55,-0.29,-0.26,0.0,0.0,0.0,1501.0,1502.0,1000.0,1500.0,0.002,0.004,0.0,0.0,0.0,0.0,0.0,0.0,1493.0,1505.0,1579.0,1498.0,0.0,26.0,0.0,0.013341590762138367,-0.0034313348587602377,0.003963261377066374,0.11793484538793564,-0.025958102196455002,-9.822320938110352,32.9473587,-118.5318903,13.874577522277832,7.312526226043701,2.1390323638916016,,,,-0.009311796294105973,-0.025670339158515666,0.03742755532646603,-0.009311796294105973,-0.025670339158515666,0.03742755532646603,2,4,346332400,2436,28,0.52,32.9473588,-118.5318875,261.03,0.01550693903118372,226.8476104736328,-0.019444027915596962,0.0,1,32.9473587,-118.5318903,261.17999267578125,0.2400936782360077,-2.0399062633514404,-0.29,-0.29,-0.26,-0.26,0.0,275.55,0.01,0.04,3,0,0.013341590762138367,-0.0034313348587602377,0.003963261377066374,0.11793484538793564,-0.025958102196455002,-9.822320938110352,0,0,45.5,1,1,3276,3276,-0.16,0.78,279.09,261.07000732421875,32.9473587,-118.5318883,0.7609429955482483,0.00334694841876626,0.006155755836516619,-0.6487810015678406,2,0.14,0.54,276.77,-0.026278182864189148,0.006973340176045895,0.03751436248421669,0.03760211542248726,13.874577522277832,7.312526226043701,2.1390323638916016,0.29,-0.11,0.01,260.94,0,0.18,0.0,-0.02,-1.0,3.93,239,48,385,10,-9,-23,0.0,0.0,-0.044091660529375076,-0.29,-0.29,-0.26,-0.26,0.0,26.0,0.0,3.844985246658325,1,4.140731334686279,1.0322507619857788,0,147.6973419189453,-79.28,-74.02,10.38,4.174069404602051,0.00544491782784462,17.28416633605957,32.9471741,-118.5303247,259.72,12.52,23.0,,,,,,,,,,,,,,,0,3.8001081943511963,9.781064987182617,25.32,9.781064987182617,-2.490830183029175,1,1,1.0,0.33152395486831665,0,-0.5331350564956665,8.484118461608887,-0.2090926170349121,0.7851284146308899,279.10186767578125,1501,1502,1000,1500,1000,1000,1000,2000,1000,1500,0,0,0,0,1493,1505,1579,1498,1539,1428,1584,1464,0,1503,0,0,0,1500,0,0.13836197555065155,98545.90625,46.43,0.026520807296037674,27923976,0.0,25.329750061035156,1,0,0.29,4,25,-1,,,
auto,00000003.BIN,C:\Users\Siya Bhadu\OneDrive\Desktop\ardupilot_parse\data\auto\00000003.BIN,00000003__descent_002,2,26463.871214000003,7.100000000002183,POS.RelHomeAlt,0.23797747492790222,0.238906592130661,0.0,0.02668619155922647,3.50864315032959,ARSP.Airspeed,-0.5251035094261169,-0.5251035094261169,104.14040136041417,ArduPilot_AOA.AOA,8.414556503295898,8.414556503295898,-32.88109051501318,ArduPilot_AOA.SSA,ArduPilot_AOA,ground_relative_approx,0.026670753910485928,-0.02568582445383072,0.007181053981184959,0.03761838376522064,-0.25,-0.26,275.55,-0.25,-0.26,0.0,0.0,0.0,1501.0,1502.0,1000.0,1500.0,0.002,0.004,0.0,0.0,0.0,0.0,0.0,0.0,1493.0,1505.0,1579.0,1498.0,0.0,26.0,0.0,0.01167480368167162,-0.0061884066089987755,-0.0012701066443696618,0.11311069875955582,0.0917278528213501,-9.826143264770508,32.9473587,-118.5318903,13.87373161315918,7.31272554397583,2.1413748264312744,,,,-0.00946077323689789,-0.025034995729158203,0.03755282505833806,-0.00946077323689789,-0.025034995729158203,0.03755282505833806,2,4,346332400,2436,28,0.52,32.9473588,-118.5318875,261.03,0.01550693903118372,226.8476104736328,-0.019444027915596962,0.0,1,32.9473587,-118.5318903,261.16998291015625,0.23797747492790222,-2.042022466659546,-0.25,-0.25,-0.26,-0.26,0.0,275.55,0.01,0.04,3,0,0.01167480368167162,-0.0061884066089987755,-0.0012701066443696618,0.11311069875955582,0.0917278528213501,-9.826143264770508,0,0,45.0,1,1,3276,3276,-0.12,0.78,279.08,261.07000732421875,32.9473587,-118.5318883,0.7608692049980164,0.0035794214345514774,0.005901530850678682,-0.6488686203956604,2,0.18,0.54,276.77,-0.02568582445383072,0.007181053981184959,0.03761838376522064,0.03907700628042221,13.87373161315918,7.31272554397583,2.1413748264312744,0.29,-0.11,0.01,260.94,1,0.18,-0.01,0.02,-0.93,3.95,239,48,385,11,-10,-22,0.0,0.0,-0.04983825981616974,-0.25,-0.25,-0.26,-0.26,0.0,26.0,0.0,3.844985246658325,1,4.140731334686279,1.0322507619857788,0,147.6973419189453,-79.28,-74.02,10.38,4.174069404602051,0.00544491782784462,17.28416633605957,32.9471741,-118.5303247,259.72,12.52,23.0,,,,,,,,,,,,,,,0,3.50864315032959,8.338205337524414,25.32,8.338205337524414,-2.490830183029175,1,1,1.0,0.33152395486831665,0,-0.5251035094261169,8.414556503295898,-0.11561164259910583,0.7770739793777466,279.076904296875,1501,1502,1000,1500,1000,1000,1000,2000,1000,1500,0,0,0,0,1493,1505,1579,1498,1539,1428,1584,1464,0,1503,0,0,0,1500,0,0.32448095083236694,98543.8125,46.43,0.39088407158851624,27924077,0.0,25.329750061035156,1,0,0.28,4,25,-1,,,
auto,00000003.BIN,C:\Users\Siya Bhadu\OneDrive\Desktop\ardupilot_parse\data\auto\00000003.BIN,00000003__descent_002,2,26463.921214,7.150000000001455,POS.RelHomeAlt,0.23526093363761902,0.23661920428276062,0.0,0.04331469535890653,3.50864315032959,ARSP.Airspeed,-0.5251035094261169,-0.5251035094261169,103.52893105388615,ArduPilot_AOA.AOA,8.414556503295898,8.414556503295898,-28.00038919142961,ArduPilot_AOA.SSA,ArduPilot_AOA,ground_relative_approx,0.02345636949848451,-0.022208137437701225,0.007549827918410301,0.039429083466529846,-0.24,-0.27,275.55,-0.24,-0.27,0.0,0.0,0.0,1501.0,1502.0,1000.0,1500.0,0.002,0.004,0.0,0.0,0.0,0.0,0.0,0.0,1493.0,1505.0,1579.0,1498.0,0.0,26.0,0.0,0.00406322767958045,-0.006946341600269079,-0.0009309168090112507,0.11547067761421204,0.11622584611177444,-9.854565620422363,32.9473587,-118.5318903,13.872223854064941,7.313153266906738,2.1452207565307617,,,,-0.009476369761348415,-0.02153901390258792,0.03938430130534674,-0.009476369761348415,-0.02153901390258792,0.03938430130534674,2,4,346332400,2436,28,0.52,32.9473588,-118.5318875,261.03,0.01550693903118372,226.8476104736328,-0.019444027915596962,0.0,1,32.9473587,-118.5318903,261.16998291015625,0.23526093363761902,-2.044739007949829,-0.24,-0.24,-0.27,-0.27,0.0,275.55,0.01,0.04,3,0,0.00406322767958045,-0.006946341600269079,-0.0009309168090112507,0.11547067761421204,0.11622584611177444,-9.854565620422363,0,0,45.0,1,1,3276,3276,-0.11,0.77,279.05,261.2599792480469,32.9473588,-118.5318875,0.7607166171073914,0.003624124452471733,0.005787665955722332,-0.6490482091903687,2,0.19,0.53,276.77,-0.022208137437701225,0.007549827918410301,0.039429083466529846,0.05149416998028755,13.872223854064941,7.313153266906738,2.1452207565307617,0.29,-0.11,0.01,260.94,2,0.18,-0.05,0.03,-1.08,3.92,239,48,385,14,-12,-21,0.0,0.0,-0.005415600724518299,-0.24,-0.24,-0.27,-0.27,0.0,26.0,0.0,3.747253894805908,1,4.1253204345703125,1.0322507619857788,0,147.68807983398438,-79.28,-74.02,10.39,4.174069404602051,0.00544491782784462,17.303239822387695,32.9471741,-118.5303247,259.72,12.52,23.0,,,,,,,,,,,,,,,0,3.50864315032959,8.338205337524414,25.32,8.338205337524414,-2.490830183029175,1,1,1.0,0.33152395486831665,0,-0.5251035094261169,8.414556503295898,-0.11561164259910583,0.7770739793777466,279.076904296875,1501,1502,1000,1500,1000,1000,1000,2000,1000,1500,0,0,0,0,1493,1505,1579,1498,1539,1428,1584,1464,0,1503,0,0,0,1500,0,0.32448095083236694,98543.8125,46.43,0.39088407158851624,27924077,0.0,25.329750061035156,1,0,0.28,4,25,-1,,,
auto,00000003.BIN,C:\Users\Siya Bhadu\OneDrive\Desktop\ardupilot_parse\data\auto\00000003.BIN,00000003__descent_002,2,26463.971214,7.200000000000728,POS.RelHomeAlt,0.23388931155204773,0.23457512259483337,0.0,0.03082752227828056,3.3949594497680664,ARSP.Airspeed,-0.5276057720184326,-0.5276057720184326,-119.22096682012881,ArduPilot_AOA.AOA,8.465384483337402,8.465384483337402,-56.10106124867807,ArduPilot_AOA.SSA,ArduPilot_AOA,ground_relative_approx,0.032461830504732045,-0.031700391322374344,0.006989680230617523,-0.017967289313673973,-0.26,-0.27,275.54,-0.26,-0.27,0.0,0.0,0.0,1501.0,1502.0,1000.0,1500.0,0.002,0.004,0.0,0.0,0.02000000000029104,-0.02000000000029104,0.0,0.02000000000029104,1493.0,1505.0,1579.0,1498.0,0.0,26.0,0.0,-0.008589869365096092,-0.0032941142562776804,-0.0032293142285197973,0.12032966315746307,-0.01760268583893776,-9.82628059387207,32.9473587,-118.5318903,13.864681243896484,7.316127300262451,2.0461106300354004,,,,-0.010101965330802756,-0.030795896410609917,-0.018059816879510634,-0.010101965330802756,-0.030795896410609917,-0.018059816879510634,2,4,346332400,2436,28,0.52,32.9473588,-118.5318875,261.03,0.01550693903118372,226.8476104736328,-0.019444027915596962,0.0,1,32.9473587,-118.5318903,261.16998291015625,0.23388931155204773,-2.0461106300354004,-0.26,-0.26,-0.27,-0.27,0.0,275.54,0.01,0.04,3,0,-0.008589869365096092,-0.0032941142562776804,-0.0032293142285197973,0.12032966315746307,-0.01760268583893776,-9.82628059387207,0,0,45.0,1,1,3276,3276,-0.13,0.77,279.03,261.2599792480469,32.9473588,-118.5318875,0.7606111168861389,0.0034818139392882586,0.005948550067842007,-0.6491711735725403,0,-0.26,-0.27,275.53,-0.031700391322374344,0.006989680230617523,-0.017967289313673973,0.043417688459157944,13.864681243896484,7.316127300262451,2.0461106300354004,-0.12,-0.25,-0.18,260.94,2,0.18,-0.05,0.03,-1.08,3.92,239,48,385,14,-12,-21,0.0,0.0,-0.005415600724518299,-0.26,-0.26,-0.27,-0.27,0.0,26.0,0.0,3.747253894805908,1,4.1253204345703125,1.0322507619857788,0,147.68807983398438,-79.28,-74.02,10.39,4.174069404602051,0.00544491782784462,17.400972366333008,32.9471741,-118.5303247,259.72,12.52,23.0,,,,,,,,,,,,,,,0,3.3949594497680664,7.806626319885254,25.32,7.806626319885254,-2.490830183029175,1,1,1.0,0.33152395486831665,0,-0.5276057720184326,8.465384483337402,-0.1390480250120163,0.7775079607963562,279.03857421875,1501,1502,1000,1500,1000,1000,1000,2000,1000,1500,0,0,0,0,1493,1505,1579,1498,1539,1428,1584,1464,0,1503,0,0,0,1500,0,0.13015085458755493,98546.015625,46.43,0.8843304514884949,27924177,0.0,25.329750061035156,1,0,0.28,4,25,-1,,,
auto,00000003.BIN,C:\Users\Siya Bhadu\OneDrive\Desktop\ardupilot_parse\data\auto\00000003.BIN,00000003__descent_002,2,26464.021214,7.25,POS.RelHomeAlt,0.2331835925579071,0.23353645205497742,0.0,0.019584894179957235,3.3949594497680664,ARSP.Airspeed,-0.5276057720184326,-0.5276057720184326,105.55487730888846,ArduPilot_AOA.AOA,8.465384483337402,8.465384483337402,-32.30476993840257,ArduPilot_AOA.SSA,ArduPilot_AOA,ground_relative_approx,0.027876485852004976,-0.02651960961520672,0.008591203019022942,0.03933968022465706,-0.29,-0.26,275.53,-0.29,-0.26,0.0,0.0,0.0,1502.0,1501.0,1000.0,1501.0,0.004,0.002,0.0,0.002,0.020000000001018634,-0.020000000001018637,0.0,0.020000000001018634,1494.0,1505.0,1579.0,1498.0,0.0,26.0,0.0,-0.013186733238399029,-0.0028822512831538916,-0.005943350028246641,0.11162067949771881,-0.0006976337754167616,-9.850040435791016,32.9473587,-118.5318903,13.87105655670166,7.314694404602051,2.1482324600219727,,,,-0.010928200254730841,-0.02576731696451437,0.039259759541775824,-0.010928200254730841,-0.02576731696451437,0.039259759541775824,2,4,346332600,2436,28,0.52,32.9473587,-118.5318878,261.06,0.01040209736675024,58.83901596069336,0.015748757869005203,0.0,1,32.9473587,-118.5318903,261.16998291015625,0.2331835925579071,-2.046816349029541,-0.29,-0.29,-0.26,-0.26,0.0,275.53,0.01,0.04,3,0,-0.013186733238399029,-0.0028822512831538916,-0.005943350028246641,0.11162067949771881,-0.0006976337754167616,-9.850040435791016,0,0,45.0,1,1,3276,3276,-0.17,0.77,279.01,261.07000732421875,32.9473588,-118.5318875,0.7604628205299377,0.0032710195519030094,0.006140406243503094,-0.6493442058563232,2,0.14,0.54,276.75,-0.02651960961520672,0.008591203019022942,0.03933968022465706,0.05152132734656334,13.87105655670166,7.314694404602051,2.1482324600219727,0.28,-0.11,0.01,260.94,2,0.18,-0.05,0.03,-1.08,3.92,239,48,385,14,-12,-21,0.0,0.0,-0.005415600724518299,-0.29,-0.29,-0.26,-0.26,0.0,26.0,0.0,3.6451423168182373,1,4.1253204345703125,1.0322507619857788,0,147.68807983398438,-79.28,-74.02,10.39,4.174069404602051,0.00544491782784462,17.400972366333008,32.9471741,-118.5303247,259.72,12.52,23.0,,,,,,,,,,,,,,,0,3.3949594497680664,7.806626319885254,25.32,7.806626319885254,-2.490830183029175,1,1,1.0,0.33152395486831665,0,-0.5276057720184326,8.465384483337402,-0.1390480250120163,0.7775079607963562,279.03857421875,1502,1501,1000,1501,1000,1000,1000,2000,1000,1500,0,0,0,0,1494,1505,1579,1498,1539,1428,1584,1465,0,1503,0,0,0,1500,0,0.13015085458755493,98546.015625,46.43,0.8843304514884949,27924177,0.0,25.329750061035156,1,0,0.28,4,25,-1,,,
auto,00000003.BIN,C:\Users\Siya Bhadu\OneDrive\Desktop\ardupilot_parse\data\auto\00000003.BIN,00000003__descent_002,2,26464.071214000003,7.30000000000291,POS.RelHomeAlt,0.23204967379570007,0.2326166331768036,0.0,0.016658306121335897,3.2256112098693848,ARSP.Airspeed,-0.4853818118572235,-0.4853818118572235,-146.094470211841,ArduPilot_AOA.AOA,8.45242977142334,8.45242977142334,-51.8652803270678,ArduPilot_AOA.SSA,ArduPilot_AOA,ground_relative_approx,0.02772831207305323,-0.024609427899122238,0.012776358984410763,-0.010109174996614456,-0.31,-0.26,275.51,-0.31,-0.26,0.0,0.0,0.0,1502.0,1501.0,1000.0,1501.0,0.004,0.002,0.0,0.002,0.0,0.0,0.0,-0.020000000001018634,1494.0,1505.0,1579.0,1498.0,0.0,35.0,0.0,-0.014388772659003735,-0.004447723738849163,-0.008381472900509834,0.12504832446575165,0.12321315705776215,-9.80344295501709,32.9473587,-118.5318903,13.872406005859375,7.324385166168213,2.057767868041992,,,,-0.015126028279787831,-0.0232142741745347,-0.010166388373527475,-0.015126028279787831,-0.0232142741745347,-0.010166388373527475,2,4,346332600,2436,28,0.52,32.9473587,-118.5318878,261.06,0.01040209736675024,58.83901596069336,0.015748757869005203,0.0,1,32.9473587,-118.5318903,261.16998291015625,0.23204967379570007,-2.047950267791748,-0.31,-0.31,-0.26,-0.26,0.0,275.51,0.01,0.04,3,0,-0.014388772659003735,-0.004447723738849163,-0.008381472900509834,0.12504832446575165,0.12321315705776215,-9.80344295501709,0,0,45.0,1,1,3276,3276,-0.2,0.77,278.98,261.07000732421875,32.9473588,-118.5318875,0.7603030800819397,0.0030599876772612333,0.006327883340418339,-0.6495305299758911,1,-0.16,-0.21,275.56,-0.024609427899122238,0.012776358984410763,-0.010109174996614456,0.0344603955745697,13.872406005859375,7.324385166168213,2.057767868041992,-0.05,-0.03,-0.02,260.94,1,0.18,-0.01,0.02,-0.93,3.95,239,48,385,11,-10,-22,0.0,0.0,-0.04983825981616974,-0.31,-0.31,-0.26,-0.26,0.0,35.0,0.0,3.6451423168182373,1,4.1253204345703125,1.0322507619857788,0,147.68807983398438,-79.28,-74.02,10.39,4.174069404602051,0.00544491782784462,17.400972366333008,32.9471741,-118.5303247,259.72,12.52,23.0,,,,,,,,,,,,,,,0,3.2256112098693848,7.047226905822754,25.32,7.047226905822754,-2.490830183029175,1,1,1.0,0.33152395486831665,0,-0.4853818118572235,8.45242977142334,-0.21751369535923004,0.7800348997116089,278.97003173828125,1502,1501,1000,1501,1000,1000,1000,2000,1000,1500,0,0,0,0,1494,1505,1579,1498,1541,1426,1584,1465,0,1504,0,0,0,1500,0,-0.025860652327537537,98547.78125,46.43,0.7500463724136353,27924277,0.0,25.329750061035156,1,0,0.28,4,25,-1,,,
auto,00000003.BIN,C:\Users\Siya Bhadu\OneDrive\Desktop\ardupilot_parse\data\auto\00000003.BIN,00000003__descent_002,2,26464.121214000003,7.350000000002183,POS.RelHomeAlt,0.23128172755241394,0.2318706214427948,0.0,0.01017212867751649,3.2256112098693848,ARSP.Airspeed,-0.4853818118572235,-0.4853818118572235,105.13418435448504,ArduPilot_AOA.AOA,8.45242977142334,8.45242977142334,-30.073611919169768,ArduPilot_AOA.SSA,ArduPilot_AOA,ground_relative_approx,0.02650479777593338,-0.025002459064126015,0.008796666748821735,0.04056863486766815,-0.33,-0.27,275.47,-0.33,-0.27,0.0,0.0,0.0,1502.0,1501.0,1000.0,1500.0,0.004,0.002,0.0,0.0,-0.02000000000029104,0.02000000000029104,0.0,-0.02000000000029104,1493.0,1505.0,1579.0,1498.0,0.0,26.0,0.0,-0.008792310021817684,-0.004702869802713394,-0.008902524597942829,0.13591700792312622,0.07228551805019379,-9.810795783996582,32.9473587,-118.5318903,13.869721412658691,7.318041801452637,2.151372194290161,,,,-0.010948658916135258,-0.024283623847204283,0.04048148862078724,-0.010948658916135258,-0.024283623847204283,0.04048148862078724,2,4,346332600,2436,28,0.52,32.9473587,-118.5318878,261.06,0.01040209736675024,58.83901596069336,0.015748757869005203,0.0,1,32.9473587,-118.5318903,261.16998291015625,0.23128172755241394,-2.048718214035034,-0.33,-0.33,-0.27,-0.27,0.0,275.47,0.01,0.04,3,0,-0.008792310021817684,-0.004702869802713394,-0.008902524597942829,0.13591700792312622,0.07228551805019379,-9.810795783996582,0,0,45.0,1,1,3276,3276,-0.22,0.78,278.92,260.9100036621094,32.9473587,-118.5318878,0.7599552273750305,0.0029373611323535442,0.006446405779570341,-0.6499367356300354,2,0.1,0.54,276.7,-0.025002459064126015,0.008796666748821735,0.04056863486766815,0.029222670942544937,13.869721412658691,7.318041801452637,2.151372194290161,0.29,-0.11,0.01,260.94,2,0.18,-0.05,0.03,-1.08,3.92,239,48,385,14,-12,-21,0.0,0.0,-0.005415600724518299,-0.33,-0.33,-0.27,-0.27,0.0,26.0,0.0,3.5245304107666016,1,4.078237533569336,1.0322507619857788,0,147.68807983398438,-79.28,-74.02,10.39,4.174069404602051,0.00544491782784462,17.503084182739258,32.9471741,-118.5303247,259.72,12.52,23.0,,,,,,,,,,,,,,,0,3.2256112098693848,7.047226905822754,25.32,7.047226905822754,-2.490830183029175,1,1,1.0,0.33152395486831665,0,-0.4853818118572235,8.45242977142334,-0.21751369535923004,0.7800348997116089,278.97003173828125,1502,1501,1000,1500,1000,1000,1000,2000,1000,1500,0,0,0,0,1493,1505,1579,1498,1539,1428,1584,1464,0,1503,0,0,0,1500,0,-0.025860652327537537,98547.78125,46.43,0.7500463724136353,27924277,0.0,25.329750061035156,1,0,0.28,4,25,-1,,,
auto,00000003.BIN,C:\Users\Siya Bhadu\OneDrive\Desktop\ardupilot_parse\data\auto\00000003.BIN,00000003__descent_002,2,26464.171214,7.400000000001455,POS.RelHomeAlt,0.23150727152824402,0.23159942030906677,0.0,0.004761219024727481,3.378406524658203,ARSP.Airspeed,-0.47558215260505676,-0.47558215260505676,104.89195623345061,ArduPilot_AOA.AOA,8.500533103942871,8.500533103942871,-32.584494142455604,ArduPilot_AOA.SSA,ArduPilot_AOA,ground_relative_approx,0.02843074645504326,-0.027193598449230194,0.008295513689517975,0.040178295224905014,-0.32,-0.26,275.45,-0.32,-0.26,0.0,0.0,0.0,1501.0,1502.0,1000.0,1500.0,0.002,0.004,0.0,0.0,0.0,0.0,0.0,0.0,1494.0,1505.0,1579.0,1498.0,0.0,26.0,0.0,-0.00017009431030601263,-0.003269761800765991,-0.010774778202176094,0.13665050268173218,0.023477885872125626,-9.879055976867676,32.9473587,-118.5318903,13.869132041931152,7.318922519683838,2.1518120765686035,,,,-0.010658347459281289,-0.02650704442528966,0.040079657888304546,-0.010658347459281289,-0.02650704442528966,0.040079657888304546,2,4,346332600,2436,28,0.52,32.9473587,-118.5318878,261.06,0.01040209736675024,58.83901596069336,0.015748757869005203,0.0,1,32.9473587,-118.5318903,261.16998291015625,0.23150727152824402,-2.048492670059204,-0.32,-0.32,-0.26,-0.26,0.0,275.45,0.01,0.04,3,0,-0.00017009431030601263,-0.003269761800765991,-0.010774778202176094,0.13665050268173218,0.023477885872125626,-9.879055976867676,0,0,45.5,1,1,3276,3276,-0.21,0.78,278.89,260.9100036621094,32.9473587,-118.5318878,0.7597829699516296,0.003052682150155306,0.006418247241526842,-0.6501379609107971,2,0.11,0.54,276.68,-0.027193598449230194,0.008295513689517975,0.040178295224905014,0.019891439005732536,13.869132041931152,7.318922519683838,2.1518120765686035,0.28,-0.11,0.01,260.94,2,0.18,-0.05,0.03,-1.08,3.92,239,48,385,14,-12,-21,0.0,0.0,-0.005415600724518299,-0.32,-0.32,-0.26,-0.26,0.0,26.0,0.0,3.5245304107666016,1,4.078237533569336,1.0322507619857788,0,147.68807983398438,-79.28,-74.02,10.39,4.174069404602051,0.00544491782784462,17.623695373535156,32.9471741,-118.5303247,259.72,12.52,23.0,,,,,,,,,,,,,,,0,3.378406524658203,7.730686187744141,25.32,7.730686187744141,-2.490830183029175,1,1,1.0,0.33152395486831665,0,-0.47558215260505676,8.500533103942871,-0.2123999297618866,0.7862537503242493,278.89215087890625,1501,1502,1000,1500,1000,1000,1000,2000,1000,1500,0,0,0,0,1494,1505,1579,1498,1540,1427,1584,1465,0,1503,0,0,0,1500,0,0.294373482465744,98544.140625,46.43,0.011797892861068249,27924377,0.0,25.329750061035156,1,0,0.28,4,25,-1,,,
auto,00000003.BIN,C:\Users\Siya Bhadu\OneDrive\Desktop\ardupilot_parse\data\auto\00000003.BIN,00000003__descent_002,2,26464.221214,7.450000000000728,POS.RelHomeAlt,0.23169156908988953,0.23139449954032898,0.0,0.003348588943529851,3.378406524658203,ARSP.Airspeed,-0.47558215260505676,-0.47558215260505676,104.21406011004372,ArduPilot_AOA.AOA,8.500533103942871,8.500533103942871,-28.174508529838103,ArduPilot_AOA.SSA,ArduPilot_AOA,ground_relative_approx,0.026106726840514374,-0.02456318587064743,0.00884370319545269,0.04325711727142334,-0.32,-0.26,275.44,-0.32,-0.26,0.0,0.0,0.0,1502.0,1501.0,1000.0,1500.0,0.004,0.002,0.0,0.0,0.02000000000029104,-0.02000000000029104,0.0,0.0,1494.0,1505.0,1579.0,1498.0,0.0,26.0,0.0,0.0023807119578123093,-0.0028389072977006435,-0.008389294147491455,0.13896258175373077,0.14663445949554443,-9.775046348571777,32.9473587,-118.5318902,13.868864059448242,7.320242404937744,2.1518473625183105,,,,-0.010936134492830131,-0.02385564478822777,0.043174628603515945,-0.010936134492830131,-0.02385564478822777,0.043174628603515945,2,4,346332800,2436,28,0.52,32.9473588,-118.5318879,261.09,0.010573282837867737,256.37646484375,-0.013754777610301971,0.0,1,32.9473587,-118.5318902,261.16998291015625,0.23169156908988953,-2.0483083724975586,-0.32,-0.32,-0.26,-0.26,0.0,275.44,0.01,0.04,3,0,0.0023807119578123093,-0.0028389072977006435,-0.008389294147491455,0.13896258175373077,0.14663445949554443,-9.775046348571777,0,0,45.0,1,1,3276,3276,-0.2,0.79,278.86,261.22998046875,32.9473587,-118.5318878,0.7596467733383179,0.0031631996389478445,0.006379755679517984,-0.6502969264984131,2,0.11,0.54,276.67,-0.02456318587064743,0.00884370319545269,0.04325711727142334,0.013086987659335136,13.868864059448242,7.320242404937744,2.1518473625183105,0.28,-0.11,0.01,260.94,2,0.18,-0.05,0.03,-1.08,3.92,239,48,385,14,-12,-21,0.0,0.0,-0.005415600724518299,-0.32,-0.32,-0.26,-0.26,0.0,26.0,0.0,3.481337308883667,1,4.078237533569336,1.0322507619857788,0,147.68807983398438,-79.28,-74.02,10.39,4.174069404602051,0.00544491782784462,17.623695373535156,32.9471741,-118.5303247,259.72,12.52,23.0,,,,,,,,,,,,,,,0,3.378406524658203,7.730686187744141,25.32,7.730686187744141,-2.490830183029175,1,1,1.0,0.33152395486831665,0,-0.47558215260505676,8.500533103942871,-0.2123999297618866,0.7862537503242493,278.89215087890625,1502,1501,1000,1500,1000,1000,1000,2000,1000,1500,0,0,0,0,1494,1505,1579,1498,1540,1427,1584,1465,0,1503,0,0,0,1500,0,0.294373482465744,98544.140625,46.43,0.011797892861068249,27924377,0.0,25.329750061035156,1,0,0.28,4,25,-1,,,
auto,00000003.BIN,C:\Users\Siya Bhadu\OneDrive\Desktop\ardupilot_parse\data\auto\00000003.BIN,00000003__descent_002,2,26464.271214,7.5,POS.RelHomeAlt,0.23124739527702332,0.23126456141471863,0.0,0.0031960010527432026,3.1015706062316895,ARSP.Airspeed,-0.4391621947288513,-0.4391621947288513,103.70775123456285,ArduPilot_AOA.AOA,8.5431547164917,8.5431547164917,-24.60880716763856,ArduPilot_AOA.SSA,ArduPilot_AOA,ground_relative_approx,0.022931809078512732,-0.02116577886044979,0.008824832737445831,0.04349866136908531,-0.32,-0.26,275.44,-0.32,-0.26,0.0,0.0,0.0,1502.0,1501.0,1000.0,1500.0,0.004,0.002,0.0,0.0,0.0,0.0,0.0,0.0,1493.0,1505.0,1579.0,1498.0,0.0,26.0,0.0,-0.00497477687895298,-0.0059489901177585125,-0.0002958790282718837,0.1520431786775589,0.15818685293197632,-9.846649169921875,32.9473587,-118.5318902,13.868667602539062,7.3214430809021,2.15248703956604,,,,-0.010594170971476361,-0.020476721704083458,0.04343349880214992,-0.010594170971476361,-0.020476721704083458,0.04343349880214992,2,4,346332800,2436,28,0.52,32.9473588,-118.5318879,261.09,0.010573282837867737,256.37646484375,-0.013754777610301971,0.0,1,32.9473587,-118.5318902,261.16998291015625,0.23124739527702332,-2.048752546310425,-0.32,-0.32,-0.26,-0.26,0.0,275.44,0.01,0.04,3,0,-0.00497477687895298,-0.0059489901177585125,-0.0002958790282718837,0.1520431786775589,0.15818685293197632,-9.846649169921875,0,0,45.0,1,1,3276,3276,-0.2,0.79,278.85,261.22998046875,32.9473587,-118.5318878,0.7595832347869873,0.0031625903211534023,0.006385204382240772,-0.6503711342811584,2,0.11,0.54,276.67,-0.02116577886044979,0.008824832737445831,0.04349866136908531,0.006758083589375019,13.868667602539062,7.3214430809021,2.15248703956604,0.28,-0.11,0.01,260.94,2,0.18,-0.05,0.03,-1.08,3.92,239,48,385,14,-12,-21,0.0,0.0,-0.005415600724518299,-0.32,-0.32,-0.26,-0.26,0.0,26.0,0.0,3.481337308883667,1,4.078237533569336,1.0322507619857788,0,147.68807983398438,-79.28,-74.02,10.39,4.174069404602051,0.00544491782784462,17.623695373535156,32.9471741,-118.5303247,259.72,12.52,23.0,,,,,,,,,,,,,,,0,3.1015706062316895,6.515646934509277,25.32,6.515646934509277,-2.490830183029175,1,1,1.0,0.33152395486831665,0,-0.4391621947288513,8.5431547164917,-0.20545075833797455,0.7912030220031738,278.8570861816406,1502,1501,1000,1500,1000,1000,1000,2000,1000,1500,0,0,0,0,1493,1505,1579,1498,1539,1428,1584,1464,0,1503,0,0,0,1500,0,0.02340613678097725,98547.234375,46.44,-0.3674454987049103,27924476,0.0,25.329750061035156,1,0,0.28,4,25,-1,,,
auto,00000003.BIN,C:\Users\Siya Bhadu\OneDrive\Desktop\ardupilot_parse\data\auto\00000003.BIN,00000003__descent_002,2,26464.321214000003,7.55000000000291,POS.RelHomeAlt,0.23090240359306335,0.23107489943504333,0.0,0.0072491168976762665,3.1015706062316895,ARSP.Airspeed,-0.4391621947288513,-0.4391621947288513,101.78652014137246,ArduPilot_AOA.AOA,8.5431547164917,8.5431547164917,-26.080859331026005,ArduPilot_AOA.SSA,ArduPilot_AOA,ground_relative_approx,0.024046028411114678,-0.02288246899843216,0.007389458362013102,0.04480849951505661,-0.36,-0.26,275.46,-0.36,-0.26,0.0,0.0,0.0,1502.0,1501.0,1000.0,1500.0,0.004,0.002,0.0,0.0,0.0,0.0,0.0,0.0,1494.0,1505.0,1579.0,1498.0,0.0,26.0,0.0,-0.00986107625067234,-0.005550827831029892,0.0032937442883849144,0.15189920365810394,0.04637617990374565,-9.850706100463867,32.9473587,-118.5318902,13.868243217468262,7.323461055755615,2.1539037227630615,,,,-0.009329784938179807,-0.022356906685553145,0.044711709289622835,-0.009329784938179807,-0.022356906685553145,0.044711709289622835,2,4,346332800,2436,28,0.52,32.9473588,-118.5318879,261.09,0.010573282837867737,256.37646484375,-0.013754777610301971,0.0,1,32.9473587,-118.5318902,261.16998291015625,0.23090240359306335,-2.0490975379943848,-0.36,-0.36,-0.26,-0.26,0.0,275.46,0.01,0.04,3,0,-0.00986107625067234,-0.005550827831029892,0.0032937442883849144,0.15189920365810394,0.04637617990374565,-9.850706100463867,0,0,45.0,1,1,3276,3276,-0.23,0.78,278.85,260.9599914550781,32.9473588,-118.5318879,0.7595616579055786,0.0029074258636683226,0.006560991518199444,-0.6503957509994507,2,0.07,0.54,276.69,-0.02288246899843216,0.007389458362013102,0.04480849951505661,0.006075145676732063,13.868243217468262,7.323461055755615,2.1539037227630615,0.28,-0.11,0.01,260.94,2,0.18,-0.05,0.03,-1.08,3.92,239,48,385,14,-12,-21,0.0,0.0,-0.005415600724518299,-0.36,-0.36,-0.26,-0.26,0.0,26.0,0.0,3.371901273727417,1,4.057436466217041,1.0322507619857788,0,147.6788330078125,-79.28,-74.02,10.39,4.174069404602051,0.00544491782784462,17.666889190673828,32.9471741,-118.5303247,259.72,12.52,23.0,,,,,,,,,,,,,,,0,3.1015706062316895,6.515646934509277,25.32,6.515646934509277,-2.490830183029175,1,1,1.0,0.33152395486831665,0,-0.4391621947288513,8.5431547164917,-0.20545075833797455,0.7912030220031738,278.8570861816406,1502,1501,1000,1500,1000,1000,1000,2000,1000,1500,0,0,0,0,1494,1505,1579,1498,1540,1427,1584,1465,0,1503,0,0,0,1500,0,0.02340613678097725,98547.234375,46.44,-0.3674454987049103,27924476,0.0,25.329750061035156,1,0,0.28,4,25,-1,,,
auto,00000003.BIN,C:\Users\Siya Bhadu\OneDrive\Desktop\ardupilot_parse\data\auto\00000003.BIN,00000003__descent_002,2,26464.371214000003,7.600000000002183,POS.RelHomeAlt,0.2301768958568573,0.23053964972496033,0.0,0.00903010368360313,3.0834431648254395,ARSP.Airspeed,-0.4136662483215332,-0.4136662483215332,-123.57487571075795,ArduPilot_AOA.AOA,8.53660774230957,8.53660774230957,-60.15661791269539,ArduPilot_AOA.SSA,ArduPilot_AOA,ground_relative_approx,0.03223092958681275,-0.03152895346283913,0.006690135691314936,-0.014492281712591648,-0.38,-0.26,275.46,-0.38,-0.26,0.0,0.0,0.0,1502.0,1501.0,1000.0,1500.0,0.004,0.002,0.0,0.0,-0.02000000000029104,0.0,0.0,0.0,1493.0,1505.0,1579.0,1498.0,0.0,26.0,0.0,-0.01281226146966219,-0.003124859184026718,0.000732944521587342,0.1254674345254898,0.011153572238981724,-9.823338508605957,32.9473587,-118.5318902,13.861724853515625,7.329212188720703,2.049823045730591,,,,-0.009725451382763418,-0.03065283030483143,-0.014651915948841378,-0.009725451382763418,-0.03065283030483143,-0.014651915948841378,2,4,346332800,2436,28,0.52,32.9473588,-118.5318879,261.09,0.010573282837867737,256.37646484375,-0.013754777610301971,0.0,1,32.9473587,-118.5318902,261.16998291015625,0.2301768958568573,-2.049823045730591,-0.38,-0.38,-0.26,-0.26,0.0,275.46,0.01,0.04,3,0,-0.01281226146966219,-0.003124859184026718,0.000732944521587342,0.1254674345254898,0.011153572238981724,-9.823338508605957,0,0,45.0,1,1,3276,3276,-0.25,0.78,278.84,260.9599914550781,32.9473588,-118.5318879,0.7595171332359314,0.002727619605138898,0.006663808599114418,-0.650447428226471,0,-0.38,-0.26,275.45,-0.03152895346283913,0.006690135691314936,-0.014492281712591648,0.0041077155619859695,13.861724853515625,7.329212188720703,2.049823045730591,-0.12,-0.25,-0.18,260.94,2,0.18,-0.05,0.03,-1.08,3.92,239,48,385,14,-12,-21,0.0,0.0,-0.005415600724518299,-0.38,-0.38,-0.26,-0.26,0.0,26.0,0.0,3.371901273727417,1,4.057436466217041,1.0322507619857788,0,147.6788330078125,-79.28,-74.02,10.39,4.174069404602051,0.00544491782784462,17.776325225830078,32.9471741,-118.5303247,259.72,12.52,23.0,,,,,,,,,,,,,,,0,3.0834431648254395,6.439706802368164,25.32,6.439706802368164,-2.490830183029175,1,1,1.0,0.33152395486831665,0,-0.4136662483215332,8.53660774230957,-0.2593197822570801,0.783309817314148,278.8450927734375,1502,1501,1000,1500,1000,1000,1000,2000,1000,1500,0,0,0,0,1493,1505,1579,1498,1539,1428,1584,1464,0,1503,0,0,0,1500,0,-0.09154970943927765,98548.53125,46.43,-0.19253627955913544,27924576,0.0,25.329750061035156,1,0,0.28,4,25,-1,,,
auto,00000003.BIN,C:\Users\Siya Bhadu\OneDrive\Desktop\ardupilot_parse\data\auto\00000003.BIN,00000003__descent_002,2,26464.421214,7.650000000001455,POS.RelHomeAlt,0.2299465835094452,0.23017188906669617,0.0,0.0048291683197723145,3.0834431648254395,ARSP.Airspeed,-0.4136662483215332,-0.4136662483215332,103.37242114122817,ArduPilot_AOA.AOA,8.53660774230957,8.53660774230957,-25.587847121064627,ArduPilot_AOA.SSA,ArduPilot_AOA,ground_relative_approx,0.02451037729673625,-0.022873608395457268,0.008806624449789524,0.045265376567840576,-0.38,-0.26,275.46,-0.38,-0.26,0.0,0.0,0.0,1501.0,1501.0,1000.0,1500.0,0.002,0.002,0.0,0.0,-0.02000000000029104,0.02000000000029104,0.0,0.0,1494.0,1505.0,1579.0,1498.0,0.0,26.0,0.0,-0.008120035752654076,-0.0048403311520814896,-0.0018523590406402946,0.1111072301864624,0.0951354131102562,-9.824907302856445,32.9473587,-118.5318902,13.86800479888916,7.325058460235596,2.1557352542877197,,,,-0.010737590312329166,-0.02223192341093674,0.045168115377903384,-0.010737590312329166,-0.02223192341093674,0.045168115377903384,2,4,346333000,2436,28,0.52,32.9473588,-118.5318885,261.14,0.034409087151288986,314.0331726074219,-0.01903039589524269,0.0,1,32.9473587,-118.5318902,261.1600036621094,0.2299465835094452,-2.050053358078003,-0.38,-0.38,-0.26,-0.26,0.0,275.46,0.01,0.04,3,0,-0.008120035752654076,-0.0048403311520814896,-0.0018523590406402946,0.1111072301864624,0.0951354131102562,-9.824907302856445,0,0,45.0,1,1,3276,3276,-0.26,0.77,278.83,260.8399963378906,32.9473588,-118.5318879,0.7594393491744995,0.002632955089211464,0.006646322552114725,-0.6505388617515564,2,0.05,0.54,276.69,-0.022873608395457268,0.008806624449789524,0.045265376567840576,0.021226057782769203,13.86800479888916,7.325058460235596,2.1557352542877197,0.28,-0.11,0.01,260.94,2,0.18,-0.05,0.03,-1.08,3.92,239,48,385,14,-12,-21,0.0,0.0,-0.005415600724518299,-0.38,-0.38,-0.26,-0.26,0.0,26.0,0.0,3.288022041320801,1,4.057436466217041,1.0322507619857788,0,147.6788330078125,-79.28,-74.02,10.39,4.174069404602051,0.00544491782784462,17.776325225830078,32.9471741,-118.5303247,259.72,12.52,23.0,,,,,,,,,,,,,,,0,3.0834431648254395,6.439706802368164,25.32,6.439706802368164,-2.490830183029175,1,1,1.0,0.33152395486831665,0,-0.4136662483215332,8.53660774230957,-0.2593197822570801,0.783309817314148,278.8450927734375,1501,1501,1000,1500,1000,1000,1000,2000,1000,1500,0,0,0,0,1494,1505,1579,1498,1540,1427,1584,1465,0,1503,0,0,0,1500,0,-0.09154970943927765,98548.53125,46.43,-0.19253627955913544,27924576,0.0,25.329750061035156,1,0,0.28,4,25,-1,,,
auto,00000003.BIN,C:\Users\Siya Bhadu\OneDrive\Desktop\ardupilot_parse\data\auto\00000003.BIN,00000003__descent_002,2,26464.471214,7.700000000000728,POS.RelHomeAlt,0.2298712432384491,0.2300567328929901,0.0,0.002261400222811183,3.277334690093994,ARSP.Airspeed,-0.429653137922287,-0.429653137922287,103.39387436988169,ArduPilot_AOA.AOA,8.553776741027832,8.553776741027832,-25.08673375985776,ArduPilot_AOA.SSA,ArduPilot_AOA,ground_relative_approx,0.023799808353798833,-0.02212376333773136,0.008773253299295902,0.04469984769821167,-0.36,-0.27,275.45,-0.36,-0.27,0.0,0.0,0.0,1501.0,1502.0,1000.0,1500.0,0.002,0.004,0.0,0.0,0.0,0.02000000000029104,0.0,0.0,1493.0,1505.0,1579.0,1498.0,0.0,26.0,0.0,0.008377688936889172,-0.006490382831543684,-0.005024160258471966,0.13416887819766998,0.05330605432391167,-9.872057914733887,32.9473587,-118.5318902,13.868083953857422,7.325779438018799,2.1560049057006836,,,,-0.01062408106799189,-0.02147124908902276,0.044616382932043556,-0.01062408106799189,-0.02147124908902276,0.044616382932043556,2,4,346333000,2436,28,0.52,32.9473588,-118.5318885,261.14,0.034409087151288986,314.0331726074219,-0.01903039589524269,0.0,1,32.9473587,-118.5318902,261.1600036621094,0.2298712432384491,-2.050128698348999,-0.36,-0.36,-0.27,-0.27,0.0,275.45,0.01,0.04,3,0,0.008377688936889172,-0.006490382831543684,-0.005024160258471966,0.13416887819766998,0.05330605432391167,-9.872057914733887,0,0,45.0,1,1,3276,3276,-0.24,0.76,278.81,260.8399963378906,32.9473588,-118.5318879,0.7593220472335815,0.002715621143579483,0.006460323929786682,-0.6506773233413696,2,0.07,0.53,276.68,-0.02212376333773136,0.008773253299295902,0.04469984769821167,0.014509279280900955,13.868083953857422,7.325779438018799,2.1560049057006836,0.28,-0.11,0.01,260.94,2,0.18,-0.05,0.03,-1.08,3.92,239,48,385,14,-12,-21,0.0,0.0,-0.005415600724518299,-0.36,-0.36,-0.27,-0.27,0.0,26.0,0.0,3.288022041320801,1,4.057436466217041,1.0322507619857788,0,147.6788330078125,-79.28,-74.02,10.39,4.174069404602051,0.00544491782784462,17.776325225830078,32.9471741,-118.5303247,259.72,12.52,23.0,,,,,,,,,,,,,,,0,3.277334690093994,7.275046348571777,25.32,7.275046348571777,-2.490830183029175,1,1,1.0,0.33152395486831665,0,-0.429653137922287,8.553776741027832,-0.22812025249004364,0.7614303827285767,278.8021240234375,1501,1502,1000,1500,1000,1000,1000,2000,1000,1500,0,0,0,0,1493,1505,1579,1498,1539,1428,1584,1464,0,1503,0,0,0,1500,0,0.05351362004876137,98546.890625,46.43,-0.2851313352584839,27924677,0.0,25.329750061035156,1,0,0.28,4,25,-1,,,
auto,00000003.BIN,C:\Users\Siya Bhadu\OneDrive\Desktop\ardupilot_parse\data\auto\00000003.BIN,00000003__descent_002,2,26464.521214,7.75,POS.RelHomeAlt,0.23016688227653503,0.22994574904441833,0.0,0.0014865398407191144,3.277334690093994,ARSP.Airspeed,-0.429653137922287,-0.429653137922287,103.86409085075614,ArduPilot_AOA.AOA,8.553776741027832,8.553776741027832,-24.755522380378096,ArduPilot_AOA.SSA,ArduPilot_AOA,ground_relative_approx,0.024660367032465644,-0.022748304530978203,0.009520942345261574,0.04630802571773529,-0.28,-0.27,275.44,-0.28,-0.27,0.0,0.0,0.0,1501.0,1502.0,1000.0,1500.0,0.002,0.004,0.0,0.0,0.0,0.0,0.0,0.0,1494.0,1505.0,1579.0,1498.0,0.0,26.0,0.0,0.014615608379244804,-0.0032203320879489183,-0.005051239859312773,0.11809000372886658,0.05999583378434181,-9.829667091369629,32.9473587,-118.5318902,13.867940902709961,7.327066898345947,2.156761407852173,,,,-0.011416325302834093,-0.0219695382789012,0.04625552780416754,-0.011416325302834093,-0.0219695382789012,0.04625552780416754,2,4,346333000,2436,28,0.52,32.9473588,-118.5318885,261.14,0.034409087151288986,314.0331726074219,-0.01903039589524269,0.0,1,32.9473587,-118.5318902,261.16998291015625,0.23016688227653503,-2.049833059310913,-0.28,-0.28,-0.27,-0.27,0.0,275.44,0.01,0.04,3,0,0.014615608379244804,-0.0032203320879489183,-0.005051239859312773,0.11809000372886658,0.05999583378434181,-9.829667091369629,0,0,45.0,1,1,3276,3276,-0.16,0.75,278.77,260.989990234375,32.9473588,-118.5318885,0.7591175436973572,0.0032009179703891277,0.005963901989161968,-0.6509184241294861,2,0.15,0.54,276.67,-0.022748304530978203,0.009520942345261574,0.04630802571773529,0.00498746195808053,13.867940902709961,7.327066898345947,2.156761407852173,0.28,-0.11,0.01,260.94,2,0.18,-0.05,0.03,-1.08,3.92,239,48,385,14,-12,-21,0.0,0.0,-0.005415600724518299,-0.28,-0.28,-0.27,-0.27,0.0,26.0,0.0,3.2848196029663086,1,4.0226969718933105,1.0322507619857788,0,147.6788330078125,-79.28,-74.02,10.39,4.174069404602051,0.00544491782784462,17.86020278930664,32.9471741,-118.5303247,259.72,12.52,23.0,,,,,,,,,,,,,,,0,3.277334690093994,7.275046348571777,25.32,7.275046348571777,-2.490830183029175,1,1,1.0,0.33152395486831665,0,-0.429653137922287,8.553776741027832,-0.22812025249004364,0.7614303827285767,278.8021240234375,1501,1502,1000,1500,1000,1000,1000,2000,1000,1500,0,0,0,0,1494,1505,1579,1498,1540,1427,1584,1465,0,1503,0,0,0,1500,0,0.05351362004876137,98546.890625,46.43,-0.2851313352584839,27924677,0.0,25.329750061035156,1,0,0.29,4,25,-1,,,
auto,00000003.BIN,C:\Users\Siya Bhadu\OneDrive\Desktop\ardupilot_parse\data\auto\00000003.BIN,00000003__descent_002,2,26464.571214000003,7.80000000000291,POS.RelHomeAlt,0.22980543971061707,0.2299080789089203,0.0,0.001074075698852539,3.1375112533569336,ARSP.Airspeed,-0.42327672243118286,-0.42327672243118286,-130.09891782625738,ArduPilot_AOA.AOA,8.542593002319336,8.542593002319336,-58.92777844006981,ArduPilot_AOA.SSA,ArduPilot_AOA,ground_relative_approx,0.029090301434510937,-0.0280152540653944,0.007835252210497856,-0.012412939220666885,-0.26,-0.27,275.44,-0.26,-0.27,0.0,0.0,0.0,1501.0,1502.0,1000.0,1500.0,0.002,0.004,0.0,0.0,0.020000000001018634,-0.020000000001018634,0.0,0.0,1493.0,1505.0,1579.0,1498.0,0.0,26.0,0.0,0.011038127355277538,-0.0043898834846913815,-0.0020986231975257397,0.14073024690151215,0.14687064290046692,-9.805721282958984,32.9473587,-118.5318901,13.861072540283203,7.333321571350098,2.050194501876831,,,,-0.010514279893153178,-0.027089882802739888,-0.012486587432478567,-0.010514279893153178,-0.027089882802739888,-0.012486587432478567,2,4,346333000,2436,28,0.52,32.9473588,-118.5318885,261.14,0.034409087151288986,314.0331726074219,-0.01903039589524269,0.0,1,32.9473587,-118.5318901,261.1600036621094,0.22980543971061707,-2.050194501876831,-0.26,-0.26,-0.27,-0.27,0.0,275.44,0.01,0.04,3,0,0.011038127355277538,-0.0043898834846913815,-0.0020986231975257397,0.14073024690151215,0.14687064290046692,-9.805721282958984,0,0,45.0,1,1,3276,3276,-0.13,0.75,278.76,260.989990234375,32.9473588,-118.5318885,0.7590569257736206,0.003354716580361128,0.005764157511293888,-0.6509901285171509,0,-0.26,-0.27,275.43,-0.0280152540653944,0.007835252210497856,-0.012412939220666885,-0.00043348834151402116,13.861072540283203,7.333321571350098,2.050194501876831,-0.12,-0.25,-0.18,260.94,0,0.18,0.0,-0.02,-1.0,3.93,239,48,385,10,-9,-23,0.0,0.0,-0.044091660529375076,-0.26,-0.26,-0.27,-0.27,0.0,26.0,0.0,3.2848196029663086,1,4.0226969718933105,1.0322507619857788,0,147.66958618164062,-79.28,-74.02,10.4,4.174069404602051,0.00544491782784462,17.863407135009766,32.9471741,-118.5303247,259.72,12.52,23.0,,,,,,,,,,,,,,,0,3.1375112533569336,6.667527198791504,25.32,6.667527198791504,-2.490830183029175,1,1,1.0,0.33152395486831665,0,-0.42327672243118286,8.542593002319336,-0.1382070630788803,0.7516520619392395,278.764404296875,1501,1502,1000,1500,1000,1000,1000,2000,1000,1500,0,0,0,0,1493,1505,1579,1498,1539,1428,1584,1464,0,1503,0,0,0,1500,0,0.2286844253540039,98544.890625,46.43,-0.4759742319583893,27924776,0.0,25.329750061035156,1,0,0.29,4,25,-1,,,
auto,00000003.BIN,C:\Users\Siya Bhadu\OneDrive\Desktop\ardupilot_parse\data\auto\00000003.BIN,00000003__descent_002,2,26464.621214000003,7.850000000002183,POS.RelHomeAlt,0.22994491457939148,0.22983834147453308,0.0,0.006815195083717196,3.1375112533569336,ARSP.Airspeed,-0.42327672243118286,-0.42327672243118286,101.15674626304448,ArduPilot_AOA.AOA,8.542593002319336,8.542593002319336,-21.226122588828115,ArduPilot_AOA.SSA,ArduPilot_AOA,ground_relative_approx,0.020027000001110587,-0.018588971346616745,0.007451904006302357,0.04551614820957184,-0.26,-0.27,275.45,-0.26,-0.27,0.0,0.0,0.0,1502.0,1501.0,1000.0,1500.0,0.004,0.002,0.0,0.0,0.0,0.0,0.0,0.0,1493.0,1505.0,1579.0,1498.0,0.0,26.0,0.0,0.0017362801590934396,-0.004783002659678459,0.0008234435808844864,0.15662144124507904,0.1196097582578659,-9.881799697875977,32.9473587,-118.5318902,13.868531227111816,7.326742649078369,2.157845973968506,,,,-0.008969152424824604,-0.018003735037405905,0.04547769020479535,-0.008969152424824604,-0.018003735037405905,0.04547769020479535,2,4,346333200,2436,28,0.52,32.9473589,-118.5318876,261.08,0.008443380706012249,242.93580627441406,0.02107611857354641,0.0,1,32.9473587,-118.5318902,261.1600036621094,0.22994491457939148,-2.0500550270080566,-0.26,-0.26,-0.27,-0.27,0.0,275.45,0.01,0.04,3,0,0.0017362801590934396,-0.004783002659678459,0.0008234435808844864,0.15662144124507904,0.1196097582578659,-9.881799697875977,0,0,45.0,1,1,3276,3276,-0.13,0.74,278.75,261.1600036621094,32.9473588,-118.5318885,0.7590317726135254,0.0033571291714906693,0.005701153073459864,-0.6510200500488281,2,0.18,0.54,276.68,-0.018588971346616745,0.007451904006302357,0.04551614820957184,0.011988583020865917,13.868531227111816,7.326742649078369,2.157845973968506,0.28,-0.11,0.01,260.94,2,0.18,-0.05,0.03,-1.08,3.92,239,48,385,14,-12,-21,0.0,0.0,-0.005415600724518299,-0.26,-0.26,-0.27,-0.27,0.0,26.0,0.0,3.241330146789551,1,4.0226969718933105,1.0322507619857788,0,147.66958618164062,-79.28,-74.02,10.4,4.174069404602051,0.00544491782784462,17.863407135009766,32.9471741,-118.5303247,259.72,12.52,23.0,,,,,,,,,,,,,,,0,3.1375112533569336,6.667527198791504,25.32,6.667527198791504,-2.490830183029175,1,1,1.0,0.33152395486831665,0,-0.42327672243118286,8.542593002319336,-0.1382070630788803,0.7516520619392395,278.764404296875,1502,1501,1000,1500,1000,1000,1000,2000,1000,1500,0,0,0,0,1493,1505,1579,1498,1539,1428,1584,1464,0,1503,0,0,0,1500,0,0.2286844253540039,98544.890625,46.43,-0.4759742319583893,27924776,0.0,25.329750061035156,1,0,0.28,4,25,-1,,,
auto,00000003.BIN,C:\Users\Siya Bhadu\OneDrive\Desktop\ardupilot_parse\data\auto\00000003.BIN,00000003__descent_002,2,26464.671214,7.900000000001455,POS.RelHomeAlt,0.22864767909049988,0.22922655940055847,0.0,0.02092123031646631,3.476541519165039,ARSP.Airspeed,-0.41555312275886536,-0.41555312275886536,99.48271452835142,ArduPilot_AOA.AOA,8.590907096862793,8.590907096862793,-21.33422160046045,ArduPilot_AOA.SSA,ArduPilot_AOA,ground_relative_approx,0.02028410555140486,-0.019262775778770447,0.006355344783514738,0.04754127562046051,-0.28,-0.27,275.45,-0.28,-0.27,0.0,0.0,0.0,1501.0,1502.0,1000.0,1500.0,0.002,0.004,0.0,0.0,-0.02000000000029104,0.02000000000029104,0.0,0.0,1493.0,1505.0,1579.0,1498.0,0.0,26.0,0.0,-0.012651797384023666,-0.004194615874439478,0.0007203833665698767,0.13827882707118988,-0.009830676950514317,-9.7720365524292,32.9473587,-118.5318902,13.86913013458252,7.325894355773926,2.1593081951141357,,,,-0.007932014468409765,-0.018804378674969677,0.047487854392069664,-0.007932014468409765,-0.018804378674969677,0.047487854392069664,2,4,346333200,2436,28,0.52,32.9473589,-118.5318876,261.08,0.008443380706012249,242.93580627441406,0.02107611857354641,0.0,1,32.9473587,-118.5318902,261.1600036621094,0.22864767909049988,-2.0513522624969482,-0.28,-0.28,-0.27,-0.27,0.0,275.45,0.01,0.04,3,0,-0.012651797384023666,-0.004194615874439478,0.0007203833665698767,0.13827882707118988,-0.009830676950514317,-9.7720365524292,0,0,45.0,1,1,3276,3276,-0.15,0.74,278.75,261.1600036621094,32.9473588,-118.5318885,0.7589978575706482,0.0032097646035254,0.005780458450317383,-0.651059627532959,2,0.15,0.54,276.69,-0.019262775778770447,0.006355344783514738,0.04754127562046051,0.015284338034689426,13.86913013458252,7.325894355773926,2.1593081951141357,0.28,-0.11,0.01,260.94,0,0.18,0.0,-0.02,-1.0,3.93,239,48,385,10,-9,-23,0.0,0.0,-0.044091660529375076,-0.28,-0.28,-0.27,-0.27,0.0,26.0,0.0,3.241330146789551,1,4.0226969718933105,1.0322507619857788,0,147.66958618164062,-79.28,-74.02,10.4,4.174069404602051,0.00544491782784462,17.863407135009766,32.9471741,-118.5303247,259.72,12.52,23.0,,,,,,,,,,,,,,,0,3.476541519165039,8.186326026916504,25.32,8.186326026916504,-2.490830183029175,1,1,1.0,0.33152395486831665,0,-0.41555312275886536,8.590907096862793,-0.1670922040939331,0.7366722822189331,278.7481689453125,1501,1502,1000,1500,1000,1000,1000,2000,1000,1500,0,0,0,0,1493,1505,1579,1498,1539,1428,1584,1464,0,1503,0,0,0,1500,0,0.23142147064208984,98544.859375,46.43,0.044892456382513046,27924877,0.0,25.329750061035156,1,0,0.28,4,25,-1,,,
auto,00000003.BIN,C:\Users\Siya Bhadu\OneDrive\Desktop\ardupilot_parse\data\auto\00000003.BIN,00000003__descent_002,2,26464.721214,7.950000000000728,POS.RelHomeAlt,0.22684475779533386,0.22774621844291687,0.0,0.07894456386681048,3.476541519165039,ARSP.Airspeed,-0.41555312275886536,-0.41555312275886536,-116.76151361864267,ArduPilot_AOA.AOA,8.590907096862793,8.590907096862793,-64.25632075390973,ArduPilot_AOA.SSA,ArduPilot_AOA,ground_relative_approx,0.02822589674917841,-0.028035329654812813,0.0032743760384619236,-0.011722423136234283,-0.33,-0.27,275.45,-0.33,-0.27,0.0,0.0,0.0,1501.0,1502.0,1000.0,1500.0,0.002,0.004,0.0,0.0,0.02000000000029104,-0.02000000000029104,0.0,0.0,1493.0,1505.0,1579.0,1498.0,0.0,26.0,0.0,-0.015726786106824875,-0.006382203660905361,-0.001298425835557282,0.14129658043384552,0.023456279188394547,-9.850313186645508,32.9473587,-118.5318902,13.862377166748047,7.330468654632568,2.0531551837921143,,,,-0.00597746219009219,-0.02752979200763346,-0.011853140902843442,-0.00597746219009219,-0.02752979200763346,-0.011853140902843442,2,4,346333200,2436,28,0.52,32.9473589,-118.5318876,261.08,0.008443380706012249,242.93580627441406,0.02107611857354641,0.0,1,32.9473587,-118.5318902,261.1600036621094,0.22684475779533386,-2.0531551837921143,-0.33,-0.33,-0.27,-0.27,0.0,275.45,0.01,0.03,3,0,-0.015726786106824875,-0.006382203660905361,-0.001298425835557282,0.14129658043384552,0.023456279188394547,-9.850313186645508,0,0,45.0,1,1,3276,3276,-0.2,0.73,278.72,261.16998291015625,32.9473589,-118.5318876,0.7588381767272949,0.002825539791956544,0.006063047330826521,-0.6512449383735657,0,-0.33,-0.27,275.44,-0.028035329654812813,0.0032743760384619236,-0.011722423136234283,0.017422137781977654,13.862377166748047,7.330468654632568,2.0531551837921143,-0.12,-0.25,-0.18,260.94,2,0.18,-0.05,0.03,-1.08,3.92,239,48,385,14,-12,-21,0.0,0.0,-0.005415600724518299,-0.33,-0.33,-0.27,-0.27,0.0,26.0,0.0,3.3136470317840576,1,3.9467055797576904,1.0322507619857788,0,147.6788330078125,-79.28,-74.02,10.4,4.174069404602051,0.00544491782784462,17.90689468383789,32.9471741,-118.5303247,259.72,12.52,23.0,,,,,,,,,,,,,,,0,3.476541519165039,8.186326026916504,25.32,8.186326026916504,-2.490830183029175,1,1,1.0,0.33152395486831665,0,-0.41555312275886536,8.590907096862793,-0.1670922040939331,0.7366722822189331,278.7481689453125,1501,1502,1000,1500,1000,1000,1000,2000,1000,1500,0,0,0,0,1493,1505,1579,1498,1539,1428,1584,1464,0,1503,0,0,0,1500,0,0.23142147064208984,98544.859375,46.43,0.044892456382513046,27924877,0.0,25.329750061035156,1,0,0.28,4,25,-1,,,
auto,00000003.BIN,C:\Users\Siya Bhadu\OneDrive\Desktop\ardupilot_parse\data\auto\00000003.BIN,00000003__descent_002,2,26464.771214,8.0,POS.RelHomeAlt,0.21581944823265076,0.2213321030139923,0.0,0.3842592239109761,3.6649363040924072,ARSP.Airspeed,-0.393094003200531,-0.393094003200531,97.82250176135891,ArduPilot_AOA.AOA,8.567353248596191,8.567353248596191,-21.443376616487786,ArduPilot_AOA.SSA,ArduPilot_AOA,ground_relative_approx,0.019680231028055137,-0.019050508737564087,0.004938583821058273,0.04744468256831169,-0.34,-0.26,275.44,-0.34,-0.26,0.0,0.0,0.0,1502.0,1501.0,1000.0,1500.0,0.004,0.002,0.0,0.0,2.9103837395627608e-12,-2.9103872090097127e-12,0.0,0.0,1493.0,1505.0,1579.0,1498.0,0.0,26.0,0.0,-0.008010370656847954,-0.0013439190806820989,-0.00526496721431613,0.1113218292593956,0.07853491604328156,-9.845932960510254,32.9473587,-118.5318902,13.870100975036621,7.32373571395874,2.033770799636841,,,,-0.0065070264793266825,-0.01877790472262057,0.04736410347458303,-0.0065070264793266825,-0.01877790472262057,0.04736410347458303,2,4,346333200,2436,28,0.52,32.9473589,-118.5318876,261.08,0.008443380706012249,242.93580627441406,0.02107611857354641,0.0,1,32.9473587,-118.5318902,261.1600036621094,0.21581944823265076,-1.924180507659912,-0.34,-0.34,-0.26,-0.26,0.0,275.44,0.01,0.03,3,0,-0.008010370656847954,-0.0013439190806820989,-0.00526496721431613,0.1113218292593956,0.07853491604328156,-9.845932960510254,0,0,45.0,1,1,3276,3276,-0.21,0.74,278.7,261.16998291015625,32.9473589,-118.5318876,0.7587152123451233,0.002822943963110447,0.006178916431963444,-0.6513869166374207,2,0.1,0.54,276.68,-0.019050508737564087,0.004938583821058273,0.04744468256831169,0.03669518977403641,13.870100975036621,7.32373571395874,2.033770799636841,0.28,-0.11,0.01,261.07,2,0.18,-0.05,0.03,-1.08,3.92,239,48,385,14,-12,-21,0.0,0.0,-0.005415600724518299,-0.34,-0.34,-0.26,-0.26,0.0,26.0,0.0,3.3136470317840576,1,3.9467055797576904,1.0322507619857788,0,147.6788330078125,-79.28,-74.02,10.4,4.174069404602051,0.00544491782784462,17.834579467773438,32.9471741,-118.5303247,259.72,12.52,23.0,,,,,,,,,,,,,,,0,3.6649363040924072,9.097604751586914,25.32,9.097604751586914,-2.490830183029175,1,1,1.0,0.33152395486831665,0,-0.393094003200531,8.567353248596191,-0.215799942612648,0.7479455471038818,278.70391845703125,1502,1501,1000,1500,1000,1000,1000,2000,1000,1500,0,0,0,0,1493,1505,1579,1498,1539,1428,1584,1464,0,1503,0,0,0,1500,0,0.11099154502153397,98546.21875,46.44,0.7023339867591858,27924976,0.0,25.329750061035156,1,0,0.29,4,25,-1,,,
auto,00000003.BIN,C:\Users\Siya Bhadu\OneDrive\Desktop\ardupilot_parse\data\auto\00000003.BIN,00000003__descent_002,2,26464.821214000003,8.05000000000291,POS.RelHomeAlt,0.16282114386558533,0.18932029604911804,0.0,0.8068960905020206,3.6649363040924072,ARSP.Airspeed,-0.393094003200531,-0.393094003200531,-123.26818812600085,ArduPilot_AOA.AOA,8.567353248596191,8.567353248596191,-65.36605817258389,ArduPilot_AOA.SSA,ArduPilot_AOA,ground_relative_approx,0.027862367809346672,-0.02755165472626686,0.0041494411416351795,-0.010224435478448868,-0.32,-0.27,275.43,-0.32,-0.27,0.0,0.0,0.0,1501.0,1502.0,1000.0,1500.0,0.002,0.004,0.0,0.0,-0.019999999998108246,0.01999999999810825,0.0,0.0,1494.0,1505.0,1579.0,1498.0,0.0,26.0,0.0,0.0008117086254060268,-0.0035050655715167522,-0.007184032816439867,0.10765114426612854,0.051586687564849854,-9.770936965942383,32.9473587,-118.5318902,13.862974166870117,7.330296039581299,1.9771788120269775,,,,-0.006786128658456185,-0.02697801087950216,-0.010343404063103431,-0.006786128658456185,-0.02697801087950216,-0.010343404063103431,2,4,346333400,2436,28,0.52,32.9473588,-118.5318886,261.18,0.006996712647378445,242.10903930664062,-0.008544513955712318,0.0,1,32.9473587,-118.5318902,261.239990234375,0.16282114386558533,-1.9771788120269775,-0.32,-0.32,-0.27,-0.27,0.0,275.43,0.01,0.03,3,0,0.0008117086254060268,-0.0035050655715167522,-0.007184032816439867,0.10765114426612854,0.051586687564849854,-9.770936965942383,0,0,45.0,1,1,3276,3276,-0.2,0.74,278.67,261.19000244140625,32.9473589,-118.5318876,0.7585709691047668,0.0028856873977929354,0.0061378441751003265,-0.6515551209449768,0,-0.32,-0.27,275.42,-0.02755165472626686,0.0041494411416351795,-0.010224435478448868,0.3074950575828552,13.862974166870117,7.330296039581299,1.9771788120269775,-0.12,-0.25,-0.18,261.07,1,0.18,-0.01,0.02,-0.93,3.95,239,48,385,11,-10,-22,0.0,0.0,-0.04983825981616974,-0.32,-0.32,-0.27,-0.27,0.0,26.0,0.0,3.422821521759033,1,3.9467055797576904,1.0323870182037354,0,147.6788330078125,-79.28,-74.02,10.4,4.174069404602051,0.00544491782784462,17.834579467773438,32.9471741,-118.5303247,259.72,12.52,23.0,,,,,,,,,,,,,,,0,3.6649363040924072,9.097604751586914,25.32,9.097604751586914,-2.490830183029175,1,1,1.0,0.33152395486831665,0,-0.393094003200531,8.567353248596191,-0.215799942612648,0.7479455471038818,278.70391845703125,1501,1502,1000,1500,1000,1000,1000,2000,1000,1500,0,0,0,0,1494,1505,1579,1498,1540,1427,1584,1465,0,1503,0,0,0,1500,0,0.11099154502153397,98546.21875,46.44,0.7023339867591858,27924976,0.0,25.329750061035156,1,0,0.29,4,25,-1,,,
auto,00000003.BIN,C:\Users\Siya Bhadu\OneDrive\Desktop\ardupilot_parse\data\auto\00000003.BIN,00000003__descent_002,2,26464.871214000003,8.100000000002183,POS.RelHomeAlt,0.11846384406089783,0.14064249396324158,0.0,1.0556662269090253,3.6802005767822266,ARSP.Airspeed,-0.37424230575561523,-0.37424230575561523,97.60671361365397,ArduPilot_AOA.AOA,8.599153518676758,8.599153518676758,-21.107652969260837,ArduPilot_AOA.SSA,ArduPilot_AOA,ground_relative_approx,0.019969651599773493,-0.019343039020895958,0.004963247571140528,0.04899643361568451,-0.31,-0.27,275.41,-0.31,-0.27,0.0,0.0,0.0,1501.0,1502.0,1000.0,1500.0,0.002,0.004,0.0,0.0,0.02000000000029104,-0.02000000000029104,0.0,0.0,1494.0,1505.0,1579.0,1498.0,0.0,26.0,0.0,0.0031765098683536053,-0.007349494379013777,-0.008113496005535126,0.1479395031929016,0.07532224804162979,-9.883591651916504,32.9473587,-118.5318902,13.871554374694824,7.324318885803223,2.106520652770996,,,,-0.006533876158244628,-0.01905392011857176,0.04892539302383093,-0.006533876158244628,-0.01905392011857176,0.04892539302383093,2,4,346333400,2436,28,0.52,32.9473588,-118.5318886,261.18,0.006996712647378445,242.10903930664062,-0.008544513955712318,0.0,1,32.9473587,-118.5318902,261.19000244140625,0.11846384406089783,-2.021536111831665,-0.31,-0.31,-0.27,-0.27,0.0,275.41,0.01,0.03,3,0,0.0031765098683536053,-0.007349494379013777,-0.008113496005535126,0.1479395031929016,0.07532224804162979,-9.883591651916504,0,0,45.0,1,1,3276,3276,-0.19,0.74,278.65,261.19000244140625,32.9473589,-118.5318876,0.7584177255630493,0.002933878218755126,0.006061212159693241,-0.6517339944839478,2,0.12,0.53,276.65,-0.019343039020895958,0.004963247571140528,0.04899643361568451,0.6220033168792725,13.871554374694824,7.324318885803223,2.106520652770996,0.28,-0.11,0.01,261.07,1,0.18,-0.01,0.02,-0.93,3.95,239,48,385,11,-10,-22,0.0,0.0,-0.04983825981616974,-0.31,-0.31,-0.27,-0.27,0.0,26.0,0.0,3.422821521759033,1,3.9467055797576904,1.0323870182037354,0,147.6788330078125,-79.28,-74.02,10.4,4.174069404602051,0.00544491782784462,17.834579467773438,32.9471741,-118.5303247,259.72,12.52,23.0,,,,,,,,,,,,,,,0,3.6802005767822266,9.173544883728027,25.32,9.173544883728027,-2.490830183029175,1,1,1.0,0.33152395486831665,0,-0.37424230575561523,8.599153518676758,-0.1971656084060669,0.7479931116104126,278.6414489746094,1501,1502,1000,1500,1000,1000,1000,2000,1000,1500,0,0,0,0,1494,1505,1579,1498,1540,1427,1584,1465,0,1503,0,0,0,1500,0,0.15478424727916718,98544.171875,46.43,0.5721449255943298,27925077,0.0,25.329750061035156,1,0,0.28,4,25,-1,,,
auto,00000003.BIN,C:\Users\Siya Bhadu\OneDrive\Desktop\ardupilot_parse\data\auto\00000003.BIN,00000003__descent_002,2,26464.921214,8.150000000001455,POS.RelHomeAlt,0.049043502658605576,0.0837536733597517,0.0,1.0480070486817277,3.6802005767822266,ARSP.Airspeed,-0.37424230575561523,-0.37424230575561523,96.20255889058761,ArduPilot_AOA.AOA,8.599153518676758,8.599153518676758,-16.190987818453227,ArduPilot_AOA.SSA,ArduPilot_AOA,ground_relative_approx,0.015360190898807989,-0.014751369133591652,0.004281655419617891,0.049908388406038284,-0.32,-0.27,275.41,-0.32,-0.27,0.0,0.0,0.0,1502.0,1501.0,1000.0,1500.0,0.004,0.002,0.0,0.0,0.0,0.0,0.0,0.0,1493.0,1505.0,1579.0,1498.0,0.0,26.0,0.0,-0.0033897943794727325,-0.0030337339267134666,-0.004814196843653917,0.14214622974395752,0.1573515385389328,-9.848633766174316,32.9473587,-118.5318902,13.872600555419922,7.324641227722168,2.1590051651000977,,,,-0.005418122870679927,-0.01456063870644836,0.04985393106620875,-0.005418122870679927,-0.01456063870644836,0.04985393106620875,2,4,346333400,2436,28,0.52,32.9473588,-118.5318886,261.18,0.006996712647378445,242.10903930664062,-0.008544513955712318,0.0,1,32.9473587,-118.5318902,261.1199951171875,0.049043502658605576,-2.090956449508667,-0.32,-0.32,-0.27,-0.27,0.0,275.41,0.01,0.03,3,0,-0.0033897943794727325,-0.0030337339267134666,-0.004814196843653917,0.14214622974395752,0.1573515385389328,-9.848633766174316,0,0,45.0,1,1,3276,3276,-0.21,0.75,278.62,261.22998046875,32.9473588,-118.5318886,0.7582563757896423,0.002882575150579214,0.00625125365331769,-0.6519200801849365,2,0.11,0.54,276.64,-0.014751369133591652,0.004281655419617891,0.049908388406038284,0.8313586115837097,13.872600555419922,7.324641227722168,2.1590051651000977,0.28,-0.11,0.01,261.07,2,0.18,-0.05,0.03,-1.08,3.92,239,48,385,14,-12,-21,0.0,0.0,-0.005415600724518299,-0.32,-0.32,-0.27,-0.27,0.0,26.0,0.0,3.5020217895507812,1,3.912684202194214,1.0323870182037354,0,147.6788330078125,-79.28,-74.02,10.39,4.174069404602051,0.00544491782784462,17.722614288330078,32.9471741,-118.5303247,259.72,12.52,23.0,,,,,,,,,,,,,,,0,3.6802005767822266,9.173544883728027,25.32,9.173544883728027,-2.490830183029175,1,1,1.0,0.33152395486831665,0,-0.37424230575561523,8.599153518676758,-0.1971656084060669,0.7479931116104126,278.6414489746094,1502,1501,1000,1500,1000,1000,1000,2000,1000,1501,0,0,0,0,1493,1505,1579,1498,1539,1428,1584,1464,0,1503,0,0,0,1500,0,0.15478424727916718,98544.171875,46.43,0.5721449255943298,27925077,0.0,25.329750061035156,1,0,0.28,4,25,-1,,,
auto,00000003.BIN,C:\Users\Siya Bhadu\OneDrive\Desktop\ardupilot_parse\data\auto\00000003.BIN,00000003__descent_002,2,26464.971214,8.200000000000728,POS.RelHomeAlt,0.022640075534582138,0.03584178909659386,0.0,0.7231819816038941,3.8001081943511963,ARSP.Airspeed,-0.3645661175251007,-0.3645661175251007,96.09074492736116,ArduPilot_AOA.AOA,8.654699325561523,8.654699325561523,-15.727042465773003,ArduPilot_AOA.SSA,ArduPilot_AOA,ground_relative_approx,0.014998775548159865,-0.014383211731910706,0.004252821207046509,0.050223276019096375,-0.33,-0.27,275.41,-0.33,-0.27,0.0,0.0,0.0,1501.0,1502.0,1000.0,1500.0,0.002,0.004,0.0,0.0,-0.02000000000029104,0.02000000000029104,0.0,0.0,1494.0,1505.0,1579.0,1498.0,0.0,26.0,0.0,-0.009504619985818863,-0.003404633142054081,0.0007329193176701665,0.12441074848175049,0.08717828243970871,-9.810946464538574,32.9473587,-118.5318902,13.873083114624023,7.324761390686035,2.1791961193084717,,,,-0.0053532232941087415,-0.014207358637976052,0.050168064372962985,-0.0053532232941087415,-0.014207358637976052,0.050168064372962985,2,4,346333400,2436,28,0.52,32.9473588,-118.5318886,261.18,0.006996712647378445,242.10903930664062,-0.008544513955712318,0.0,1,32.9473587,-118.5318902,261.1000061035156,0.022640075534582138,-2.1173598766326904,-0.33,-0.33,-0.27,-0.27,0.0,275.41,0.01,0.03,3,0,-0.009504619985818863,-0.003404633142054081,0.0007329193176701665,0.12441074848175049,0.08717828243970871,-9.810946464538574,0,0,45.0,1,1,3276,3276,-0.23,0.75,278.61,261.22998046875,32.9473588,-118.5318886,0.7582329511642456,0.0027691256254911423,0.006330457516014576,-0.6519472002983093,2,0.1,0.54,276.65,-0.014383211731910706,0.004252821207046509,0.050223276019096375,0.7744810581207275,13.873083114624023,7.324761390686035,2.1791961193084717,0.28,-0.11,0.01,261.07,1,0.18,-0.01,0.02,-0.93,3.95,239,48,385,11,-10,-22,0.0,0.0,-0.04983825981616974,-0.33,-0.33,-0.27,-0.27,0.0,26.0,0.0,3.5020217895507812,1,3.912684202194214,1.0323870182037354,0,147.6788330078125,-79.28,-74.02,10.46,4.174069404602051,0.00544491782784462,17.643413543701172,32.9471741,-118.5303247,259.72,12.52,23.0,,,,,,,,,,,,,,,0,3.8001081943511963,9.781064987182617,25.32,9.781064987182617,-2.490830183029175,1,1,1.0,0.33152395486831665,0,-0.3645661175251007,8.654699325561523,-0.23235203325748444,0.7569324374198914,278.61907958984375,1501,1502,1000,1500,1000,1000,1000,2000,1000,1500,0,0,0,0,1494,1505,1579,1498,1540,1427,1584,1465,0,1503,0,0,0,1500,0,-0.25577235221862793,98548.84375,46.43,-0.10854100435972214,27925177,0.0,25.329750061035156,1,0,0.28,4,25,-1,,,
auto,00000003.BIN,C:\Users\Siya Bhadu\OneDrive\Desktop\ardupilot_parse\data\auto\00000003.BIN,00000003__descent_002,2,26465.021214,8.25,POS.RelHomeAlt,0.00023087486624717712,0.011435475200414658,0.0,0.44839024543072586,3.8001081943511963,ARSP.Airspeed,-0.3645661175251007,-0.3645661175251007,-107.85723200799056,ArduPilot_AOA.AOA,8.654699325561523,8.654699325561523,-66.7755894278953,ArduPilot_AOA.SSA,ArduPilot_AOA,ground_relative_approx,0.025165058635037468,-0.025150461122393608,0.0008570189238525927,-0.010036207735538483,-0.34,-0.27,275.42,-0.34,-0.27,0.0,0.0,0.0,1501.0,1502.0,1000.0,1500.0,0.002,0.004,0.0,0.0,0.01999999999810825,-0.01999999999810825,0.0,0.0,1494.0,1505.0,1579.0,1498.0,0.0,26.0,0.0,-0.005901099182665348,-0.005459263920783997,0.0016451460542157292,0.14296458661556244,0.016004614531993866,-9.816173553466797,32.9473587,-118.5318902,13.86458969116211,7.330099582672119,2.1397690773010254,,,,-0.003276053263832959,-0.02489716016782202,-0.01016880191596347,-0.003276053263832959,-0.02489716016782202,-0.01016880191596347,2,4,346333600,2436,28,0.52,32.947359,-118.5318878,261.1,0.02805425599217415,248.2210693359375,0.04414798691868782,0.0,1,32.9473587,-118.5318902,261.0799865722656,0.00023087486624717712,-2.1397690773010254,-0.34,-0.34,-0.27,-0.27,0.0,275.42,0.01,0.03,3,0,-0.005901099182665348,-0.005459263920783997,0.0016451460542157292,0.14296458661556244,0.016004614531993866,-9.816173553466797,0,0,45.0,1,1,3276,3276,-0.23,0.75,278.61,260.82000732421875,32.9473588,-118.5318886,0.7582024931907654,0.002715991111472249,0.0063346438109874725,-0.6519827246665955,0,-0.34,-0.27,275.41,-0.025150461122393608,0.0008570189238525927,-0.010036207735538483,0.8970404267311096,13.86458969116211,7.330099582672119,2.1397690773010254,-0.12,-0.25,-0.18,261.07,1,0.18,-0.01,0.02,-0.93,3.95,239,48,385,11,-10,-22,0.0,0.0,-0.04983825981616974,-0.34,-0.34,-0.27,-0.27,0.0,26.0,0.0,3.5940446853637695,1,3.912684202194214,1.0323870182037354,0,147.6788330078125,-79.28,-74.02,10.46,4.174069404602051,0.00544491782784462,17.643413543701172,32.9471741,-118.5303247,259.72,12.52,23.0,,,,,,,,,,,,,,,0,3.8001081943511963,9.781064987182617,25.32,9.781064987182617,-2.490830183029175,1,1,1.0,0.33152395486831665,0,-0.3645661175251007,8.654699325561523,-0.23235203325748444,0.7569324374198914,278.61907958984375,1501,1502,1000,1500,1000,1000,1000,2000,1000,1500,0,0,0,0,1494,1505,1579,1498,1540,1427,1584,1465,0,1503,0,0,0,1500,0,-0.25577235221862793,98548.84375,46.43,-0.10854100435972214,27925177,0.0,25.329750061035156,1,0,0.28,4,25,-1,,,
auto,00000003.BIN,C:\Users\Siya Bhadu\OneDrive\Desktop\ardupilot_parse\data\auto\00000003.BIN,00000003__descent_002,2,26465.071214000003,8.30000000000291,POS.RelHomeAlt,-0.018225345760583878,-0.00899723544716835,-5.0,0.43709993361679633,3.9731903076171875,ARSP.Airspeed,-0.3979560434818268,-0.3979560434818268,92.97386314786391,ArduPilot_AOA.AOA,8.604683876037598,8.604683876037598,-18.93230715385827,ArduPilot_AOA.SSA,ArduPilot_AOA,ground_relative_approx,0.01659082987722469,-0.016548240557312965,0.0011880111414939165,0.04853348806500435,-0.33,-0.27,275.42,-0.33,-0.27,0.0,0.0,0.0,1502.0,1501.0,1000.0,1500.0,0.004,0.002,0.0,0.0,-2.9103837395627608e-12,2.9103872090097127e-12,0.0,0.0,1493.0,1505.0,1579.0,1498.0,0.0,26.0,0.0,0.001642778399400413,-0.004774876870214939,-0.0006355916266329587,0.14284542202949524,0.0725259929895401,-9.85171127319336,32.9473587,-118.5318902,13.874350547790527,7.322300910949707,2.2098119258880615,,,,-0.002517038994690091,-0.01664137100668577,0.048450845044106086,-0.002517038994690091,-0.01664137100668577,0.048450845044106086,2,4,346333600,2436,28,0.52,32.947359,-118.5318878,261.1,0.02805425599217415,248.2210693359375,0.04414798691868782,0.0,1,32.9473587,-118.5318902,261.05999755859375,-0.018225345760583878,-2.1582252979278564,-0.33,-0.33,-0.27,-0.27,0.0,275.42,0.01,0.03,3,0,0.001642778399400413,-0.004774876870214939,-0.0006355916266329587,0.14284542202949524,0.0725259929895401,-9.85171127319336,0,0,45.0,1,1,3276,3276,-0.23,0.75,278.6,260.82000732421875,32.9473588,-118.5318886,0.758162260055542,0.0027485862374305725,0.006275105755776167,-0.6520299315452576,2,0.11,0.54,276.66,-0.016548240557312965,0.0011880111414939165,0.04853348806500435,0.5628105998039246,13.874350547790527,7.322300910949707,2.2098119258880615,0.28,-0.11,0.01,261.07,1,0.18,-0.01,0.02,-0.93,3.95,239,48,385,11,-10,-22,0.0,0.0,-0.04983825981616974,-0.33,-0.33,-0.27,-0.27,0.0,26.0,0.0,3.5940446853637695,1,3.912684202194214,1.0323870182037354,0,147.6788330078125,-79.28,-74.02,10.46,4.174069404602051,0.00544491782784462,17.643413543701172,32.9471741,-118.5303247,259.72,12.52,23.0,,,,,,,,,,,,,,,0,3.9731903076171875,10.692343711853027,25.32,10.692343711853027,-2.490830183029175,1,1,1.0,0.33152395486831665,0,-0.3979560434818268,8.604683876037598,-0.22518524527549744,0.7504136562347412,278.60223388671875,1502,1501,1000,1500,1000,1000,1000,2000,1000,1500,0,0,0,0,1493,1505,1579,1498,1539,1428,1584,1464,0,1503,0,0,0,1500,0,-0.13534240424633026,98547.46875,46.44,-0.7828239798545837,27925277,0.0,25.329750061035156,1,0,0.28,4,25,-1,,,
auto,00000003.BIN,C:\Users\Siya Bhadu\OneDrive\Desktop\ardupilot_parse\data\auto\00000003.BIN,00000003__descent_002,2,26465.121214000003,8.350000000002183,POS.RelHomeAlt,-0.04632369056344032,-0.0322745181620121,-5.0,0.42428135872504613,3.9731903076171875,ARSP.Airspeed,-0.3979560434818268,-0.3979560434818268,90.89921926339983,ArduPilot_AOA.AOA,8.604683876037598,8.604683876037598,-14.676238997537123,ArduPilot_AOA.SSA,ArduPilot_AOA,ground_relative_approx,0.012721257064620961,-0.012719876132905483,-0.00018743656983133405,0.04946199432015419,-0.3,-0.28,275.43,-0.3,-0.28,0.0,0.0,0.0,1501.0,1502.0,1000.0,1500.0,0.002,0.004,0.0,0.0,0.0,0.02000000000029104,0.0,0.0,1494.0,1505.0,1579.0,1498.0,0.0,26.0,0.0,0.00396710354834795,-0.004951327107846737,6.548299279529601e-05,0.14175081253051758,0.12718746066093445,-9.811164855957031,32.9473587,-118.5318902,13.875262260437012,7.320207118988037,2.2316055297851562,,,,-0.000775352933303211,-0.01293936373158613,0.04939930118414293,-0.000775352933303211,-0.01293936373158613,0.04939930118414293,2,4,346333600,2436,28,0.52,32.947359,-118.5318878,261.1,0.02805425599217415,248.2210693359375,0.04414798691868782,0.0,1,32.9473587,-118.5318902,261.0299987792969,-0.04632369056344032,-2.186323642730713,-0.3,-0.3,-0.28,-0.28,0.0,275.43,0.0,0.03,3,0,0.00396710354834795,-0.004951327107846737,6.548299279529601e-05,0.14175081253051758,0.12718746066093445,-9.811164855957031,0,0,45.0,1,1,3276,3276,-0.2,0.74,278.59,260.94000244140625,32.947359,-118.5318878,0.7580782175064087,0.002886292990297079,0.0060377162881195545,-0.6521293520927429,2,0.14,0.53,276.67,-0.012719876132905483,-0.00018743656983133405,0.04946199432015419,0.3621511459350586,13.875262260437012,7.320207118988037,2.2316055297851562,0.28,-0.11,0.01,261.07,2,0.18,-0.05,0.03,-1.08,3.92,239,48,385,14,-12,-21,0.0,0.0,-0.005415600724518299,-0.3,-0.3,-0.28,-0.28,0.0,26.0,0.0,3.7118570804595947,1,3.914344310760498,1.0323870182037354,0,147.6788330078125,-79.28,-74.02,10.51,4.174069404602051,0.00544491782784462,17.5513916015625,32.9471741,-118.5303247,259.72,12.52,23.0,,,,,,,,,,,,,,,0,3.9731903076171875,10.692343711853027,25.32,10.692343711853027,-2.490830183029175,1,1,1.0,0.33152395486831665,0,-0.3979560434818268,8.604683876037598,-0.22518524527549744,0.7504136562347412,278.60223388671875,1501,1502,1000,1500,1000,1000,1000,2000,1000,1500,0,0,0,0,1494,1505,1579,1498,1540,1427,1584,1465,0,1503,0,0,0,1500,0,-0.13534240424633026,98547.46875,46.44,-0.7828239798545837,27925277,0.0,25.329750061035156,1,0,0.28,4,25,-1,,,
auto,00000003.BIN,C:\Users\Siya Bhadu\OneDrive\Desktop\ardupilot_parse\data\auto\00000003.BIN,00000003__descent_002,2,26465.171214,8.400000000001455,POS.RelHomeAlt,-0.05652705207467079,-0.05142537131905556,-5.0,0.2880310826045466,4.439637184143066,ARSP.Airspeed,-0.39574453234672546,-0.39574453234672546,89.80191427804397,ArduPilot_AOA.AOA,8.630245208740234,8.630245208740234,-16.819319033853557,ArduPilot_AOA.SSA,ArduPilot_AOA,ground_relative_approx,0.014706069007097512,-0.014646628871560097,-0.0013208816526457667,0.04952140152454376,-0.28,-0.28,275.43,-0.28,-0.28,0.0,0.0,0.0,1502.0,1502.0,1000.0,1500.0,0.004,0.004,0.0,0.0,0.02000000000029104,-0.02000000000029104,0.0,0.0,1493.0,1505.0,1579.0,1498.0,0.0,26.0,0.0,0.007006904575973749,-0.004809974692761898,-0.0008204799960367382,0.1415761411190033,0.02037472277879715,-9.854470252990723,32.9473587,-118.5318902,13.875611305236816,7.319267749786377,2.239813804626465,,,,0.00017095710200905163,-0.014947726835600498,0.04944869978790282,0.00017095710200905163,-0.014947726835600498,0.04944869978790282,2,4,346333600,2436,28,0.52,32.947359,-118.5318878,261.1,0.02805425599217415,248.2210693359375,0.04414798691868782,0.0,1,32.9473587,-118.5318902,261.0199890136719,-0.05652705207467079,-2.1965270042419434,-0.28,-0.28,-0.28,-0.28,0.0,275.43,0.0,0.03,3,0,0.007006904575973749,-0.004809974692761898,-0.0008204799960367382,0.1415761411190033,0.02037472277879715,-9.854470252990723,0,0,45.0,1,1,3276,3276,-0.18,0.73,278.58,260.94000244140625,32.947359,-118.5318878,0.7580265402793884,0.002978545380756259,0.0059104859828948975,-0.6521900296211243,2,0.16,0.53,276.67,-0.014646628871560097,-0.0013208816526457667,0.04952140152454376,0.2772681415081024,13.875611305236816,7.319267749786377,2.239813804626465,0.28,-0.11,0.01,261.07,2,0.18,-0.05,0.03,-1.08,3.92,239,48,385,14,-12,-21,0.0,0.0,-0.005415600724518299,-0.28,-0.28,-0.28,-0.28,0.0,26.0,0.0,3.7118570804595947,1,3.914344310760498,1.0323870182037354,0,147.6788330078125,-79.28,-74.02,10.54,4.174069404602051,0.00544491782784462,17.433578491210938,32.9471741,-118.5303247,259.72,12.52,23.0,,,,,,,,,,,,,,,0,4.439637184143066,13.350241661071777,25.32,13.350241661071777,-2.490830183029175,1,1,1.0,0.33152395486831665,0,-0.39574453234672546,8.630245208740234,-0.183010533452034,0.7360288500785828,278.5829162597656,1502,1502,1000,1500,1000,1000,1000,2000,1000,1500,0,0,0,0,1493,1505,1579,1498,1539,1428,1584,1464,0,1503,0,0,0,1500,0,-0.19008328020572662,98548.09375,46.44,-1.1595371961593628,27925376,0.0,25.329750061035156,1,0,0.28,4,25,-1,,,
auto,00000003.BIN,C:\Users\Siya Bhadu\OneDrive\Desktop\ardupilot_parse\data\auto\00000003.BIN,00000003__descent_002,2,26465.221214,8.450000000000728,POS.RelHomeAlt,-0.06562820076942444,-0.061077626422047615,-5.0,0.18468018621475035,4.439637184143066,ARSP.Airspeed,-0.39574453234672546,-0.39574453234672546,90.9980807279217,ArduPilot_AOA.AOA,8.630245208740234,8.630245208740234,-18.1365253015477,ArduPilot_AOA.SSA,ArduPilot_AOA,ground_relative_approx,0.0160494931408385,-0.016043923795223236,-0.0004227757453918457,0.04963118955492973,-0.26,-0.27,275.43,-0.26,-0.27,0.0,0.0,0.0,1502.0,1501.0,1000.0,1500.0,0.004,0.002,0.0,0.0,-0.02000000000029104,-0.02000000000029104,0.0,0.0,1494.0,1505.0,1579.0,1498.0,0.0,26.0,0.0,0.005903922487050295,-0.0012553284177556634,-0.0014601846924051642,0.1053507998585701,0.008527019061148167,-9.849837303161621,32.9473587,-118.5318902,13.876577377319336,7.318751335144043,2.2468342781066895,,,,-0.0008634583457909171,-0.01623700915549785,0.04956263895399993,-0.0008634583457909171,-0.01623700915549785,0.04956263895399993,2,4,346333800,2436,28,0.52,32.9473591,-118.5318868,261.04,0.019652243703603745,26.593833923339844,0.027302831411361694,0.0,1,32.9473587,-118.5318902,261.0099792480469,-0.06562820076942444,-2.2056281566619873,-0.26,-0.26,-0.27,-0.27,0.0,275.43,0.0,0.03,3,0,0.005903922487050295,-0.0012553284177556634,-0.0014601846924051642,0.1053507998585701,0.008527019061148167,-9.849837303161621,0,0,45.0,1,1,3276,3276,-0.16,0.74,278.57,260.8800048828125,32.947359,-118.5318878,0.7579627633094788,0.0031033139675855637,0.0058615002781152725,-0.6522641181945801,2,0.18,0.54,276.67,-0.016043923795223236,-0.0004227757453918457,0.04963118955492973,0.20917879045009613,13.876577377319336,7.318751335144043,2.2468342781066895,0.28,-0.11,0.01,261.07,0,0.18,0.0,-0.02,-1.0,3.93,239,48,385,10,-9,-23,0.0,0.0,-0.044091660529375076,-0.26,-0.26,-0.27,-0.27,0.0,26.0,0.0,3.9443161487579346,1,3.914344310760498,1.0323870182037354,0,147.6788330078125,-79.28,-74.02,10.54,4.174069404602051,0.00544491782784462,17.433578491210938,32.9471741,-118.5303247,259.72,12.52,23.0,,,,,,,,,,,,,,,0,4.439637184143066,13.350241661071777,25.32,13.350241661071777,-2.490830183029175,1,1,1.0,0.33152395486831665,0,-0.39574453234672546,8.630245208740234,-0.183010533452034,0.7360288500785828,278.5829162597656,1502,1501,1000,1500,1000,1000,1000,2000,1000,1500,0,0,0,0,1494,1505,1579,1498,1539,1428,1584,1465,0,1503,0,0,0,1501,0,-0.19008328020572662,98548.09375,46.44,-1.1595371961593628,27925376,0.0,25.329750061035156,1,0,0.28,4,25,-1,,,
auto,00000003.BIN,C:\Users\Siya Bhadu\OneDrive\Desktop\ardupilot_parse\data\auto\00000003.BIN,00000003__descent_002,2,26465.271214,8.5,POS.RelHomeAlt,-0.07415857911109924,-0.06989338994026184,-5.0,0.1952552609089241,4.55186128616333,ARSP.Airspeed,-0.38848981261253357,-0.38848981261253357,-152.43184037353868,ArduPilot_AOA.AOA,8.614906311035156,8.614906311035156,-75.11918409510056,ArduPilot_AOA.SSA,ArduPilot_AOA,ground_relative_approx,0.01435362800077291,-0.01422126591205597,0.0019447962986305356,-0.001669553341343999,-0.26,-0.27,275.43,-0.26,-0.27,0.0,0.0,0.0,1501.0,1501.0,1000.0,1500.0,0.002,0.002,0.0,0.0,-2.9103872090097127e-12,0.0,0.0,0.0,1494.0,1505.0,1579.0,1498.0,0.0,26.0,0.0,-0.00378412171266973,-0.0037322856951504946,-0.0038727910723537207,0.1114317923784256,0.10258107632398605,-9.822894096374512,32.9473587,-118.5318902,13.876994132995605,7.329286575317383,2.219197988510132,,,,-0.0032896526004314295,-0.013965763713791976,-0.0017174617326657263,-0.0032896526004314295,-0.013965763713791976,-0.0017174617326657263,2,4,346333800,2436,28,0.52,32.9473591,-118.5318868,261.04,0.019652243703603745,26.593833923339844,0.027302831411361694,0.0,1,32.9473587,-118.5318902,261.0,-0.07415857911109924,-2.214158535003662,-0.26,-0.26,-0.27,-0.27,0.0,275.43,0.0,0.03,3,0,-0.00378412171266973,-0.0037322856951504946,-0.0038727910723537207,0.1114317923784256,0.10258107632398605,-9.822894096374512,0,0,45.0,1,1,3276,3276,-0.17,0.73,278.55,260.8800048828125,32.947359,-118.5318878,0.7578726410865784,0.0030619436874985695,0.005851082503795624,-0.6523691415786743,1,-0.11,-0.22,275.48,-0.01422126591205597,0.0019447962986305356,-0.001669553341343999,0.20012842118740082,13.876994132995605,7.329286575317383,2.219197988510132,-0.05,-0.03,-0.02,261.07,2,0.18,-0.05,0.03,-1.08,3.92,239,48,385,14,-12,-21,0.0,0.0,-0.005415600724518299,-0.26,-0.26,-0.27,-0.27,0.0,26.0,0.0,3.9443161487579346,1,3.914344310760498,1.0323870182037354,0,147.6788330078125,-79.28,-74.02,10.54,4.174069404602051,0.00544491782784462,17.433578491210938,32.9471741,-118.5303247,259.72,12.52,23.0,,,,,,,,,,,,,,,0,4.55186128616333,14.03370189666748,25.32,14.03370189666748,-2.490830183029175,1,1,1.0,0.33152395486831665,0,-0.38848981261253357,8.614906311035156,-0.18021966516971588,0.7341780066490173,278.54840087890625,1501,1501,1000,1500,1000,1000,1000,2000,1000,1500,0,0,0,0,1494,1505,1579,1498,1539,1428,1584,1465,0,1503,0,0,0,1500,0,-0.10797196626663208,98547.1640625,46.44,-0.9357269406318665,27925477,0.0,25.329750061035156,1,0,0.28,4,25,-1,,,
auto,00000003.BIN,C:\Users\Siya Bhadu\OneDrive\Desktop\ardupilot_parse\data\auto\00000003.BIN,00000003__descent_002,2,26465.321214000003,8.55000000000291,POS.RelHomeAlt,-0.08704772591590881,-0.08060315251350403,-5.0,0.19652128219046927,4.55186128616333,ARSP.Airspeed,-0.38848981261253357,-0.38848981261253357,90.73833190899886,ArduPilot_AOA.AOA,8.614906311035156,8.614906311035156,-13.884060492522936,ArduPilot_AOA.SSA,ArduPilot_AOA,ground_relative_approx,0.012298385563711269,-0.012295451946556568,-0.0002686054795049131,0.050716668367385864,-0.29,-0.27,275.41,-0.29,-0.27,0.0,0.0,0.0,1502.0,1501.0,1000.0,1500.0,0.004,0.002,0.0,0.0,0.01999999999810825,0.0,0.0,0.0,1494.0,1505.0,1579.0,1498.0,0.0,26.0,0.0,-0.009349903091788292,-0.005357065703719854,-0.004073574673384428,0.1224903091788292,0.07143431156873703,-9.819913864135742,32.9473587,-118.5318902,13.87881851196289,7.317485809326172,2.265399932861328,,,,-0.0006528259940794113,-0.012522567171375776,0.05065757463026566,-0.0006528259940794113,-0.012522567171375776,0.05065757463026566,2,4,346333800,2436,28,0.52,32.9473591,-118.5318868,261.04,0.019652243703603745,26.593833923339844,0.027302831411361694,0.0,1,32.9473587,-118.5318902,260.989990234375,-0.08704772591590881,-2.2270476818084717,-0.29,-0.29,-0.27,-0.27,0.0,275.41,0.01,0.03,3,0,-0.009349903091788292,-0.005357065703719854,-0.004073574673384428,0.1224903091788292,0.07143431156873703,-9.819913864135742,0,0,45.0,1,1,3276,3276,-0.2,0.73,278.52,260.9700012207031,32.9473591,-118.5318868,0.7576702237129211,0.0028340970166027546,0.006003150716423988,-0.652603805065155,2,0.14,0.53,276.66,-0.012295451946556568,-0.0002686054795049131,0.050716668367385864,0.10740764439105988,13.87881851196289,7.317485809326172,2.265399932861328,0.28,-0.11,0.01,261.07,2,0.18,-0.05,0.03,-1.08,3.92,239,48,385,14,-12,-21,0.0,0.0,-0.005415600724518299,-0.29,-0.29,-0.27,-0.27,0.0,26.0,0.0,4.135961055755615,1,3.896838903427124,1.0323870182037354,0,147.6788330078125,-79.28,-74.02,10.56,4.174069404602051,0.00544491782784462,17.20111846923828,32.9471741,-118.5303247,259.72,12.52,23.0,,,,,,,,,,,,,,,0,4.55186128616333,14.03370189666748,25.32,14.03370189666748,-2.490830183029175,1,1,1.0,0.33152395486831665,0,-0.38848981261253357,8.614906311035156,-0.18021966516971588,0.7341780066490173,278.54840087890625,1502,1501,1000,1500,1000,1000,1000,2000,1000,1500,0,0,0,0,1494,1505,1579,1498,1540,1427,1584,1465,0,1503,0,0,0,1500,0,-0.10797196626663208,98547.1640625,46.44,-0.9357269406318665,27925477,0.0,25.329750061035156,1,0,0.28,4,25,-1,,,
auto,00000003.BIN,C:\Users\Siya Bhadu\OneDrive\Desktop\ardupilot_parse\data\auto\00000003.BIN,00000003__descent_002,2,26465.371214000003,8.600000000002183,POS.RelHomeAlt,-0.09204331040382385,-0.08954551815986633,-5.0,0.13528704643446388,4.311518669128418,ARSP.Airspeed,-0.39770132303237915,-0.39770132303237915,89.75530123264068,ArduPilot_AOA.AOA,8.644449234008789,8.644449234008789,-16.16311380913846,ArduPilot_AOA.SSA,ArduPilot_AOA,ground_relative_approx,0.014120176605820635,-0.014059592969715595,-0.0013066112296655774,0.04975663125514984,-0.32,-0.27,275.4,-0.32,-0.27,0.0,0.0,0.0,1502.0,1501.0,1000.0,1500.0,0.004,0.002,0.0,0.0,-0.02000000000029104,0.02000000000029104,0.0,0.0,1494.0,1505.0,1579.0,1498.0,0.0,26.0,0.0,-0.012455816380679607,-0.0043967412784695625,-0.008120715618133545,0.13665494322776794,-0.0013796985149383545,-9.883739471435547,32.9473587,-118.5318902,13.879305839538574,7.317068576812744,2.2703845500946045,,,,0.0002121598432134139,-0.014397828264027962,0.04967654648544929,0.0002121598432134139,-0.014397828264027962,0.04967654648544929,2,4,346333800,2436,28,0.52,32.9473591,-118.5318868,261.04,0.019652243703603745,26.593833923339844,0.027302831411361694,0.0,1,32.9473587,-118.5318902,260.97998046875,-0.09204331040382385,-2.2320432662963867,-0.32,-0.32,-0.27,-0.27,0.0,275.4,0.01,0.03,3,0,-0.012455816380679607,-0.0043967412784695625,-0.008120715618133545,0.13665494322776794,-0.0013796985149383545,-9.883739471435547,0,0,45.0,1,1,3276,3276,-0.21,0.74,278.49,260.9700012207031,32.9473591,-118.5318868,0.7575193047523499,0.002772644395008683,0.006145640276372433,-0.6527780294418335,2,0.12,0.54,276.64,-0.014059592969715595,-0.0013066112296655774,0.04975663125514984,0.09045626223087311,13.879305839538574,7.317068576812744,2.2703845500946045,0.28,-0.11,0.01,261.07,2,0.18,-0.05,0.03,-1.08,3.92,239,48,385,14,-12,-21,0.0,0.0,-0.005415600724518299,-0.32,-0.32,-0.27,-0.27,0.0,26.0,0.0,4.135961055755615,1,3.896838903427124,1.0323870182037354,0,147.6788330078125,-79.28,-74.02,10.58,4.174069404602051,0.00544491782784462,17.00947380065918,32.9471741,-118.5303247,259.72,12.52,23.0,,,,,,,,,,,,,,,0,4.311518669128418,12.590842247009277,25.32,12.590842247009277,-2.490830183029175,1,1,1.0,0.33152395486831665,0,-0.39770132303237915,8.644449234008789,-0.2190488576889038,0.7408970594406128,278.4936828613281,1502,1501,1000,1500,1000,1000,1000,2000,1000,1500,0,0,0,0,1494,1505,1579,1498,1540,1427,1584,1465,0,1503,0,0,0,1500,0,0.27521416544914246,98542.828125,46.43,-0.1739707589149475,27925576,0.0,25.329750061035156,1,0,0.28,4,25,-1,,,
auto,00000003.BIN,C:\Users\Siya Bhadu\OneDrive\Desktop\ardupilot_parse\data\auto\00000003.BIN,00000003__descent_002,2,26465.421214,8.650000000001455,POS.RelHomeAlt,-0.09622040390968323,-0.09413185715675354,-5.0,0.0880551338208615,4.311518669128418,ARSP.Airspeed,-0.39770132303237915,-0.39770132303237915,90.84697484256138,ArduPilot_AOA.AOA,8.644449234008789,8.644449234008789,-14.581191467057447,ArduPilot_AOA.SSA,ArduPilot_AOA,ground_relative_approx,0.013178624336891912,-0.01317646075040102,-0.00023879176296759397,0.05168995261192322,-0.32,-0.26,275.38,-0.32,-0.26,0.0,0.0,0.0,1501.0,1502.0,1000.0,1500.0,0.002,0.004,0.0,0.0,-0.02000000000029104,0.02000000000029104,0.0,0.0,1494.0,1505.0,1579.0,1498.0,0.0,26.0,0.0,-0.008182412944734097,-0.0012639117194339633,-0.008833848871290684,0.1322583705186844,0.0806281641125679,-9.832625389099121,32.9473587,-118.5318902,13.880282402038574,7.3181023597717285,2.274534225463867,,,,-0.0007631245230773354,-0.013429311522974687,0.05161974983876777,-0.0007631245230773354,-0.013429311522974687,0.05161974983876777,2,4,346334000,2436,28,0.52,32.947359,-118.5318882,261.17,0.03646765276789665,65.06951141357422,0.0002407170832157135,0.0,1,32.9473587,-118.5318902,260.97998046875,-0.09622040390968323,-2.236220359802246,-0.32,-0.32,-0.26,-0.26,0.0,275.38,0.01,0.03,3,0,-0.008182412944734097,-0.0012639117194339633,-0.008833848871290684,0.1322583705186844,0.0806281641125679,-9.832625389099121,0,0,45.0,1,1,3276,3276,-0.21,0.75,278.46,261.3500061035156,32.9473591,-118.5318868,0.7573729753494263,0.0028622078243643045,0.006251070182770491,-0.6529462933540344,2,0.12,0.55,276.63,-0.01317646075040102,-0.00023879176296759397,0.05168995261192322,0.07889313250780106,13.880282402038574,7.3181023597717285,2.274534225463867,0.28,-0.11,0.01,261.07,2,0.18,-0.05,0.03,-1.08,3.92,239,48,385,14,-12,-21,0.0,0.0,-0.005415600724518299,-0.32,-0.32,-0.26,-0.26,0.0,26.0,0.0,4.189401149749756,1,3.896838903427124,1.0323870182037354,0,147.6788330078125,-79.28,-74.02,10.58,4.174069404602051,0.00544491782784462,17.00947380065918,32.9471741,-118.5303247,259.72,12.52,23.0,,,,,,,,,,,,,,,0,4.311518669128418,12.590842247009277,25.32,12.590842247009277,-2.490830183029175,1,1,1.0,0.33152395486831665,0,-0.39770132303237915,8.644449234008789,-0.2190488576889038,0.7408970594406128,278.4936828613281,1501,1502,1000,1500,1000,1000,1000,2000,1000,1500,0,0,0,0,1494,1505,1579,1498,1540,1427,1584,1465,0,1503,0,0,0,1500,0,0.27521416544914246,98542.828125,46.43,-0.1739707589149475,27925576,0.0,25.329750061035156,1,0,0.28,4,25,-1,,,
auto,00000003.BIN,C:\Users\Siya Bhadu\OneDrive\Desktop\ardupilot_parse\data\auto\00000003.BIN,00000003__descent_002,2,26465.471214,8.700000000000728,POS.RelHomeAlt,-0.10048165917396545,-0.09835103154182434,-5.0,0.07903933525200457,4.873051643371582,ARSP.Airspeed,-0.3732128143310547,-0.3732128143310547,174.7897327557045,ArduPilot_AOA.AOA,8.667075157165527,8.667075157165527,-74.7493026120664,ArduPilot_AOA.SSA,ArduPilot_AOA,ground_relative_approx,0.011491442266974801,-0.011322730220854282,0.0019618934020400047,0.0003184776578564197,-0.3,-0.27,275.37,-0.3,-0.27,0.0,0.0,0.0,1501.0,1502.0,1000.0,1500.0,0.002,0.004,0.0,0.0,0.0,0.0,0.0,0.0,1493.0,1505.0,1579.0,1498.0,0.0,26.0,0.0,0.006205404177308083,-0.005415438674390316,-0.0052002426236867905,0.14409007132053375,0.12893055379390717,-9.787271499633789,32.9473587,-118.5318902,13.880194664001465,7.3314528465271,2.245673656463623,,,,-0.003011409256570112,-0.011091018006566665,0.0002746038259501746,-0.003011409256570112,-0.011091018006566665,0.0002746038259501746,2,4,346334000,2436,28,0.52,32.947359,-118.5318882,261.17,0.03646765276789665,65.06951141357422,0.0002407170832157135,0.0,1,32.9473587,-118.5318902,260.9700012207031,-0.10048165917396545,-2.2404816150665283,-0.3,-0.3,-0.27,-0.27,0.0,275.37,0.01,0.03,3,0,0.006205404177308083,-0.005415438674390316,-0.0052002426236867905,0.14409007132053375,0.12893055379390717,-9.787271499633789,0,0,45.0,1,1,3276,3276,-0.19,0.76,278.44,261.3500061035156,32.9473591,-118.5318868,0.7572646737098694,0.0030283627565950155,0.006148004904389381,-0.6530721783638,1,-0.15,-0.22,275.42,-0.011322730220854282,0.0019618934020400047,0.0003184776578564197,0.05375044420361519,13.880194664001465,7.3314528465271,2.245673656463623,-0.05,-0.03,-0.02,261.07,0,0.18,0.0,-0.02,-1.0,3.93,239,48,385,10,-9,-23,0.0,0.0,-0.044091660529375076,-0.3,-0.3,-0.27,-0.27,0.0,26.0,0.0,4.189401149749756,1,3.896838903427124,1.0323870182037354,0,147.6788330078125,-79.28,-74.02,10.58,4.174069404602051,0.00544491782784462,17.00947380065918,32.9471741,-118.5303247,259.72,12.52,23.0,,,,,,,,,,,,,,,0,4.873051643371582,16.08407974243164,25.32,16.08407974243164,-2.490830183029175,1,1,1.0,0.33152395486831665,0,-0.3732128143310547,8.667075157165527,-0.1763036996126175,0.7600359916687012,278.4443359375,1501,1502,1000,1500,1000,1000,1000,2000,1000,1500,0,0,0,0,1493,1505,1579,1498,1539,1428,1584,1464,0,1503,0,0,0,1500,0,0.07814701646566391,98545.0546875,46.45,0.6842138767242432,27925677,0.0,25.329750061035156,1,0,0.28,4,25,-1,,,
auto,00000003.BIN,C:\Users\Siya Bhadu\OneDrive\Desktop\ardupilot_parse\data\auto\00000003.BIN,00000003__descent_002,2,26465.521214,8.75,POS.RelHomeAlt,-0.10657945275306702,-0.10203579068183899,-5.0,0.044065713883640334,4.873051643371582,ARSP.Airspeed,-0.3732128143310547,-0.3732128143310547,90.79401312872511,ArduPilot_AOA.AOA,8.667075157165527,8.667075157165527,-10.550073074483459,ArduPilot_AOA.SSA,ArduPilot_AOA,ground_relative_approx,0.009475554541914686,-0.009475262835621834,7.435100997099653e-05,0.0517597496509552,-0.23,-0.27,275.37,-0.23,-0.27,0.0,0.0,0.0,1501.0,1502.0,1000.0,1500.0,0.002,0.004,0.0,0.0,0.0,0.0,0.0,0.0,1493.0,1505.0,1579.0,1498.0,0.0,26.0,0.0,0.013951128348708153,-0.006271489430218935,-0.002675215946510434,0.1596030443906784,0.05054432153701782,-9.899264335632324,32.9473588,-118.5318902,13.884321212768555,7.32412052154541,2.285799503326416,,,,-0.0007168645158566551,-0.009634434903776856,0.05172544429153943,-0.0007168645158566551,-0.009634434903776856,0.05172544429153943,2,4,346334000,2436,28,0.52,32.947359,-118.5318882,261.17,0.03646765276789665,65.06951141357422,0.0002407170832157135,0.0,1,32.9473588,-118.5318902,260.9700012207031,-0.10657945275306702,-2.24657940864563,-0.23,-0.23,-0.27,-0.27,0.0,275.37,0.01,0.03,3,0,0.013951128348708153,-0.006271489430218935,-0.002675215946510434,0.1596030443906784,0.05054432153701782,-9.899264335632324,0,0,45.0,1,1,3276,3276,-0.11,0.76,278.42,261.1499938964844,32.947359,-118.5318882,0.7571480870246887,0.003621496260166168,0.005735368002206087,-0.6532080769538879,2,0.21,0.54,276.62,-0.009475262835621834,7.435100997099653e-05,0.0517597496509552,0.05398779734969139,13.884321212768555,7.32412052154541,2.285799503326416,0.28,-0.11,0.01,261.07,2,0.18,-0.05,0.03,-1.08,3.92,239,48,385,14,-12,-21,0.0,0.0,-0.005415600724518299,-0.23,-0.23,-0.27,-0.27,0.0,26.0,0.0,4.405649185180664,1,3.9069578647613525,1.0323870182037354,0,147.68038940429688,-79.28,-74.02,10.59,4.174069404602051,0.00544491782784462,16.95603370666504,32.9471741,-118.5303247,259.72,12.52,23.0,,,,,,,,,,,,,,,0,4.873051643371582,16.08407974243164,25.32,16.08407974243164,-2.490830183029175,1,1,1.0,0.33152395486831665,0,-0.3732128143310547,8.667075157165527,-0.1763036996126175,0.7600359916687012,278.4443359375,1501,1502,1000,1500,1000,1000,1000,2000,1000,1500,0,0,0,0,1493,1505,1579,1498,1540,1427,1584,1464,0,1503,0,0,0,1500,0,0.07814701646566391,98545.0546875,46.45,0.6842138767242432,27925677,0.0,25.329750061035156,1,0,0.28,4,25,-1,,,
auto,00000003.BIN,C:\Users\Siya Bhadu\OneDrive\Desktop\ardupilot_parse\data\auto\00000003.BIN,00000003__descent_002,2,26465.571214000003,8.80000000000291,POS.RelHomeAlt,-0.1088506281375885,-0.10275760293006897,-5.0,0.0072181224816170175,5.228232383728027,ARSP.Airspeed,-0.396866112947464,-0.396866112947464,91.21758634646085,ArduPilot_AOA.AOA,8.709561347961426,8.709561347961426,-8.699412434267249,ArduPilot_AOA.SSA,ArduPilot_AOA,ground_relative_approx,0.008124541301785132,-0.008100533857941628,0.0006241174414753914,0.05355728417634964,-0.2,-0.26,275.38,-0.2,-0.26,0.0,0.0,0.0,1501.0,1502.0,1000.0,1500.0,0.002,0.004,0.0,0.0,0.020000000001018634,-0.020000000001018634,0.0,0.0,1493.0,1505.0,1579.0,1498.0,0.0,26.0,0.0,0.012052629142999649,-0.0012002072762697935,-1.3854464668838773e-05,0.13107915222644806,0.06372464448213577,-9.769712448120117,32.9473588,-118.5318902,13.885346412658691,7.325664520263672,2.288959503173828,,,,-0.0011378318820672007,-0.00819325224903514,0.05353472532760877,-0.0011378318820672007,-0.00819325224903514,0.05353472532760877,2,4,346334000,2436,28,0.52,32.947359,-118.5318882,261.17,0.03646765276789665,65.06951141357422,0.0002407170832157135,0.0,1,32.9473588,-118.5318902,260.9700012207031,-0.1088506281375885,-2.2488505840301514,-0.2,-0.2,-0.26,-0.26,0.0,275.38,0.01,0.03,3,0,0.012052629142999649,-0.0012002072762697935,-1.3854464668838773e-05,0.13107915222644806,0.06372464448213577,-9.769712448120117,0,0,45.0,1,1,3276,3276,-0.09,0.77,278.42,261.1499938964844,32.947359,-118.5318882,0.7571218013763428,0.003843629965558648,0.005665476433932781,-0.6532378196716309,2,0.24,0.55,276.63,-0.008100533857941628,0.0006241174414753914,0.05355728417634964,0.052243273705244064,13.885346412658691,7.325664520263672,2.288959503173828,0.28,-0.11,0.01,261.07,2,0.18,-0.05,0.03,-1.08,3.92,239,48,385,14,-12,-21,0.0,0.0,-0.005415600724518299,-0.2,-0.2,-0.26,-0.26,0.0,26.0,0.0,4.405649185180664,1,3.9069578647613525,1.0323870182037354,0,147.68038940429688,-79.28,-74.02,10.59,4.174069404602051,0.00544491782784462,16.73978614807129,32.9471741,-118.5303247,259.72,12.52,23.0,,,,,,,,,,,,,,,0,5.228232383728027,18.514156341552734,25.32,18.514156341552734,-2.490830183029175,1,1,1.0,0.33152395486831665,0,-0.396866112947464,8.709561347961426,-0.0906270444393158,0.7792766094207764,278.4248352050781,1501,1502,1000,1500,1000,1000,1000,2000,1000,1500,0,0,0,0,1493,1505,1579,1498,1539,1428,1584,1464,0,1503,0,0,0,1500,0,-0.11892014741897583,98547.2890625,46.44,1.036726713180542,27925776,0.0,25.329750061035156,1,0,0.28,4,25,-1,,,
auto,00000003.BIN,C:\Users\Siya Bhadu\OneDrive\Desktop\ardupilot_parse\data\auto\00000003.BIN,00000003__descent_002,2,26465.621214000003,8.850000000002183,POS.RelHomeAlt,-0.1106502115726471,-0.10275760293006897,-5.0,-0.0,5.228232383728027,ARSP.Airspeed,-0.396866112947464,-0.396866112947464,91.28407591049081,ArduPilot_AOA.AOA,8.709561347961426,8.709561347961426,-6.253141231787054,ArduPilot_AOA.SSA,ArduPilot_AOA,ground_relative_approx,0.005847738380345998,-0.005777557380497456,0.0009032579255290329,0.05351180583238602,-0.21,-0.26,275.39,-0.21,-0.26,0.0,0.0,0.0,1502.0,1501.0,1000.0,1500.0,0.004,0.002,0.0,0.0,0.02000000000029104,-0.02000000000029104,0.0,0.0,1493.0,1505.0,1579.0,1498.0,0.0,26.0,0.0,0.00023580584092997015,-0.005100801587104797,0.002397743985056877,0.15046057105064392,0.10894647985696793,-9.799657821655273,32.9473588,-118.5318901,13.887029647827148,7.326640605926514,2.2911572456359863,,,,-0.0011991334449209794,-0.00586327852646516,0.05349666766734464,-0.0011991334449209794,-0.00586327852646516,0.05349666766734464,2,4,346334200,2436,28,0.52,32.947359,-118.5318884,261.2,0.01788083091378212,113.65840148925781,0.00428185798227787,0.0,1,32.9473588,-118.5318901,260.9599914550781,-0.1106502115726471,-2.25065016746521,-0.21,-0.21,-0.26,-0.26,0.0,275.39,0.01,0.03,3,0,0.00023580584092997015,-0.005100801587104797,0.002397743985056877,0.15046057105064392,0.10894647985696793,-9.799657821655273,0,0,45.0,1,1,3276,3276,-0.09,0.77,278.42,260.9599914550781,32.947359,-118.5318882,0.7571273446083069,0.0037815512623637915,0.005698224995285273,-0.6532315611839294,2,0.23,0.54,276.64,-0.005777557380497456,0.0009032579255290329,0.05351180583238602,0.04485373571515083,13.887029647827148,7.326640605926514,2.2911572456359863,0.28,-0.11,0.01,261.07,2,0.18,-0.05,0.03,-1.08,3.92,239,48,385,14,-12,-21,0.0,0.0,-0.005415600724518299,-0.21,-0.21,-0.26,-0.26,0.0,26.0,0.0,4.667670249938965,1,3.9069578647613525,1.0323870182037354,0,147.68038940429688,-79.28,-74.02,10.59,4.174069404602051,0.00544491782784462,16.73978614807129,32.9471741,-118.5303247,259.72,12.52,23.0,,,,,,,,,,,,,,,0,5.228232383728027,18.514156341552734,25.32,18.514156341552734,-2.490830183029175,1,1,1.0,0.33152395486831665,0,-0.396866112947464,8.709561347961426,-0.0906270444393158,0.7792766094207764,278.4248352050781,1502,1501,1000,1500,1000,1000,1000,2000,1000,1500,0,0,0,0,1493,1505,1579,1498,1539,1428,1584,1464,0,1503,0,0,0,1500,0,-0.11892014741897583,98547.2890625,46.44,1.036726713180542,27925776,0.0,25.329750061035156,1,0,0.28,4,25,-1,,,
auto,00000003.BIN,C:\Users\Siya Bhadu\OneDrive\Desktop\ardupilot_parse\data\auto\00000003.BIN,00000003__descent_002,2,26465.671214,8.900000000001455,POS.RelHomeAlt,-0.11077442765235901,-0.10275760293006897,-5.0,-0.0,5.0869317054748535,ARSP.Airspeed,-0.36677128076553345,-0.36677128076553345,159.68261392357877,ArduPilot_AOA.AOA,8.747635841369629,8.747635841369629,-67.87413268312949,ArduPilot_AOA.SSA,ArduPilot_AOA,ground_relative_approx,0.007360876995357145,-0.007092571817338467,0.001969247357919812,0.0009889265056699514,-0.25,-0.27,275.4,-0.25,-0.27,0.0,0.0,0.0,1502.0,1501.0,1000.0,1500.0,0.004,0.002,0.0,0.0,-0.02000000000029104,0.02000000000029104,0.0,0.0,1494.0,1505.0,1579.0,1498.0,0.0,26.0,0.0,-0.021709365770220757,-0.007994129322469234,0.001547922962345183,0.16559003293514252,0.02433343231678009,-9.855369567871094,32.9473588,-118.5318901,13.885744094848633,7.338549613952637,2.25650954246521,,,,-0.0026232883709561253,-0.006880075712350014,0.0009712888805769465,-0.0026232883709561253,-0.006880075712350014,0.0009712888805769465,2,4,346334200,2436,28,0.52,32.947359,-118.5318884,261.2,0.01788083091378212,113.65840148925781,0.00428185798227787,0.0,1,32.9473588,-118.5318901,260.9599914550781,-0.11077442765235901,-2.250774383544922,-0.25,-0.25,-0.27,-0.27,0.0,275.4,0.01,0.03,3,0,-0.021709365770220757,-0.007994129322469234,0.001547922962345183,0.16559003293514252,0.02433343231678009,-9.855369567871094,0,0,45.0,1,1,3276,3276,-0.14,0.77,278.42,260.9599914550781,32.947359,-118.5318881,0.7571226358413696,0.0034772653598338366,0.005904228892177343,-0.6532368063926697,1,-0.1,-0.22,275.45,-0.007092571817338467,0.001969247357919812,0.0009889265056699514,0.004631062503904104,13.885744094848633,7.338549613952637,2.25650954246521,-0.05,-0.03,-0.02,261.07,2,0.18,-0.05,0.03,-1.08,3.92,239,48,385,14,-12,-21,0.0,0.0,-0.005415600724518299,-0.25,-0.25,-0.27,-0.27,0.0,26.0,0.0,4.667670249938965,1,3.9069578647613525,1.0323870182037354,0,147.68038940429688,-79.28,-74.02,10.59,4.174069404602051,0.00544491782784462,16.73978614807129,32.9471741,-118.5303247,259.72,12.52,23.0,,,,,,,,,,,,,,,0,5.0869317054748535,17.52693748474121,25.32,17.52693748474121,-2.490830183029175,1,1,1.0,0.33152395486831665,0,-0.36677128076553345,8.747635841369629,-0.1675972044467926,0.7718386054039001,278.4215393066406,1502,1501,1000,1500,1000,1000,1000,2000,1000,1500,0,0,0,0,1494,1505,1579,1498,1540,1427,1584,1465,0,1503,0,0,0,1500,0,0.056250665336847305,98545.3046875,46.44,0.4396376609802246,27925877,0.0,25.329750061035156,1,0,0.28,4,25,-1,,,
auto,00000003.BIN,C:\Users\Siya Bhadu\OneDrive\Desktop\ardupilot_parse\data\auto\00000003.BIN,00000003__descent_002,2,26465.721214,8.950000000000728,POS.RelHomeAlt,-0.10990801453590393,-0.10275760293006897,-5.0,-0.0,5.0869317054748535,ARSP.Airspeed,-0.36677128076553345,-0.36677128076553345,91.51468367142604,ArduPilot_AOA.AOA,8.747635841369629,8.747635841369629,-9.566708789658927,ArduPilot_AOA.SSA,ArduPilot_AOA,ground_relative_approx,0.008960911587126934,-0.008919874206185341,0.0008566099568270147,0.05420907214283943,-0.35,-0.27,275.37,-0.35,-0.27,0.0,0.0,0.0,1501.0,1502.0,1000.0,1500.0,0.002,0.004,0.0,0.0,0.0,0.0,0.0,0.02000000000029104,1494.0,1505.0,1579.0,1498.0,0.0,26.0,0.0,-0.027415892109274864,-0.005667022429406643,-0.005341209936887026,0.12878429889678955,-0.05533534660935402,-9.844301223754883,32.9473588,-118.5318901,13.891181945800781,7.328980445861816,2.2930495738983154,,,,-0.00143216285108202,-0.009131581243486082,0.05416165223312034,-0.00143216285108202,-0.009131581243486082,0.05416165223312034,2,4,346334200,2436,28,0.52,32.947359,-118.5318884,261.2,0.01788083091378212,113.65840148925781,0.00428185798227787,0.0,1,32.9473588,-118.5318901,260.9700012207031,-0.10990801453590393,-2.249907970428467,-0.35,-0.35,-0.27,-0.27,0.0,275.37,0.01,0.03,3,0,-0.027415892109274864,-0.005667022429406643,-0.005341209936887026,0.12878429889678955,-0.05533534660935402,-9.844301223754883,0,0,45.0,1,1,3276,3276,-0.24,0.77,278.37,261.1300048828125,32.947359,-118.5318884,0.7568364143371582,0.002856444101780653,0.006526093930006027,-0.653565526008606,2,0.09,0.54,276.62,-0.008919874206185341,0.0008566099568270147,0.05420907214283943,-0.002856920473277569,13.891181945800781,7.328980445861816,2.2930495738983154,0.28,-0.11,0.01,261.07,2,0.18,-0.05,0.03,-1.08,3.92,239,48,385,14,-12,-21,0.0,0.0,-0.005415600724518299,-0.35,-0.35,-0.27,-0.27,0.0,26.0,0.0,4.797297477722168,1,3.993027448654175,1.0323870182037354,0,147.67112731933594,-79.28,-74.02,10.6,4.174069404602051,0.00544491782784462,16.477764129638672,32.9471741,-118.5303247,259.72,12.52,23.0,,,,,,,,,,,,,,,0,5.0869317054748535,17.52693748474121,25.32,17.52693748474121,-2.490830183029175,1,1,1.0,0.33152395486831665,0,-0.36677128076553345,8.747635841369629,-0.1675972044467926,0.7718386054039001,278.4215393066406,1501,1502,1000,1500,1000,1000,1000,2000,1000,1500,0,0,0,0,1494,1505,1579,1498,1540,1427,1584,1465,0,1503,0,0,0,1500,0,0.056250665336847305,98545.3046875,46.44,0.4396376609802246,27925877,0.0,25.329750061035156,1,0,0.28,4,25,-1,,,
auto,00000003.BIN,C:\Users\Siya Bhadu\OneDrive\Desktop\ardupilot_parse\data\auto\00000003.BIN,00000003__descent_002,2,26465.771214,9.0,POS.RelHomeAlt,-0.10881558060646057,-0.10275760293006897,-5.0,-0.0,5.130823612213135,ARSP.Airspeed,-0.3525165617465973,-0.3525165617465973,93.92218444763891,ArduPilot_AOA.AOA,8.74626636505127,8.74626636505127,-10.95109551136121,ArduPilot_AOA.SSA,ArduPilot_AOA,ground_relative_approx,0.010481326659398793,-0.010077121667563915,0.0028826771304011345,0.05198395252227783,-0.34,-0.27,275.33,-0.34,-0.27,0.0,0.0,0.0,1502.0,1501.0,1000.0,1501.0,0.004,0.002,0.0,0.002,2.9103837395627608e-12,-2.9103872090097127e-12,0.0,2.9103830455463155e-12,1493.0,1505.0,1579.0,1498.0,0.0,35.0,0.0,-0.009717057459056377,-0.0020245376508682966,-0.018028875812888145,0.05919530242681503,-0.008149571716785431,-9.860426902770996,32.9473588,-118.5318901,13.89208698272705,7.32967472076416,2.2932167053222656,,,,-0.003561286371237782,-0.010074180959699367,0.051942445511861744,-0.003561286371237782,-0.010074180959699367,0.051942445511861744,2,4,346334200,2436,28,0.52,32.947359,-118.5318884,261.2,0.01788083091378212,113.65840148925781,0.00428185798227787,0.0,1,32.9473588,-118.5318901,260.9700012207031,-0.10881558060646057,-2.2488155364990234,-0.34,-0.34,-0.27,-0.27,0.0,275.33,0.01,0.03,3,0,-0.009717057459056377,-0.0020245376508682966,-0.018028875812888145,0.05919530242681503,-0.008149571716785431,-9.860426902770996,0,0,45.0,1,1,3276,3276,-0.24,0.78,278.32,261.1300048828125,32.947359,-118.5318884,0.7565415501594543,0.002885031048208475,0.006553025916218758,-0.6539064645767212,2,0.09,0.54,276.58,-0.010077121667563915,0.0028826771304011345,0.05198395252227783,-0.014711454510688782,13.89208698272705,7.32967472076416,2.2932167053222656,0.28,-0.11,0.01,261.07,2,0.18,-0.05,0.03,-1.08,3.92,239,48,385,14,-12,-21,0.0,0.0,-0.005415600724518299,-0.34,-0.34,-0.27,-0.27,0.0,35.0,0.0,4.797297477722168,1,3.993027448654175,1.0323870182037354,0,147.67112731933594,-79.28,-74.02,10.59,4.174069404602051,0.00544491782784462,16.34813690185547,32.9471741,-118.5303247,259.72,12.52,23.0,,,,,,,,,,,,,,,0,5.130823612213135,17.830698013305664,25.32,17.830698013305664,-2.490830183029175,1,1,1.0,0.33152395486831665,0,-0.3525165617465973,8.74626636505127,-0.24094165861606598,0.7843098640441895,278.3223571777344,1502,1501,1000,1501,1000,1000,1000,2000,1000,1500,0,0,0,0,1493,1505,1579,1498,1539,1428,1584,1464,0,1504,0,0,0,1500,0,0.11099154502153397,98544.6875,46.44,-0.31662723422050476,27925977,0.0,25.329750061035156,1,0,0.28,4,25,-1,,,
auto,00000003.BIN,C:\Users\Siya Bhadu\OneDrive\Desktop\ardupilot_parse\data\auto\00000003.BIN,00000003__descent_002,2,26465.821214000003,9.05000000000291,POS.RelHomeAlt,-0.10779586434364319,-0.10275760293006897,-5.0,-0.0,5.130823612213135,ARSP.Airspeed,-0.3525165617465973,-0.3525165617465973,95.97385320572367,ArduPilot_AOA.AOA,8.74626636505127,8.74626636505127,-8.86442909371376,ArduPilot_AOA.SSA,ArduPilot_AOA,ground_relative_approx,0.00989769336412927,-0.008523642085492611,0.005031089298427105,0.05301325023174286,-0.31,-0.27,275.29,-0.31,-0.27,0.0,0.0,0.0,1501.0,1502.0,1000.0,1500.0,0.002,0.004,0.0,0.0,-0.019999999998108246,0.01999999999810825,0.0,-0.01999999999810825,1494.0,1505.0,1579.0,1498.0,0.0,26.0,0.0,0.009660748764872551,-0.004059602972120047,-0.019776862114667892,0.07973334193229675,0.13379459083080292,-9.810342788696289,32.9473588,-118.5318901,13.89319896697998,7.329460144042969,2.2929091453552246,,,,-0.005545630944466116,-0.008310342927202034,0.05299578485053124,-0.005545630944466116,-0.008310342927202034,0.05299578485053124,2,4,346334400,2436,28,0.52,32.947359,-118.5318885,261.22,0.004551368299871683,162.26348876953125,-0.024391619488596916,0.0,1,32.9473588,-118.5318901,260.9700012207031,-0.10779586434364319,-2.247795820236206,-0.31,-0.31,-0.27,-0.27,0.0,275.29,0.01,0.03,3,0,0.009660748764872551,-0.004059602972120047,-0.019776862114667892,0.07973334193229675,0.13379459083080292,-9.810342788696289,0,0,45.0,1,1,3276,3276,-0.2,0.78,278.27,261.19000244140625,32.947359,-118.5318884,0.7562803030014038,0.00314138806425035,0.0063925269059836864,-0.6542089581489563,2,0.13,0.54,276.54,-0.008523642085492611,0.005031089298427105,0.05301325023174286,-0.02070555090904236,13.89319896697998,7.329460144042969,2.2929091453552246,0.28,-0.11,0.01,261.07,1,0.18,-0.01,0.02,-0.93,3.95,239,48,385,11,-10,-22,0.0,0.0,-0.04983825981616974,-0.31,-0.31,-0.27,-0.27,0.0,26.0,0.0,4.899739742279053,1,3.993027448654175,1.0323870182037354,0,147.67112731933594,-79.28,-74.02,10.59,4.174069404602051,0.00544491782784462,16.34813690185547,32.9471741,-118.5303247,259.72,12.52,23.0,,,,,,,,,,,,,,,0,5.130823612213135,17.830698013305664,25.32,17.830698013305664,-2.490830183029175,1,1,1.0,0.33152395486831665,0,-0.3525165617465973,8.74626636505127,-0.24094165861606598,0.7843098640441895,278.3223571777344,1501,1502,1000,1500,1000,1000,1000,2000,1000,1500,0,0,0,0,1494,1505,1579,1498,1541,1426,1584,1465,0,1503,0,0,0,1500,0,0.11099154502153397,98544.6875,46.44,-0.31662723422050476,27925977,0.0,25.329750061035156,1,0,0.28,4,25,-1,,,
auto,00000003.BIN,C:\Users\Siya Bhadu\OneDrive\Desktop\ardupilot_parse\data\auto\00000003.BIN,00000003__descent_002,2,26465.871214000003,9.100000000002183,POS.RelHomeAlt,-0.10707798600196838,-0.10275760293006897,-5.0,-0.0,4.756621837615967,ARSP.Airspeed,-0.39754101634025574,-0.39754101634025574,-179.54246980320508,ArduPilot_AOA.AOA,8.879657745361328,8.879657745361328,-41.33352647107165,ArduPilot_AOA.SSA,ArduPilot_AOA,ground_relative_approx,0.01000878130486357,-0.007274066563695669,0.0068748570047318935,-6.427733751479536e-05,-0.27,-0.27,275.28,-0.27,-0.27,0.0,0.0,0.0,1501.0,1502.0,1000.0,1500.0,0.002,0.004,0.0,0.0,0.0,0.0,0.0,0.0,1494.0,1505.0,1579.0,1498.0,0.0,26.0,0.0,0.014312266372144222,-0.005672495346516371,-0.008012354373931885,0.1583774983882904,0.24907313287258148,-9.84495735168457,32.9473588,-118.5318901,13.890170097351074,7.340276718139648,2.253443479537964,,,,-0.007515287112731774,-0.006610347398454682,-6.00139121841647e-05,-0.007515287112731774,-0.006610347398454682,-6.00139121841647e-05,2,4,346334400,2436,28,0.52,32.947359,-118.5318885,261.22,0.004551368299871683,162.26348876953125,-0.024391619488596916,0.0,1,32.9473588,-118.5318901,260.9700012207031,-0.10707798600196838,-2.2470779418945312,-0.27,-0.27,-0.27,-0.27,0.0,275.28,0.01,0.03,3,0,0.014312266372144222,-0.005672495346516371,-0.008012354373931885,0.1583774983882904,0.24907313287258148,-9.84495735168457,0,0,45.0,1,1,3276,3276,-0.17,0.78,278.25,261.19000244140625,32.947359,-118.5318884,0.7561297416687012,0.0033648493699729443,0.006164235528558493,-0.6543840169906616,1,-0.13,-0.22,275.33,-0.007274066563695669,0.0068748570047318935,-6.427733751479536e-05,-0.050094492733478546,13.890170097351074,7.340276718139648,2.253443479537964,-0.05,-0.03,-0.02,261.07,2,0.18,-0.05,0.03,-1.08,3.92,239,48,385,14,-12,-21,0.0,0.0,-0.005415600724518299,-0.27,-0.27,-0.27,-0.27,0.0,26.0,0.0,4.899739742279053,1,3.993027448654175,1.0323870182037354,0,147.67112731933594,-79.28,-74.02,10.59,4.174069404602051,0.00544491782784462,16.34813690185547,32.9471741,-118.5303247,259.72,12.52,23.0,,,,,,,,,,,,,,,0,4.756621837615967,15.32468032836914,25.32,15.32468032836914,-2.490830183029175,1,1,1.0,0.33152395486831665,0,-0.39754101634025574,8.879657745361328,-0.1570947766304016,0.7887904047966003,278.24908447265625,1501,1502,1000,1500,1001,1000,1000,2000,1000,1500,0,0,0,0,1494,1505,1579,1498,1541,1426,1584,1465,0,1503,0,0,0,1500,0,0.07540997117757797,98545.0859375,46.44,-0.1815768927335739,27926076,0.0,25.329750061035156,1,0,0.28,4,25,-1,,,
auto,00000003.BIN,C:\Users\Siya Bhadu\OneDrive\Desktop\ardupilot_parse\data\auto\00000003.BIN,00000003__descent_002,2,26465.921214,9.150000000001455,POS.RelHomeAlt,-0.10499921441078186,-0.10275760293006897,-5.0,-0.0,4.756621837615967,ARSP.Airspeed,-0.39754101634025574,-0.39754101634025574,93.3389539267296,ArduPilot_AOA.AOA,8.879657745361328,8.879657745361328,-1.0326183333675287,ArduPilot_AOA.SSA,ArduPilot_AOA,ground_relative_approx,0.003489574720622334,-0.0010567273711785674,0.0033257268369197845,0.054359182715415955,-0.25,-0.25,275.31,-0.25,-0.25,0.0,0.0,0.0,1501.0,1502.0,1000.0,1500.0,0.002,0.004,0.0,0.0,0.0,0.0,0.0,0.0,1493.0,1505.0,1579.0,1498.0,0.0,26.0,0.0,0.0067321560345590115,-0.0012994135031476617,0.0029638276901096106,0.1659049391746521,0.14092130959033966,-9.874244689941406,32.9473589,-118.5318901,13.89645004272461,7.329216957092285,2.2933332920074463,,,,-0.003172030475622783,-0.0009816566756758965,0.05436977515174772,-0.003172030475622783,-0.0009816566756758965,0.05436977515174772,2,4,346334400,2436,28,0.52,32.947359,-118.5318885,261.22,0.004551368299871683,162.26348876953125,-0.024391619488596916,0.0,1,32.9473589,-118.5318901,260.9700012207031,-0.10499921441078186,-2.2449991703033447,-0.25,-0.25,-0.25,-0.25,0.0,275.31,0.01,0.03,3,0,0.0067321560345590115,-0.0012994135031476617,0.0029638276901096106,0.1659049391746521,0.14092130959033966,-9.874244689941406,0,0,45.0,1,1,3276,3276,-0.15,0.8,278.26,261.1499938964844,32.947359,-118.5318885,0.7562386989593506,0.003584229853004217,0.0061664762906730175,-0.6542568802833557,2,0.18,0.56,276.56,-0.0010567273711785674,0.0033257268369197845,0.054359182715415955,-0.014977422542870045,13.89645004272461,7.329216957092285,2.2933332920074463,0.28,-0.11,0.01,261.07,2,0.18,-0.05,0.03,-1.08,3.92,239,48,385,14,-12,-21,0.0,0.0,-0.005415600724518299,-0.25,-0.25,-0.25,-0.25,0.0,26.0,0.0,4.8572468757629395,1,4.093710422515869,1.0323870182037354,0,147.67112731933594,-79.28,-74.02,10.59,4.174069404602051,0.00544491782784462,16.245695114135742,32.9471741,-118.5303247,259.72,12.52,23.0,,,,,,,,,,,,,,,0,4.756621837615967,15.32468032836914,25.32,15.32468032836914,-2.490830183029175,1,1,1.0,0.33152395486831665,0,-0.39754101634025574,8.879657745361328,-0.1570947766304016,0.7887904047966003,278.24908447265625,1501,1502,1000,1500,1000,1000,1000,2000,1000,1500,0,0,0,0,1493,1505,1579,1498,1539,1428,1584,1464,0,1503,0,0,0,1500,0,0.07540997117757797,98545.0859375,46.44,-0.1815768927335739,27926076,0.0,25.329750061035156,1,0,0.28,4,25,-1,,,
auto,00000003.BIN,C:\Users\Siya Bhadu\OneDrive\Desktop\ardupilot_parse\data\auto\00000003.BIN,00000003__descent_002,2,26465.971214,9.200000000000728,POS.RelHomeAlt,-0.10358992218971252,-0.10275760293006897,-5.0,-0.0,4.7092437744140625,ARSP.Airspeed,-0.3333459496498108,-0.3333459496498108,-78.34086078997414,ArduPilot_AOA.AOA,8.839408874511719,8.839408874511719,-54.94628173836122,ArduPilot_AOA.SSA,ArduPilot_AOA,ground_relative_approx,0.014240034523619105,-0.01384297851473093,-0.0033392407931387424,-0.009581775404512882,-0.26,-0.25,275.35,-0.26,-0.25,0.0,0.0,0.0,1501.0,1502.0,1000.0,1500.0,0.002,0.004,0.0,0.0,0.02000000000029104,-0.02000000000029104,0.0,0.0,1494.0,1505.0,1579.0,1498.0,0.0,26.0,0.0,-0.00871080718934536,0.0006492112297564745,0.013510497286915779,0.1813012659549713,0.051082734018564224,-9.772490501403809,32.9473589,-118.5318901,13.882329940795898,7.335561752319336,2.2435898780822754,,,,0.001992154282090348,-0.014050358047632808,-0.009654416770890984,0.001992154282090348,-0.014050358047632808,-0.009654416770890984,2,4,346334400,2436,28,0.52,32.947359,-118.5318885,261.22,0.004551368299871683,162.26348876953125,-0.024391619488596916,0.0,1,32.9473589,-118.5318901,260.9700012207031,-0.10358992218971252,-2.2435898780822754,-0.26,-0.26,-0.25,-0.25,0.0,275.35,0.01,0.03,3,0,-0.00871080718934536,0.0006492112297564745,0.013510497286915779,0.1813012659549713,0.051082734018564224,-9.772490501403809,0,0,45.0,1,1,3276,3276,-0.16,0.8,278.29,261.1499938964844,32.947359,-118.5318885,0.7564108967781067,0.0034626098349690437,0.006271705962717533,-0.654057502746582,0,-0.26,-0.25,275.34,-0.01384297851473093,-0.0033392407931387424,-0.009581775404512882,-0.04904082044959068,13.882329940795898,7.335561752319336,2.2435898780822754,-0.12,-0.25,-0.18,261.07,2,0.18,-0.05,0.03,-1.08,3.92,239,48,385,14,-12,-21,0.0,0.0,-0.005415600724518299,-0.26,-0.26,-0.25,-0.25,0.0,26.0,0.0,4.8572468757629395,1,4.093710422515869,1.0323870182037354,0,147.6726837158203,-79.28,-74.02,10.59,4.174069404602051,0.00544491782784462,16.288188934326172,32.9471741,-118.5303247,259.72,12.52,23.0,,,,,,,,,,,,,,,0,4.7092437744140625,15.020920753479004,25.32,15.020920753479004,-2.490830183029175,1,1,1.0,0.33152395486831665,0,-0.3333459496498108,8.839408874511719,-0.16994360089302063,0.8031681776046753,278.2999267578125,1501,1502,1000,1500,1000,1000,1000,2000,1000,1500,0,0,0,0,1494,1505,1579,1498,1540,1427,1584,1465,0,1503,0,0,0,1500,0,0.15478424727916718,98544.171875,46.44,0.3164481222629547,27926177,0.0,25.329750061035156,1,0,0.28,4,25,-1,,,
auto,00000003.BIN,C:\Users\Siya Bhadu\OneDrive\Desktop\ardupilot_parse\data\auto\00000003.BIN,00000003__descent_002,2,26466.021214,9.25,POS.RelHomeAlt,-0.10192528367042542,-0.10275760293006897,-5.0,-0.018974542616003065,4.7092437744140625,ARSP.Airspeed,-0.3333459496498108,-0.3333459496498108,88.6095461148447,ArduPilot_AOA.AOA,8.839408874511719,8.839408874511719,-0.32800236457087484,ArduPilot_AOA.SSA,ArduPilot_AOA,ground_relative_approx,0.0010761277643325604,5.545995009015314e-05,-0.0010746977059170604,0.054487042129039764,-0.28,-0.26,275.39,-0.28,-0.26,0.0,0.0,0.0,1502.0,1501.0,1000.0,1500.0,0.004,0.002,0.0,0.0,0.020000000001018634,-0.020000000001018637,0.0,0.0,1494.0,1505.0,1579.0,1498.0,0.0,26.0,0.0,-0.010757570154964924,-0.007680445909500122,0.015508697368204594,0.1941397488117218,0.11126518994569778,-9.7931489944458,32.9473589,-118.5318901,13.898551940917969,7.327832221984863,2.292476177215576,,,,0.0013223978363391432,-0.0003119822518093956,0.054480728170371605,0.0013223978363391432,-0.0003119822518093956,0.054480728170371605,2,4,346334600,2436,28,0.52,32.947359,-118.5318887,261.25,0.018509695306420326,247.52902221679688,-0.012836452573537827,0.0,1,32.9473589,-118.5318901,260.9700012207031,-0.10192528367042542,-2.2419252395629883,-0.28,-0.28,-0.26,-0.26,0.0,275.39,0.01,0.03,3,0,-0.010757570154964924,-0.007680445909500122,0.015508697368204594,0.1941397488117218,0.11126518994569778,-9.7931489944458,0,0,45.0,1,1,3276,3276,-0.18,0.78,278.33,261.22998046875,32.947359,-118.5318885,0.7565904855728149,0.003258512355387211,0.006256706081330776,-0.6538509726524353,2,0.15,0.55,276.64,5.545995009015314e-05,-0.0010746977059170604,0.054487042129039764,-0.01733558438718319,13.898551940917969,7.327832221984863,2.292476177215576,0.28,-0.11,0.01,261.07,2,0.18,-0.05,0.03,-1.08,3.92,239,48,385,14,-12,-21,0.0,0.0,-0.005415600724518299,-0.28,-0.28,-0.26,-0.26,0.0,26.0,0.0,4.813323974609375,1,4.093710422515869,1.0323870182037354,0,147.6726837158203,-79.28,-74.02,10.59,4.174069404602051,0.00544491782784462,16.288188934326172,32.9471741,-118.5303247,259.72,12.52,23.0,,,,,,,,,,,,,,,0,4.7092437744140625,15.020920753479004,25.32,15.020920753479004,-2.490830183029175,1,1,1.0,0.33152395486831665,0,-0.3333459496498108,8.839408874511719,-0.16994360089302063,0.8031681776046753,278.2999267578125,1502,1501,1000,1500,1000,1000,1000,2000,1000,1500,0,0,0,0,1494,1505,1579,1498,1540,1427,1584,1465,0,1503,0,0,0,1500,0,0.15478424727916718,98544.171875,46.44,0.3164481222629547,27926177,0.0,25.329750061035156,1,0,0.28,4,25,-1,,,
auto,00000003.BIN,C:\Users\Siya Bhadu\OneDrive\Desktop\ardupilot_parse\data\auto\00000003.BIN,00000003__descent_002,2,26466.071214000003,9.30000000000291,POS.RelHomeAlt,-0.09979501366615295,-0.10086014866828918,-5.0,-0.05199313163746011,5.407441139221191,ARSP.Airspeed,-0.35666441917419434,-0.35666441917419434,84.38680188653579,ArduPilot_AOA.AOA,8.793434143066406,8.793434143066406,1.9571011879191103,ArduPilot_AOA.SSA,ArduPilot_AOA,ground_relative_approx,0.005373710186633059,0.0025362158194184303,-0.004737548995763063,0.052978888154029846,-0.28,-0.27,275.42,-0.28,-0.27,0.0,0.0,0.0,1502.0,1501.0,1000.0,1500.0,0.004,0.002,0.0,0.0,0.0,0.0,0.0,0.0,1494.0,1505.0,1579.0,1498.0,0.0,26.0,0.0,-0.002412480069324374,-0.009510799311101437,0.008513972163200378,0.19752098619937897,-0.03504057228565216,-9.895980834960938,32.9473589,-118.5318902,13.899744987487793,7.3265838623046875,2.291282892227173,,,,0.005205529203179778,0.0018185769796181517,0.05296446539606695,0.005205529203179778,0.0018185769796181517,0.05296446539606695,2,4,346334600,2436,28,0.52,32.947359,-118.5318887,261.25,0.018509695306420326,247.52902221679688,-0.012836452573537827,0.0,1,32.9473589,-118.5318902,260.97998046875,-0.09979501366615295,-2.239794969558716,-0.28,-0.28,-0.27,-0.27,0.0,275.42,0.01,0.03,3,0,-0.002412480069324374,-0.009510799311101437,0.008513972163200378,0.19752098619937897,-0.03504057228565216,-9.895980834960938,0,0,45.0,1,1,3276,3276,-0.18,0.77,278.34,261.22998046875,32.947359,-118.5318885,0.7566797137260437,0.003143600421026349,0.006165476515889168,-0.6537491083145142,2,0.14,0.54,276.66,0.0025362158194184303,-0.004737548995763063,0.052978888154029846,-0.02794274501502514,13.899744987487793,7.3265838623046875,2.291282892227173,0.28,-0.11,0.01,261.07,0,0.18,0.0,-0.02,-1.0,3.93,239,48,385,10,-9,-23,0.0,0.0,-0.044091660529375076,-0.28,-0.28,-0.27,-0.27,0.0,26.0,0.0,4.813323974609375,1,4.093710422515869,1.0323870182037354,0,147.6726837158203,-79.28,-74.02,10.59,4.174069404602051,0.00544491782784462,16.288188934326172,32.9471741,-118.5303247,259.72,12.52,23.0,,,,,,,,,,,,,,,0,5.407441139221191,19.80513572692871,25.32,19.80513572692871,-2.490830183029175,1,1,1.0,0.33152395486831665,0,-0.35666441917419434,8.793434143066406,-0.18601271510124207,0.768796443939209,278.3465881347656,1502,1501,1000,1500,1000,1000,1000,2001,1000,1500,0,0,0,0,1494,1505,1579,1498,1540,1427,1584,1465,0,1503,0,0,0,1500,0,-0.05870518088340759,98546.609375,46.44,0.32852643728256226,27926276,0.0,25.329750061035156,1,0,0.28,4,25,-1,,,
auto,00000003.BIN,C:\Users\Siya Bhadu\OneDrive\Desktop\ardupilot_parse\data\auto\00000003.BIN,00000003__descent_002,2,26466.121214000003,9.350000000002183,POS.RelHomeAlt,-0.09532156586647034,-0.09755828976631165,-5.0,-0.06719231605627574,5.407441139221191,ARSP.Airspeed,-0.35666441917419434,-0.35666441917419434,-13.314204026645251,ArduPilot_AOA.AOA,8.793434143066406,8.793434143066406,-77.52560390462594,ArduPilot_AOA.SSA,ArduPilot_AOA,ground_relative_approx,0.01276933732279617,-0.012175084091722965,-0.0038501042872667313,-0.000573530385736376,-0.23,-0.26,275.39,-0.23,-0.26,0.0,0.0,0.0,1502.0,1501.0,1000.0,1500.0,0.004,0.002,0.0,0.0,0.0,0.0,0.0,0.0,1494.0,1505.0,1579.0,1498.0,0.0,26.0,0.0,0.006475256755948067,-0.001688546035438776,-0.002763924887403846,0.10387232154607773,-0.18708522617816925,-9.862650871276855,32.9473589,-118.5318902,13.89560604095459,7.334879398345947,2.2425284385681152,,,,0.0026867891994169267,-0.012480456420597667,-0.0006358333886933501,0.0026867891994169267,-0.012480456420597667,-0.0006358333886933501,2,4,346334600,2436,28,0.52,32.947359,-118.5318887,261.25,0.018509695306420326,247.52902221679688,-0.012836452573537827,0.0,1,32.9473589,-118.5318902,260.97998046875,-0.09532156586647034,-2.235321521759033,-0.23,-0.23,-0.26,-0.26,0.0,275.39,0.0,0.03,3,0,0.006475256755948067,-0.001688546035438776,-0.002763924887403846,0.10387232154607773,-0.18708522617816925,-9.862650871276855,0,0,45.0,1,1,3276,3276,-0.13,0.77,278.3,261.0199890136719,32.947359,-118.5318887,0.7564388513565063,0.0035254189278930426,0.005939254071563482,-0.6540278792381287,1,-0.1,-0.21,275.44,-0.012175084091722965,-0.0038501042872667313,-0.000573530385736376,-0.06054683402180672,13.89560604095459,7.334879398345947,2.2425284385681152,-0.05,-0.03,-0.02,261.07,2,0.18,-0.05,0.03,-1.08,3.92,239,48,385,14,-12,-21,0.0,0.0,-0.005415600724518299,-0.23,-0.23,-0.26,-0.26,0.0,26.0,0.0,4.998978614807129,1,4.181584358215332,1.0323870182037354,0,147.6819305419922,-79.28,-74.02,10.58,4.174069404602051,0.00544491782784462,16.332111358642578,32.9471741,-118.5303247,259.72,12.52,23.0,,,,,,,,,,,,,,,0,5.407441139221191,19.80513572692871,25.32,19.80513572692871,-2.490830183029175,1,1,1.0,0.33152395486831665,0,-0.35666441917419434,8.793434143066406,-0.18601271510124207,0.768796443939209,278.3465881347656,1502,1501,1000,1500,1000,1000,1000,2000,1000,1500,0,0,0,0,1494,1505,1579,1498,1540,1427,1584,1465,0,1503,0,0,0,1500,0,-0.05870518088340759,98546.609375,46.44,0.32852643728256226,27926276,0.0,25.329750061035156,1,0,0.29,4,25,-1,,,
auto,00000003.BIN,C:\Users\Siya Bhadu\OneDrive\Desktop\ardupilot_parse\data\auto\00000003.BIN,00000003__descent_002,2,26466.171214,9.400000000001455,POS.RelHomeAlt,-0.09296026825904846,-0.0941409170627594,-5.0,-0.057545900345686074,5.52030086517334,ARSP.Airspeed,-0.36615604162216187,-0.36615604162216187,88.03243340658967,ArduPilot_AOA.AOA,8.705564498901367,8.705564498901367,-6.7884544548049774,ArduPilot_AOA.SSA,ArduPilot_AOA,ground_relative_approx,0.006378685244404374,-0.006004272028803825,-0.0021532168611884117,0.05347249656915665,-0.2,-0.27,275.35,-0.2,-0.27,0.0,0.0,0.0,1502.0,1501.0,1000.0,1500.0,0.004,0.002,0.0,0.0,-0.02000000000029104,0.02000000000029104,0.0,0.0,1494.0,1505.0,1579.0,1498.0,0.0,26.0,0.0,0.012792697176337242,-0.0042980508878827095,-0.01724262163043022,0.049580685794353485,0.035942938178777695,-9.74951457977295,32.9473589,-118.5318902,13.901986122131348,7.322497367858887,2.2878715991973877,,,,0.0018359662714687458,-0.006365468588654785,0.05344254440314879,0.0018359662714687458,-0.006365468588654785,0.05344254440314879,2,4,346334600,2436,28,0.52,32.947359,-118.5318887,261.25,0.018509695306420326,247.52902221679688,-0.012836452573537827,0.0,1,32.9473589,-118.5318902,260.97998046875,-0.09296026825904846,-2.2329602241516113,-0.2,-0.2,-0.27,-0.27,0.0,275.35,0.0,0.03,3,0,0.012792697176337242,-0.0042980508878827095,-0.01724262163043022,0.049580685794353485,0.035942938178777695,-9.74951457977295,0,0,45.0,1,1,3276,3276,-0.1,0.76,278.25,261.0199890136719,32.947359,-118.5318887,0.7561604380607605,0.0036802771501243114,0.005698152352124453,-0.6543511152267456,2,0.22,0.54,276.6,-0.006004272028803825,-0.0021532168611884117,0.05347249656915665,-0.03567705303430557,13.901986122131348,7.322497367858887,2.2878715991973877,0.28,-0.11,0.01,261.07,2,0.18,-0.05,0.03,-1.08,3.92,239,48,385,14,-12,-21,0.0,0.0,-0.005415600724518299,-0.2,-0.2,-0.27,-0.27,0.0,26.0,0.0,4.998978614807129,1,4.181584358215332,1.0323870182037354,0,147.6819305419922,-79.28,-74.02,10.58,4.174069404602051,0.00544491782784462,16.14645767211914,32.9471741,-118.5303247,259.72,12.52,23.0,,,,,,,,,,,,,,,0,5.52030086517334,20.64047622680664,25.32,20.64047622680664,-2.490830183029175,1,1,1.0,0.33152395486831665,0,-0.36615604162216187,8.705564498901367,-0.1083792969584465,0.7697246670722961,278.25616455078125,1502,1501,1000,1500,1000,1000,1000,2001,1000,1500,0,0,0,0,1494,1505,1579,1498,1540,1427,1584,1465,0,1503,0,0,0,1500,0,-0.15450172126293182,98547.6875,46.44,-0.08671114593744278,27926378,0.0,25.329750061035156,1,0,0.29,4,25,-1,,,
auto,00000003.BIN,C:\Users\Siya Bhadu\OneDrive\Desktop\ardupilot_parse\data\auto\00000003.BIN,00000003__descent_002,2,26466.221214,9.450000000000728,POS.RelHomeAlt,-0.0906471312046051,-0.09180369973182678,-5.0,-0.04956841468883166,5.52030086517334,ARSP.Airspeed,-0.36615604162216187,-0.36615604162216187,-71.55243762002137,ArduPilot_AOA.AOA,8.705564498901367,8.705564498901367,-46.41471213558297,ArduPilot_AOA.SSA,ArduPilot_AOA,ground_relative_approx,0.01310258477375764,-0.012125099077820778,-0.004965853411704302,-0.011219071224331856,-0.2,-0.28,275.33,-0.2,-0.28,0.0,0.0,0.0,1501.0,1502.0,1000.0,1500.0,0.002,0.004,0.0,0.0,-0.02000000000029104,0.02000000000029104,0.0,0.0,1494.0,1505.0,1579.0,1498.0,0.0,26.0,0.0,0.00361302075907588,-0.00949140451848507,-0.017853597179055214,0.085792176425457,0.2420601099729538,-9.900070190429688,32.9473589,-118.5318902,13.886994361877441,7.326530933380127,2.230647087097168,,,,0.003763186024304605,-0.012494657374496596,-0.011281278958103685,0.003763186024304605,-0.012494657374496596,-0.011281278958103685,2,4,346334800,2436,28,0.52,32.9473589,-118.5318894,261.3,0.020687716081738472,296.00335693359375,-0.014150545001029968,0.0,1,32.9473589,-118.5318902,260.97998046875,-0.0906471312046051,-2.230647087097168,-0.2,-0.2,-0.28,-0.28,0.0,275.33,0.0,0.03,3,0,0.00361302075907588,-0.00949140451848507,-0.017853597179055214,0.085792176425457,0.2420601099729538,-9.900070190429688,0,0,45.0,1,1,3276,3276,-0.1,0.76,278.21,260.91998291015625,32.947359,-118.5318887,0.7559370398521423,0.0036644760984927416,0.0056287129409611225,-0.6546099185943604,0,-0.2,-0.28,275.32,-0.012125099077820778,-0.004965853411704302,-0.011219071224331856,-0.07066202908754349,13.886994361877441,7.326530933380127,2.230647087097168,-0.12,-0.25,-0.18,261.07,2,0.18,-0.05,0.03,-1.08,3.92,239,48,385,14,-12,-21,0.0,0.0,-0.005415600724518299,-0.2,-0.2,-0.28,-0.28,0.0,26.0,0.0,5.160907745361328,1,4.181584358215332,1.0323870182037354,0,147.6819305419922,-79.28,-74.02,10.58,4.174069404602051,0.00544491782784462,16.14645767211914,32.9471741,-118.5303247,259.72,12.52,23.0,,,,,,,,,,,,,,,0,5.52030086517334,20.64047622680664,25.32,20.64047622680664,-2.490830183029175,1,1,1.0,0.33152395486831665,0,-0.36615604162216187,8.705564498901367,-0.1083792969584465,0.7697246670722961,278.25616455078125,1501,1502,1000,1500,1000,1000,1000,2000,1000,1500,0,0,0,0,1494,1505,1579,1498,1540,1427,1584,1465,0,1503,0,0,0,1500,0,-0.15450172126293182,98547.6875,46.44,-0.08671114593744278,27926378,0.0,25.329750061035156,1,0,0.28,4,25,-1,,,
auto,00000003.BIN,C:\Users\Siya Bhadu\OneDrive\Desktop\ardupilot_parse\data\auto\00000003.BIN,00000003__descent_002,2,26466.271214,9.5,POS.RelHomeAlt,-0.08772101998329163,-0.08918407559394836,-5.0,-0.06734848022205098,5.550682544708252,ARSP.Airspeed,-0.4017811715602875,-0.4017811715602875,-85.38620974600853,ArduPilot_AOA.AOA,8.950489044189453,8.950489044189453,-28.887386590343795,ArduPilot_AOA.SSA,ArduPilot_AOA,ground_relative_approx,0.0015826637120807544,-0.001535594929009676,-0.00038310917443595827,-0.0027985437773168087,-0.23,-0.27,275.3,-0.23,-0.27,0.0,0.0,0.0,1501.0,1502.0,1000.0,1500.0,0.002,0.004,0.0,0.0,0.0,0.0,0.0,0.0,1494.0,1505.0,1579.0,1498.0,0.0,26.0,0.0,-0.016655605286359787,-0.003465845948085189,-0.010814343579113483,0.12073035538196564,0.06838156282901764,-9.803757667541504,32.9473589,-118.5318902,13.897198677062988,7.3288092613220215,2.2351253032684326,,,,0.00022643702271462994,-0.0015531667592528185,-0.0028058993196107547,0.00022643702271462994,-0.0015531667592528185,-0.0028058993196107547,2,4,346334800,2436,28,0.52,32.9473589,-118.5318894,261.3,0.020687716081738472,296.00335693359375,-0.014150545001029968,0.0,1,32.9473589,-118.5318902,260.989990234375,-0.08772101998329163,-2.2277209758758545,-0.23,-0.23,-0.27,-0.27,0.0,275.3,0.0,0.03,3,0,-0.016655605286359787,-0.003465845948085189,-0.010814343579113483,0.12073035538196564,0.06838156282901764,-9.803757667541504,0,0,45.0,1,1,3276,3276,-0.13,0.76,278.18,260.91998291015625,32.947359,-118.5318887,0.7557598948478699,0.0034902445040643215,0.005793894175440073,-0.6548138856887817,1,-0.1,-0.23,275.35,-0.001535594929009676,-0.00038310917443595827,-0.0027985437773168087,-0.07011903077363968,13.897198677062988,7.3288092613220215,2.2351253032684326,-0.05,-0.03,-0.02,261.07,1,0.18,-0.01,0.02,-0.93,3.95,239,48,385,11,-10,-22,0.0,0.0,-0.04983825981616974,-0.23,-0.23,-0.27,-0.27,0.0,26.0,0.0,5.160907745361328,1,4.181584358215332,1.0323870182037354,0,147.6819305419922,-79.28,-74.02,10.58,4.174069404602051,0.00544491782784462,16.14645767211914,32.9471741,-118.5303247,259.72,12.52,23.0,,,,,,,,,,,,,,,0,5.550682544708252,20.868295669555664,25.32,20.868295669555664,-2.490830183029175,1,1,1.0,0.33152395486831665,0,-0.4017811715602875,8.950489044189453,-0.15337875485420227,0.7639333605766296,278.1742858886719,1501,1502,1000,1500,1000,1000,1000,2000,1000,1500,0,0,0,0,1494,1505,1579,1498,1540,1427,1584,1465,0,1503,0,0,0,1500,0,0.017932049930095673,98545.734375,46.43,-0.5525684952735901,27926477,0.0,25.329750061035156,1,0,0.28,4,25,-1,,,
auto,00000003.BIN,C:\Users\Siya Bhadu\OneDrive\Desktop\ardupilot_parse\data\auto\00000003.BIN,00000003__descent_002,2,26466.321214000003,9.55000000000291,POS.RelHomeAlt,-0.08241668343544006,-0.08506885170936584,-5.0,-0.0792539119700939,5.550682544708252,ARSP.Airspeed,-0.4017811715602875,-0.4017811715602875,85.55666089487191,ArduPilot_AOA.AOA,8.950489044189453,8.950489044189453,-4.944223081734794,ArduPilot_AOA.SSA,ArduPilot_AOA,ground_relative_approx,0.005641010312847459,-0.0038343474734574556,-0.004137484356760979,0.05165174603462219,-0.31,-0.27,275.28,-0.31,-0.27,0.0,0.0,0.0,1501.0,1502.0,1000.0,1500.0,0.002,0.004,0.0,0.0,0.020000000001018634,-0.020000000001018634,0.0,0.0,1493.0,1505.0,1579.0,1498.0,0.0,26.0,0.0,-0.021577203646302223,-0.003499902319163084,-0.0082884281873703,0.15018205344676971,-0.06003319472074509,-9.813121795654297,32.9473589,-118.5318903,13.904834747314453,7.3149237632751465,2.2815921306610107,,,,0.004010440719509645,-0.004478122507876998,0.05160994719833092,0.004010440719509645,-0.004478122507876998,0.05160994719833092,2,4,346334800,2436,28,0.52,32.9473589,-118.5318894,261.3,0.020687716081738472,296.00335693359375,-0.014150545001029968,0.0,1,32.9473589,-118.5318903,260.989990234375,-0.08241668343544006,-2.222416639328003,-0.31,-0.31,-0.27,-0.27,0.0,275.28,0.0,0.02,3,0,-0.021577203646302223,-0.003499902319163084,-0.0082884281873703,0.15018205344676971,-0.06003319472074509,-9.813121795654297,0,0,45.0,1,1,3276,3276,-0.2,0.76,278.14,261.0899963378906,32.9473589,-118.5318894,0.7555326223373413,0.002998792100697756,0.0062537165358662605,-0.6550742387771606,2,0.11,0.54,276.53,-0.0038343474734574556,-0.004137484356760979,0.05165174603462219,-0.048847660422325134,13.904834747314453,7.3149237632751465,2.2815921306610107,0.28,-0.11,0.01,261.07,0,0.18,0.0,-0.02,-1.0,3.93,239,48,385,10,-9,-23,0.0,0.0,-0.044091660529375076,-0.31,-0.31,-0.27,-0.27,0.0,26.0,0.0,5.280861854553223,1,4.276933193206787,1.0323870182037354,0,147.69117736816406,-79.28,-74.02,10.57,4.174069404602051,0.00544491782784462,15.984527587890625,32.9471741,-118.5303247,259.72,12.52,23.0,,,,,,,,,,,,,,,0,5.550682544708252,20.868295669555664,25.32,20.868295669555664,-2.490830183029175,1,1,1.0,0.33152395486831665,0,-0.4017811715602875,8.950489044189453,-0.15337875485420227,0.7639333605766296,278.1742858886719,1501,1502,1000,1500,1000,1000,1000,2000,1000,1500,0,0,0,0,1493,1505,1579,1498,1539,1428,1584,1464,0,1503,0,0,0,1500,0,0.017932049930095673,98545.734375,46.43,-0.5525684952735901,27926477,0.0,25.329750061035156,1,0,0.28,4,25,-1,,,
auto,00000003.BIN,C:\Users\Siya Bhadu\OneDrive\Desktop\ardupilot_parse\data\auto\00000003.BIN,00000003__descent_002,2,26466.371214000003,9.600000000002183,POS.RelHomeAlt,-0.08010068535804749,-0.08125868439674377,-5.0,-0.06096482277005211,5.510136604309082,ARSP.Airspeed,-0.3866114318370819,-0.3866114318370819,83.50447272352099,ArduPilot_AOA.AOA,8.854049682617188,8.854049682617188,-0.8222326427607802,ArduPilot_AOA.SSA,ArduPilot_AOA,ground_relative_approx,0.005740295895395609,6.480413867393509e-05,-0.005739930085837841,0.05236876383423805,-0.32,-0.26,275.28,-0.32,-0.26,0.0,0.0,0.0,1502.0,1501.0,1000.0,1500.0,0.004,0.002,0.0,0.0,0.0,0.0,0.0,0.0,1493.0,1505.0,1579.0,1498.0,0.0,26.0,0.0,-0.012443404644727707,-0.0017920638201758265,-0.003845347324386239,0.15869061648845673,0.17543639242649078,-9.834940910339355,32.9473589,-118.5318903,13.905332565307617,7.3120317459106445,2.280269145965576,,,,0.005959120538097603,-0.0007560020504530335,0.05233885522062007,0.005959120538097603,-0.0007560020504530335,0.05233885522062007,2,4,346334800,2436,28,0.52,32.9473589,-118.5318894,261.3,0.020687716081738472,296.00335693359375,-0.014150545001029968,0.0,1,32.9473589,-118.5318903,260.989990234375,-0.08010068535804749,-2.2201006412506104,-0.32,-0.32,-0.26,-0.26,0.0,275.28,0.0,0.02,3,0,-0.012443404644727707,-0.0017920638201758265,-0.003845347324386239,0.15869061648845673,0.17543639242649078,-9.834940910339355,0,0,45.0,1,1,3276,3276,-0.21,0.77,278.13,261.0899963378906,32.9473589,-118.5318894,0.7554723620414734,0.002998211421072483,0.0063395192846655846,-0.6551429629325867,2,0.1,0.55,276.53,6.480413867393509e-05,-0.005739930085837841,0.05236876383423805,-0.04066881164908409,13.905332565307617,7.3120317459106445,2.280269145965576,0.28,-0.11,0.01,261.07,2,0.18,-0.05,0.03,-1.08,3.92,239,48,385,14,-12,-21,0.0,0.0,-0.005415600724518299,-0.32,-0.32,-0.26,-0.26,0.0,26.0,0.0,5.280861854553223,1,4.276933193206787,1.0323870182037354,0,147.69117736816406,-79.28,-74.02,10.57,4.174069404602051,0.00544491782784462,15.86457347869873,32.9471741,-118.5303247,259.72,12.52,23.0,,,,,,,,,,,,,,,0,5.510136604309082,20.56453514099121,25.32,20.56453514099121,-2.490830183029175,1,1,1.0,0.33152395486831665,0,-0.3866114318370819,8.854049682617188,-0.21639372408390045,0.7739282250404358,278.1352233886719,1502,1501,1000,1500,1000,1000,1000,2000,1000,1500,0,0,0,0,1493,1505,1579,1498,1539,1428,1584,1464,0,1503,0,0,0,1500,0,0.1493101567029953,98544.25,46.44,-0.5405686497688293,27926578,0.0,25.329750061035156,1,0,0.28,4,25,-1,,,
auto,00000003.BIN,C:\Users\Siya Bhadu\OneDrive\Desktop\ardupilot_parse\data\auto\00000003.BIN,00000003__descent_002,2,26466.421214,9.650000000001455,POS.RelHomeAlt,-0.0778440535068512,-0.07897236943244934,-5.0,-0.04187703132690335,5.510136604309082,ARSP.Airspeed,-0.3866114318370819,-0.3866114318370819,80.38800104767665,ArduPilot_AOA.AOA,8.854049682617188,8.854049682617188,1.1364187090553366,ArduPilot_AOA.SSA,ArduPilot_AOA,ground_relative_approx,0.008756129218569098,0.002133759204298258,-0.008492165245115757,0.05259056016802788,-0.31,-0.27,275.29,-0.31,-0.27,0.0,0.0,0.0,1501.0,1502.0,1000.0,1500.0,0.002,0.004,0.0,0.0,0.0,0.0,0.0,0.0,1493.0,1505.0,1579.0,1498.0,0.0,26.0,0.0,0.0006613195291720331,-0.0030097211711108685,-0.0008866025018505752,0.15836064517498016,0.1694418340921402,-9.77018928527832,32.9473589,-118.5318904,13.905941009521484,7.308096885681152,2.2788937091827393,,,,0.008900451409507312,0.0010573838601548756,0.052555691620970256,0.008900451409507312,0.0010573838601548756,0.052555691620970256,2,4,346335000,2436,28,0.52,32.947359,-118.5318891,261.29,0.0162204597145319,210.3905792236328,-0.03139089420437813,0.0,1,32.9473589,-118.5318904,261.0,-0.0778440535068512,-2.217844009399414,-0.31,-0.31,-0.27,-0.27,0.0,275.29,0.0,0.02,3,0,0.0006613195291720331,-0.0030097211711108685,-0.0008866025018505752,0.15836064517498016,0.1694418340921402,-9.77018928527832,0,0,45.0,1,1,3276,3276,-0.19,0.77,278.13,261.2200012207031,32.9473589,-118.5318894,0.7554593682289124,0.0031265055295079947,0.006191772874444723,-0.6551586985588074,2,0.12,0.54,276.53,0.002133759204298258,-0.008492165245115757,0.05259056016802788,-0.0396355576813221,13.905941009521484,7.308096885681152,2.2788937091827393,0.28,-0.11,0.01,261.07,1,0.18,-0.01,0.02,-0.93,3.95,239,48,385,11,-10,-22,0.0,0.0,-0.04983825981616974,-0.31,-0.31,-0.27,-0.27,0.0,26.0,0.0,5.350675582885742,1,4.276933193206787,1.0323870182037354,0,147.69117736816406,-79.28,-74.02,10.57,4.174069404602051,0.00544491782784462,15.86457347869873,32.9471741,-118.5303247,259.72,12.52,23.0,,,,,,,,,,,,,,,0,5.510136604309082,20.56453514099121,25.32,20.56453514099121,-2.490830183029175,1,1,1.0,0.33152395486831665,0,-0.3866114318370819,8.854049682617188,-0.21639372408390045,0.7739282250404358,278.1352233886719,1501,1502,1000,1500,1000,1000,1000,2000,1000,1500,0,0,0,0,1493,1505,1579,1498,1539,1428,1584,1464,0,1503,0,0,0,1500,0,0.1493101567029953,98544.25,46.44,-0.5405686497688293,27926578,0.0,25.329750061035156,1,0,0.28,4,25,-1,,,
auto,00000003.BIN,C:\Users\Siya Bhadu\OneDrive\Desktop\ardupilot_parse\data\auto\00000003.BIN,00000003__descent_002,2,26466.471214,9.700000000000728,POS.RelHomeAlt,-0.07629790902137756,-0.07707098126411438,-5.0,-0.04308581352296592,5.397064208984375,ARSP.Airspeed,-0.41668325662612915,-0.41668325662612915,-14.064117377960894,ArduPilot_AOA.AOA,8.89249324798584,8.89249324798584,-20.871121792196778,ArduPilot_AOA.SSA,ArduPilot_AOA,ground_relative_approx,0.013235739354082893,-0.0036915892269462347,-0.012710506096482277,-0.0029976407531648874,-0.28,-0.28,275.3,-0.28,-0.28,0.0,0.0,0.0,1502.0,1501.0,1000.0,1500.0,0.004,0.002,0.0,0.0,0.02000000000029104,0.0,0.0,0.0,1493.0,1505.0,1579.0,1498.0,0.0,26.0,0.0,0.009843691252171993,-0.007499162573367357,0.00212336634285748,0.1784926801919937,0.011078380979597569,-9.865166664123535,32.9473589,-118.5318904,13.899039268493652,7.314561367034912,2.2241616249084473,,,,0.012300374348041345,-0.004834882459680157,-0.003081452390249966,0.012300374348041345,-0.004834882459680157,-0.003081452390249966,2,4,346335000,2436,28,0.52,32.947359,-118.5318891,261.29,0.0162204597145319,210.3905792236328,-0.03139089420437813,0.0,1,32.9473589,-118.5318904,261.0,-0.07629790902137756,-2.2162978649139404,-0.28,-0.28,-0.28,-0.28,0.0,275.3,0.0,0.02,3,0,0.009843691252171993,-0.007499162573367357,0.00212336634285748,0.1784926801919937,0.011078380979597569,-9.865166664123535,0,0,45.0,1,1,3276,3276,-0.16,0.76,278.13,261.2200012207031,32.9473589,-118.5318894,0.7554660439491272,0.003291238332167268,0.005971925798803568,-0.6551523208618164,1,-0.14,-0.23,275.35,-0.0036915892269462347,-0.012710506096482277,-0.0029976407531648874,-0.057537492364645004,13.899039268493652,7.314561367034912,2.2241616249084473,-0.05,-0.03,-0.02,261.07,1,0.18,-0.01,0.02,-0.93,3.95,239,48,385,11,-10,-22,0.0,0.0,-0.04983825981616974,-0.28,-0.28,-0.28,-0.28,0.0,26.0,0.0,5.350675582885742,1,4.276933193206787,1.0323870182037354,0,147.69117736816406,-79.28,-74.02,10.57,4.174069404602051,0.00544491782784462,15.86457347869873,32.9471741,-118.5303247,259.72,12.52,23.0,,,,,,,,,,,,,,,0,5.397064208984375,19.729196548461914,25.32,19.729196548461914,-2.490830183029175,1,1,1.0,0.33152395486831665,0,-0.41668325662612915,8.89249324798584,-0.14705033600330353,0.7636247277259827,278.1342468261719,1502,1501,1000,1500,1000,1000,1001,2000,1000,1500,0,0,0,0,1493,1505,1579,1498,1539,1428,1584,1464,0,1503,0,0,0,1500,0,0.1493101567029953,98544.25,46.43,0.13537976145744324,27926677,0.0,25.329750061035156,1,0,0.28,4,25,-1,,,
auto,00000003.BIN,C:\Users\Siya Bhadu\OneDrive\Desktop\ardupilot_parse\data\auto\00000003.BIN,00000003__descent_002,2,26466.521214,9.75,POS.RelHomeAlt,-0.07302966713905334,-0.07466378808021545,-5.0,-0.049520730971108984,5.397064208984375,ARSP.Airspeed,-0.41668325662612915,-0.41668325662612915,72.43090134292568,ArduPilot_AOA.AOA,8.89249324798584,8.89249324798584,-1.3793783994290503,ArduPilot_AOA.SSA,ArduPilot_AOA,ground_relative_approx,0.01595670134537153,0.0004019815241917968,-0.01595163717865944,0.051153771579265594,-0.24,-0.28,275.31,-0.24,-0.28,0.0,0.0,0.0,1502.0,1502.0,1000.0,1500.0,0.004,0.004,0.0,0.0,0.0,2.9103837395627608e-12,0.0,0.0,1493.0,1505.0,1579.0,1498.0,0.0,26.0,0.0,0.00800120085477829,-0.004407801199704409,0.0008776463801041245,0.15108586847782135,0.027384066954255104,-9.841141700744629,32.9473589,-118.5318905,13.90730094909668,7.297815799713135,2.2775068283081055,,,,0.016170176220634866,-0.0012899117124149147,0.05107040428053073,0.016170176220634866,-0.0012899117124149147,0.05107040428053073,2,4,346335000,2436,28,0.52,32.947359,-118.5318891,261.29,0.0162204597145319,210.3905792236328,-0.03139089420437813,0.0,1,32.9473589,-118.5318905,261.0,-0.07302966713905334,-2.213029623031616,-0.24,-0.24,-0.28,-0.28,0.0,275.31,0.0,0.02,3,0,0.00800120085477829,-0.004407801199704409,0.0008776463801041245,0.15108586847782135,0.027384066954255104,-9.841141700744629,0,0,45.0,1,1,3276,3276,-0.12,0.76,278.13,261.2200012207031,32.947359,-118.5318891,0.7554565072059631,0.0035380590707063675,0.005779247265309095,-0.6551637649536133,2,0.18,0.54,276.56,0.0004019815241917968,-0.01595163717865944,0.051153771579265594,-0.015811381861567497,13.90730094909668,7.297815799713135,2.2775068283081055,0.28,-0.11,0.01,261.07,0,0.18,0.0,-0.02,-1.0,3.93,239,48,385,10,-9,-23,0.0,0.0,-0.044091660529375076,-0.24,-0.24,-0.28,-0.28,0.0,26.0,0.0,5.3646345138549805,1,4.363332271575928,1.0323870182037354,0,147.700439453125,-79.28,-74.02,10.56,4.174069404602051,0.00544491782784462,15.794759750366211,32.9471741,-118.5303247,259.72,12.52,23.0,,,,,,,,,,,,,,,0,5.397064208984375,19.729196548461914,25.32,19.729196548461914,-2.490830183029175,1,1,1.0,0.33152395486831665,0,-0.41668325662612915,8.89249324798584,-0.14705033600330353,0.7636247277259827,278.1342468261719,1502,1502,1000,1500,1000,1000,1000,2000,1000,1500,0,0,0,0,1493,1505,1579,1498,1539,1428,1584,1464,0,1503,0,0,0,1500,0,0.1493101567029953,98544.25,46.43,0.13537976145744324,27926677,0.0,25.329750061035156,1,0,0.28,4,25,-1,,,
auto,00000003.BIN,C:\Users\Siya Bhadu\OneDrive\Desktop\ardupilot_parse\data\auto\00000003.BIN,00000003__descent_002,2,26466.571214000003,9.80000000000291,POS.RelHomeAlt,-0.07120814919471741,-0.07211890816688538,-5.0,-0.04422307014320237,5.323859214782715,ARSP.Airspeed,-0.4216782748699188,-0.4216782748699188,-33.507102662972166,ArduPilot_AOA.AOA,8.853316307067871,8.853316307067871,-23.827445238739998,ArduPilot_AOA.SSA,ArduPilot_AOA,ground_relative_approx,0.02231020495328611,-0.008586342446506023,-0.020591745153069496,-0.012865619733929634,-0.24,-0.28,275.32,-0.24,-0.28,0.0,0.0,0.0,1502.0,1501.0,1000.0,1500.0,0.004,0.002,0.0,0.0,-0.020000000001018634,2.9103872090097127e-12,0.0,0.0,1494.0,1505.0,1579.0,1498.0,0.0,26.0,0.0,-0.0012747718719765544,-0.0027616347651928663,0.0007568699074909091,0.08642685413360596,0.1177949458360672,-9.831911087036133,32.9473589,-118.5318905,13.890922546386719,7.299753665924072,2.2112081050872803,,,,0.01964382584909285,-0.010404198754642926,-0.013005466945869728,0.01964382584909285,-0.010404198754642926,-0.013005466945869728,2,4,346335000,2436,28,0.52,32.947359,-118.5318891,261.29,0.0162204597145319,210.3905792236328,-0.03139089420437813,0.0,1,32.9473589,-118.5318905,261.0,-0.07120814919471741,-2.2112081050872803,-0.24,-0.24,-0.28,-0.28,0.0,275.32,0.0,0.02,3,0,-0.0012747718719765544,-0.0027616347651928663,0.0007568699074909091,0.08642685413360596,0.1177949458360672,-9.831911087036133,0,0,45.0,1,1,3276,3276,-0.13,0.76,278.12,261.2200012207031,32.947359,-118.5318891,0.7554343342781067,0.0035218074917793274,0.005820718593895435,-0.655189037322998,0,-0.24,-0.28,275.31,-0.008586342446506023,-0.020591745153069496,-0.012865619733929634,-0.041854385286569595,13.890922546386719,7.299753665924072,2.2112081050872803,-0.12,-0.25,-0.18,261.07,2,0.18,-0.05,0.03,-1.08,3.92,239,48,385,14,-12,-21,0.0,0.0,-0.005415600724518299,-0.24,-0.24,-0.28,-0.28,0.0,26.0,0.0,5.3646345138549805,1,4.363332271575928,1.0323870182037354,0,147.70968627929688,-79.28,-74.02,10.56,4.174069404602051,0.00544491782784462,15.780800819396973,32.9471741,-118.5303247,259.72,12.52,23.0,,,,,,,,,,,,,,,0,5.323859214782715,19.197616577148438,25.32,19.197616577148438,-2.490830183029175,1,1,1.0,0.33152395486831665,0,-0.4216782748699188,8.853316307067871,-0.1321551501750946,0.7683161497116089,278.1289367675781,1502,1501,1000,1500,1000,1000,1000,2000,1000,1500,0,0,0,0,1494,1505,1579,1498,1539,1428,1584,1465,0,1503,0,0,0,1500,0,0.042565446346998215,98545.453125,46.44,0.6990668177604675,27926778,0.0,25.329750061035156,1,0,0.28,4,25,-1,,,
auto,00000003.BIN,C:\Users\Siya Bhadu\OneDrive\Desktop\ardupilot_parse\data\auto\00000003.BIN,00000003__descent_002,2,26466.621214000003,9.850000000002183,POS.RelHomeAlt,-0.06927481293678284,-0.07024148106575012,-5.0,-0.04068374633848271,5.323859214782715,ARSP.Airspeed,-0.4216782748699188,-0.4216782748699188,-32.54366141020977,ArduPilot_AOA.AOA,8.853316307067871,8.853316307067871,-28.43832162750341,ArduPilot_AOA.SSA,ArduPilot_AOA,ground_relative_approx,0.023610341717421168,-0.010878155007958412,-0.020955046638846397,-0.012477276846766472,-0.26,-0.28,275.32,-0.26,-0.28,0.0,0.0,0.0,1501.0,1502.0,1000.0,1500.0,0.002,0.004,0.0,0.0,0.0,0.0,0.0,0.0,1494.0,1505.0,1579.0,1498.0,0.0,26.0,0.0,-0.005992582067847252,-0.0038858482148498297,-0.002049645408987999,0.0921788364648819,-0.0014985528541728854,-9.804890632629395,32.9473589,-118.5318906,13.891389846801758,7.295718669891357,2.2092747688293457,,,,0.019794965753945484,-0.012717018401834168,-0.012632000921935902,0.019794965753945484,-0.012717018401834168,-0.012632000921935902,2,4,346335200,2436,28,0.52,32.9473592,-118.5318878,261.19,0.023254547268152237,122.36619567871094,0.020745620131492615,0.0,1,32.9473589,-118.5318906,261.0099792480469,-0.06927481293678284,-2.2092747688293457,-0.26,-0.26,-0.28,-0.28,0.0,275.32,0.0,0.02,3,0,-0.005992582067847252,-0.0038858482148498297,-0.002049645408987999,0.0921788364648819,-0.0014985528541728854,-9.804890632629395,0,0,45.0,1,1,3276,3276,-0.14,0.76,278.11,261.1199951171875,32.947359,-118.5318891,0.755372941493988,0.003406790317967534,0.005913775879889727,-0.6552596092224121,0,-0.26,-0.28,275.31,-0.010878155007958412,-0.020955046638846397,-0.012477276846766472,-0.04281777888536453,13.891389846801758,7.295718669891357,2.2092747688293457,-0.12,-0.25,-0.18,261.07,1,0.18,-0.01,0.02,-0.93,3.95,239,48,385,11,-10,-22,0.0,0.0,-0.04983825981616974,-0.26,-0.26,-0.28,-0.28,0.0,26.0,0.0,5.3524346351623535,1,4.363332271575928,1.0323870182037354,0,147.70968627929688,-79.28,-74.02,10.56,4.174069404602051,0.00544491782784462,15.780800819396973,32.9471741,-118.5303247,259.72,12.52,23.0,,,,,,,,,,,,,,,0,5.323859214782715,19.197616577148438,25.32,19.197616577148438,-2.490830183029175,1,1,1.0,0.33152395486831665,0,-0.4216782748699188,8.853316307067871,-0.1321551501750946,0.7683161497116089,278.1289367675781,1501,1502,1000,1500,1000,1000,1000,2000,1000,1500,0,0,0,0,1494,1505,1579,1498,1539,1428,1584,1465,0,1503,0,0,0,1500,0,0.042565446346998215,98545.453125,46.44,0.6990668177604675,27926778,0.0,25.329750061035156,1,0,0.28,4,25,-1,,,
auto,00000003.BIN,C:\Users\Siya Bhadu\OneDrive\Desktop\ardupilot_parse\data\auto\00000003.BIN,00000003__descent_002,2,26466.671214,9.900000000001455,POS.RelHomeAlt,-0.06682625412940979,-0.06805053353309631,-5.0,-0.05918024107899955,5.228232383728027,ARSP.Airspeed,-0.42061057686805725,-0.42061057686805725,72.47401293971856,ArduPilot_AOA.AOA,8.848155975341797,8.848155975341797,-3.5628376242388438,ArduPilot_AOA.SSA,ArduPilot_AOA,ground_relative_approx,0.015956106384833788,-0.0015834229998290539,-0.015877345576882362,0.0504719540476799,-0.28,-0.28,275.3,-0.28,-0.28,0.0,0.0,0.0,1502.0,1501.0,1000.0,1500.0,0.004,0.002,0.0,0.0,0.02000000000029104,-0.02000000000029104,0.0,0.0,1494.0,1505.0,1579.0,1498.0,0.0,26.0,0.0,-0.011572974734008312,-0.005405257921665907,-0.007572932168841362,0.12157077342271805,0.02259013056755066,-9.864587783813477,32.9473589,-118.5318906,13.908492088317871,7.286509037017822,2.2740228176116943,,,,0.01590966790195338,-0.0032894912923087773,0.05037933297139437,0.01590966790195338,-0.0032894912923087773,0.05037933297139437,2,4,346335200,2436,28,0.52,32.9473592,-118.5318878,261.19,0.023254547268152237,122.36619567871094,0.020745620131492615,0.0,1,32.9473589,-118.5318906,261.0099792480469,-0.06682625412940979,-2.2068262100219727,-0.28,-0.28,-0.28,-0.28,0.0,275.3,0.0,0.02,3,0,-0.011572974734008312,-0.005405257921665907,-0.007572932168841362,0.12157077342271805,0.02259013056755066,-9.864587783813477,0,0,45.0,1,1,3276,3276,-0.17,0.76,278.09,261.1199951171875,32.947359,-118.5318891,0.7552546858787537,0.003242220263928175,0.006035422906279564,-0.6553956270217896,2,0.15,0.54,276.55,-0.0015834229998290539,-0.015877345576882362,0.0504719540476799,-0.023833343759179115,13.908492088317871,7.286509037017822,2.2740228176116943,0.28,-0.11,0.01,261.07,2,0.18,-0.05,0.03,-1.08,3.92,239,48,385,14,-12,-21,0.0,0.0,-0.005415600724518299,-0.28,-0.28,-0.28,-0.28,0.0,26.0,0.0,5.3524346351623535,1,4.363332271575928,1.0323870182037354,0,147.70968627929688,-79.28,-74.02,10.56,4.174069404602051,0.00544491782784462,15.780800819396973,32.9471741,-118.5303247,259.72,12.52,23.0,,,,,,,,,,,,,,,0,5.228232383728027,18.514156341552734,25.32,18.514156341552734,-2.490830183029175,1,1,1.0,0.33152395486831665,0,-0.42061057686805725,8.848155975341797,-0.18677859008312225,0.7667148113250732,278.0850524902344,1502,1501,1000,1500,1000,1000,1000,2000,1000,1500,0,0,0,0,1494,1505,1579,1498,1540,1427,1584,1465,0,1503,0,0,0,1500,0,-0.18460920453071594,98548.03125,46.44,0.4123327434062958,27926877,0.0,25.329750061035156,1,0,0.28,4,25,-1,,,
auto,00000003.BIN,C:\Users\Siya Bhadu\OneDrive\Desktop\ardupilot_parse\data\auto\00000003.BIN,00000003__descent_002,2,26466.721214,9.950000000000728,POS.RelHomeAlt,-0.061820659786462784,-0.06432345695793629,-5.0,-0.07607575506082609,5.228232383728027,ARSP.Airspeed,-0.42061057686805725,-0.42061057686805725,70.54887020371771,ArduPilot_AOA.AOA,8.848155975341797,8.848155975341797,-2.0391266706270152,ArduPilot_AOA.SSA,ArduPilot_AOA,ground_relative_approx,0.017671812505934834,-2.5238039143005153e-06,-0.01767181232571602,0.050623465329408646,-0.32,-0.28,275.27,-0.32,-0.28,0.0,0.0,0.0,1502.0,1501.0,1000.0,1500.0,0.004,0.002,0.0,0.0,-0.02000000000029104,0.02000000000029104,0.0,0.0,1494.0,1505.0,1579.0,1498.0,0.0,26.0,0.0,-0.01394257415086031,-0.0038503999821841717,-0.009913000278174877,0.12362363934516907,0.09959521889686584,-9.832963943481445,32.9473589,-118.5318907,13.908897399902344,7.280055999755859,2.271404266357422,,,,0.017844062285300735,-0.0019078795052113974,0.050526999081230387,0.017844062285300735,-0.0019078795052113974,0.050526999081230387,2,4,346335200,2436,28,0.52,32.9473592,-118.5318878,261.19,0.023254547268152237,122.36619567871094,0.020745620131492615,0.0,1,32.9473589,-118.5318907,261.0099792480469,-0.061820659786462784,-2.2018206119537354,-0.32,-0.32,-0.28,-0.28,0.0,275.27,0.01,0.02,3,0,-0.01394257415086031,-0.0038503999821841717,-0.009913000278174877,0.12362363934516907,0.09959521889686584,-9.832963943481445,0,0,45.0,1,1,3276,3276,-0.22,0.77,278.04,260.8899841308594,32.9473592,-118.5318878,0.7549660801887512,0.0029744107741862535,0.006384693551808596,-0.6557260155677795,2,0.1,0.54,276.52,-2.5238039143005153e-06,-0.01767181232571602,0.050623465329408646,-0.029948219656944275,13.908897399902344,7.280055999755859,2.271404266357422,0.28,-0.11,0.01,261.07,1,0.18,-0.01,0.02,-0.93,3.95,239,48,385,11,-10,-22,0.0,0.0,-0.04983825981616974,-0.32,-0.32,-0.28,-0.28,0.0,26.0,0.0,5.315478801727295,1,4.428240776062012,1.0323870182037354,0,147.71893310546875,-79.28,-74.02,10.55,4.174069404602051,0.00544491782784462,15.793001174926758,32.9471741,-118.5303247,259.72,12.52,23.0,,,,,,,,,,,,,,,0,5.228232383728027,18.514156341552734,25.32,18.514156341552734,-2.490830183029175,1,1,1.0,0.33152395486831665,0,-0.42061057686805725,8.848155975341797,-0.18677859008312225,0.7667148113250732,278.0850524902344,1502,1501,1000,1500,1000,1000,1000,2000,1000,1501,0,0,0,0,1494,1505,1579,1498,1540,1427,1584,1465,0,1503,0,0,0,1500,0,-0.18460920453071594,98548.03125,46.44,0.4123327434062958,27926877,0.0,25.329750061035156,1,0,0.28,4,25,-1,,,
auto,00000003.BIN,C:\Users\Siya Bhadu\OneDrive\Desktop\ardupilot_parse\data\auto\00000003.BIN,00000003__descent_002,2,26466.771214,10.0,POS.RelHomeAlt,-0.059065256267786026,-0.060442958027124405,-5.0,-0.06355641409718271,5.141737461090088,ARSP.Airspeed,-0.4249061346054077,-0.4249061346054077,67.7245546326587,ArduPilot_AOA.AOA,8.88468074798584,8.88468074798584,-1.8238517897772297,ArduPilot_AOA.SSA,ArduPilot_AOA,ground_relative_approx,0.02010734154302095,0.00041276737465523183,-0.020103104412555695,0.049661897122859955,-0.32,-0.28,275.25,-0.32,-0.28,0.0,0.0,0.0,1501.0,1502.0,1000.0,1500.0,0.002,0.004,0.0,0.0,-2.9103872090097127e-12,2.9103837395627608e-12,0.0,0.0,1494.0,1505.0,1579.0,1498.0,0.0,26.0,0.0,-0.006740228738635778,-0.004878512118011713,-0.009481922723352909,0.16292521357536316,0.08220944553613663,-9.837157249450684,32.9473589,-118.5318907,13.909111976623535,7.277143478393555,2.269989490509033,,,,0.020298992668687885,-0.0017052207210677425,0.049554538931345316,0.020298992668687885,-0.0017052207210677425,0.049554538931345316,2,4,346335200,2436,28,0.52,32.9473592,-118.5318878,261.19,0.023254547268152237,122.36619567871094,0.020745620131492615,0.0,1,32.9473589,-118.5318907,261.0199890136719,-0.059065256267786026,-2.1990652084350586,-0.32,-0.32,-0.28,-0.28,0.0,275.25,0.01,0.02,3,0,-0.006740228738635778,-0.004878512118011713,-0.009481922723352909,0.16292521357536316,0.08220944553613663,-9.837157249450684,0,0,45.0,1,1,3276,3276,-0.22,0.78,278.02,260.8899841308594,32.9473592,-118.5318878,0.7548191547393799,0.0029823521617799997,0.006448435131460428,-0.6558944582939148,2,0.1,0.54,276.5,0.00041276737465523183,-0.020103104412555695,0.049661897122859955,-0.03577262535691261,13.909111976623535,7.277143478393555,2.269989490509033,0.28,-0.11,0.01,261.07,1,0.18,-0.01,0.02,-0.93,3.95,239,48,385,11,-10,-22,0.0,0.0,-0.04983825981616974,-0.32,-0.32,-0.28,-0.28,0.0,26.0,0.0,5.315478801727295,1,4.428240776062012,1.0323870182037354,0,147.72817993164062,-79.28,-74.02,10.54,4.174069404602051,0.00544491782784462,15.8299560546875,32.9471741,-118.5303247,259.72,12.52,23.0,,,,,,,,,,,,,,,0,5.141737461090088,17.90663719177246,25.32,17.90663719177246,-2.490830183029175,1,1,1.0,0.33152395486831665,0,-0.4249061346054077,8.88468074798584,-0.22672347724437714,0.7819414138793945,278.0210266113281,1501,1502,1000,1500,1000,1000,1000,2000,1000,1500,0,0,0,0,1494,1505,1579,1498,1540,1427,1584,1465,0,1503,0,0,0,1501,0,-0.07239039987325668,98546.75,46.44,-0.3942625820636749,27926977,0.0,25.329750061035156,1,0,0.28,4,25,-1,,,
auto,00000003.BIN,C:\Users\Siya Bhadu\OneDrive\Desktop\ardupilot_parse\data\auto\00000003.BIN,00000003__descent_002,2,26466.821214000003,10.05000000000291,POS.RelHomeAlt,-0.05687037482857704,-0.057967815548181534,-5.0,-0.04681944846985209,5.141737461090088,ARSP.Airspeed,-0.4249061346054077,-0.4249061346054077,67.05005534528296,ArduPilot_AOA.AOA,8.88468074798584,8.88468074798584,-4.103433047087066,ArduPilot_AOA.SSA,ArduPilot_AOA,ground_relative_approx,0.020895701252310293,-0.0016709370538592339,-0.020828785374760628,0.0493127778172493,-0.31,-0.28,275.24,-0.31,-0.28,0.0,0.0,0.0,1502.0,1501.0,1000.0,1500.0,0.004,0.002,0.0,0.0,-2.9103837395627608e-12,2.9103872090097127e-12,0.0,0.0,1493.0,1505.0,1579.0,1498.0,0.0,26.0,0.0,0.001539375982247293,-0.002536608837544918,-0.00853237509727478,0.14768578112125397,0.027096057310700417,-9.844511032104492,32.947359,-118.5318907,13.909867286682129,7.276322364807129,2.268555164337158,,,,0.020829877280118606,-0.0038324082310284805,0.04919155665889361,0.020829877280118606,-0.0038324082310284805,0.04919155665889361,2,4,346335400,2436,28,0.52,32.947359,-118.5318892,261.3,0.016560226678848267,251.4693145751953,0.026403792202472687,0.0,1,32.947359,-118.5318907,261.0199890136719,-0.05687037482857704,-2.1968703269958496,-0.31,-0.31,-0.28,-0.28,0.0,275.24,0.01,0.02,3,0,0.001539375982247293,-0.002536608837544918,-0.00853237509727478,0.14768578112125397,0.027096057310700417,-9.844511032104492,0,0,45.0,1,1,3276,3276,-0.21,0.79,278.0,261.0,32.9473592,-118.5318878,0.7547016143798828,0.0031365412287414074,0.0064439536072313786,-0.6560290455818176,2,0.11,0.54,276.49,-0.0016709370538592339,-0.020828785374760628,0.0493127778172493,-0.037325285375118256,13.909867286682129,7.276322364807129,2.268555164337158,0.28,-0.11,0.01,261.07,0,0.18,0.0,-0.02,-1.0,3.93,239,48,385,10,-9,-23,0.0,0.0,-0.044091660529375076,-0.31,-0.31,-0.28,-0.28,0.0,26.0,0.0,5.26395845413208,1,4.428240776062012,1.0323870182037354,0,147.72817993164062,-79.28,-74.02,10.54,4.174069404602051,0.00544491782784462,15.8299560546875,32.9471741,-118.5303247,259.72,12.52,23.0,,,,,,,,,,,,,,,0,5.141737461090088,17.90663719177246,25.32,17.90663719177246,-2.490830183029175,1,1,1.0,0.33152395486831665,0,-0.4249061346054077,8.88468074798584,-0.22672347724437714,0.7819414138793945,278.0210266113281,1502,1501,1000,1500,1000,1000,1000,2000,1000,1500,0,0,0,0,1493,1505,1579,1498,1539,1428,1584,1464,0,1503,0,0,0,1500,0,-0.07239039987325668,98546.75,46.44,-0.3942625820636749,27926977,0.0,25.329750061035156,1,0,0.28,4,25,-1,,,
auto,00000003.BIN,C:\Users\Siya Bhadu\OneDrive\Desktop\ardupilot_parse\data\auto\00000003.BIN,00000003__descent_002,2,26466.871214000003,10.100000000002183,POS.RelHomeAlt,-0.0546516515314579,-0.05576101318001747,-5.0,-0.05206942558364347,4.941592693328857,ARSP.Airspeed,-0.4446277618408203,-0.4446277618408203,66.89979828958057,ArduPilot_AOA.AOA,8.886969566345215,8.886969566345215,-2.47542583376697,ArduPilot_AOA.SSA,ArduPilot_AOA,ground_relative_approx,0.020992975346534833,-0.00016983244859147817,-0.02099228836596012,0.049654990434646606,-0.28,-0.28,275.24,-0.28,-0.28,0.0,0.0,0.0,1501.0,1502.0,1000.0,1500.0,0.002,0.004,0.0,0.0,0.0,0.02000000000029104,0.0,0.0,1494.0,1505.0,1579.0,1498.0,0.0,26.0,0.0,0.009405969642102718,-0.0061788540333509445,-0.0012111985124647617,0.1568101942539215,0.19140398502349854,-9.775618553161621,32.947359,-118.5318907,13.910470008850098,7.275452613830566,2.2671473026275635,,,,0.021131458357504587,-0.002328434975242705,0.04954152750184618,0.021131458357504587,-0.002328434975242705,0.04954152750184618,2,4,346335400,2436,28,0.52,32.947359,-118.5318892,261.3,0.016560226678848267,251.4693145751953,0.026403792202472687,0.0,1,32.947359,-118.5318907,261.0199890136719,-0.0546516515314579,-2.1946516036987305,-0.28,-0.28,-0.28,-0.28,0.0,275.24,0.01,0.02,3,0,0.009405969642102718,-0.0061788540333509445,-0.0012111985124647617,0.1568101942539215,0.19140398502349854,-9.775618553161621,0,0,45.0,1,1,3276,3276,-0.18,0.79,277.99,261.0,32.9473592,-118.5318878,0.7546643018722534,0.003328787162899971,0.006320929620414972,-0.656072199344635,2,0.14,0.54,276.49,-0.00016983244859147817,-0.02099228836596012,0.049654990434646606,-0.0377265103161335,13.910470008850098,7.275452613830566,2.2671473026275635,0.28,-0.11,0.01,261.07,2,0.18,-0.05,0.03,-1.08,3.92,239,48,385,14,-12,-21,0.0,0.0,-0.005415600724518299,-0.28,-0.28,-0.28,-0.28,0.0,26.0,0.0,5.26395845413208,1,4.428240776062012,1.0323870182037354,0,147.72817993164062,-79.28,-74.02,10.54,4.174069404602051,0.00544491782784462,15.8299560546875,32.9471741,-118.5303247,259.72,12.52,23.0,,,,,,,,,,,,,,,0,4.941592693328857,16.539718627929688,25.32,16.539718627929688,-2.490830183029175,1,1,1.0,0.33152395486831665,0,-0.4446277618408203,8.886969566345215,-0.1716257631778717,0.7948606610298157,277.995849609375,1501,1502,1000,1500,1000,1000,1000,2000,1000,1500,0,0,0,0,1494,1505,1579,1498,1540,1427,1584,1465,0,1503,0,0,0,1500,0,0.026143182069063187,98545.640625,46.44,-0.796998918056488,27927076,0.0,25.329750061035156,1,0,0.28,4,25,-1,,,
auto,00000003.BIN,C:\Users\Siya Bhadu\OneDrive\Desktop\ardupilot_parse\data\auto\00000003.BIN,00000003__descent_002,2,26466.921214,10.150000000001455,POS.RelHomeAlt,-0.05087009444832802,-0.05276087298989296,-5.0,-0.053688287735766616,4.941592693328857,ARSP.Airspeed,-0.4446277618408203,-0.4446277618408203,-25.301637044625966,ArduPilot_AOA.AOA,8.886969566345215,8.886969566345215,-16.193671999526686,ArduPilot_AOA.SSA,ArduPilot_AOA,ground_relative_approx,0.031141132078748315,-0.006783194374293089,-0.030393393710255623,-0.013788200914859772,-0.24,-0.29,275.29,-0.24,-0.29,0.0,0.0,0.0,1502.0,1502.0,1000.0,1500.0,0.004,0.004,0.0,0.0,0.0,0.0,0.0,0.0,1494.0,1505.0,1579.0,1498.0,0.0,26.0,0.0,0.008146622218191624,-0.008315418846905231,0.005173712968826294,0.17468082904815674,0.17393819987773895,-9.869955062866211,32.947359,-118.5318907,13.89445686340332,7.278481960296631,2.1908700466156006,,,,0.02956838579874797,-0.009498009860318011,-0.013977945541612628,0.02956838579874797,-0.009498009860318011,-0.013977945541612628,2,4,346335400,2436,28,0.52,32.947359,-118.5318892,261.3,0.016560226678848267,251.4693145751953,0.026403792202472687,0.0,1,32.947359,-118.5318907,261.0199890136719,-0.05087009444832802,-2.1908700466156006,-0.24,-0.24,-0.29,-0.29,0.0,275.29,0.01,0.02,3,0,0.008146622218191624,-0.008315418846905231,0.005173712968826294,0.17468082904815674,0.17393819987773895,-9.869955062866211,0,0,45.0,1,1,3276,3276,-0.13,0.79,278.02,261.1000061035156,32.947359,-118.5318892,0.7548232674598694,0.0036301976069808006,0.005987410433590412,-0.6558907628059387,0,-0.24,-0.29,275.28,-0.006783194374293089,-0.030393393710255623,-0.013788200914859772,-0.05683411657810211,13.89445686340332,7.278481960296631,2.1908700466156006,-0.12,-0.25,-0.18,261.07,2,0.18,-0.05,0.03,-1.08,3.92,239,48,385,14,-12,-21,0.0,0.0,-0.005415600724518299,-0.24,-0.24,-0.29,-0.29,0.0,26.0,0.0,5.1693596839904785,1,4.464053153991699,1.0323870182037354,0,147.729736328125,-79.28,-74.02,10.54,4.174069404602051,0.00544491782784462,15.881477355957031,32.9471741,-118.5303247,259.72,12.52,23.0,,,,,,,,,,,,,,,0,4.941592693328857,16.539718627929688,25.32,16.539718627929688,-2.490830183029175,1,1,1.0,0.33152395486831665,0,-0.4446277618408203,8.886969566345215,-0.1716257631778717,0.7948606610298157,277.995849609375,1502,1502,1000,1500,1000,1000,1000,2000,1000,1500,0,0,0,0,1494,1505,1579,1498,1540,1427,1584,1465,0,1503,0,0,0,1500,0,0.026143182069063187,98545.640625,46.44,-0.796998918056488,27927076,0.0,25.329750061035156,1,0,0.28,4,25,-1,,,
auto,00000003.BIN,C:\Users\Siya Bhadu\OneDrive\Desktop\ardupilot_parse\data\auto\00000003.BIN,00000003__descent_002,2,26466.971214,10.200000000000728,POS.RelHomeAlt,-0.049914274364709854,-0.050392184406518936,-5.0,-0.03250241279649352,4.975509166717529,ARSP.Airspeed,-0.4625622034072876,-0.4625622034072876,64.07781942739675,ArduPilot_AOA.AOA,8.912444114685059,8.912444114685059,-0.5338977313837516,ArduPilot_AOA.SSA,ArduPilot_AOA,ground_relative_approx,0.024144490263680596,0.001929980586282909,-0.0240672305226326,0.05031850188970566,-0.24,-0.29,275.32,-0.24,-0.29,0.0,0.0,0.0,1501.0,1502.0,1000.0,1500.0,0.002,0.004,0.0,0.0,-0.02000000000029104,-0.02000000000029104,0.0,0.0,1493.0,1505.0,1579.0,1498.0,0.0,26.0,0.0,0.0005010734894312918,-0.002745802281424403,0.010647575370967388,0.1276177018880844,-0.0014442985411733389,-9.806234359741211,32.947359,-118.5318908,13.912403106689453,7.2718000411987305,2.265402317047119,,,,0.024396877110729027,-0.0005200579899712363,0.05019392363073773,0.024396877110729027,-0.0005200579899712363,0.05019392363073773,2,4,346335400,2436,28,0.52,32.947359,-118.5318892,261.3,0.016560226678848267,251.4693145751953,0.026403792202472687,0.0,1,32.947359,-118.5318908,261.0299987792969,-0.049914274364709854,-2.1899142265319824,-0.24,-0.24,-0.29,-0.29,0.0,275.32,0.01,0.02,3,0,0.0005010734894312918,-0.002745802281424403,0.010647575370967388,0.1276177018880844,-0.0014442985411733389,-9.806234359741211,0,0,45.0,1,1,3276,3276,-0.12,0.79,278.04,261.1000061035156,32.947359,-118.5318892,0.7549400329589844,0.0036926267202943563,0.005936014465987682,-0.6557565331459045,2,0.19,0.53,276.56,0.001929980586282909,-0.0240672305226326,0.05031850188970566,-0.017545390874147415,13.912403106689453,7.2718000411987305,2.265402317047119,0.28,-0.11,0.01,261.07,2,0.18,-0.05,0.03,-1.08,3.92,239,48,385,14,-12,-21,0.0,0.0,-0.005415600724518299,-0.24,-0.24,-0.29,-0.29,0.0,26.0,0.0,5.1693596839904785,1,4.464053153991699,1.0323870182037354,0,147.73898315429688,-79.28,-74.02,10.53,4.174069404602051,0.00544491782784462,15.976076126098633,32.9471741,-118.5303247,259.72,12.52,23.0,,,,,,,,,,,,,,,0,4.975509166717529,16.76753807067871,25.32,16.76753807067871,-2.490830183029175,1,1,1.0,0.33152395486831665,0,-0.4625622034072876,8.912444114685059,-0.1266196072101593,0.7910279631614685,278.042724609375,1501,1502,1000,1500,1000,1000,1000,2000,1000,1500,0,0,0,0,1493,1505,1579,1498,1539,1428,1584,1464,0,1503,0,0,0,1500,0,-0.055968135595321655,98546.578125,46.44,-0.3990151882171631,27927178,0.0,25.329750061035156,1,0,0.28,4,25,-1,,,
auto,00000003.BIN,C:\Users\Siya Bhadu\OneDrive\Desktop\ardupilot_parse\data\auto\00000003.BIN,00000003__descent_002,2,26467.021214,10.25,POS.RelHomeAlt,-0.049106989055871964,-0.04951063171029091,-5.0,-0.01569747924784487,4.975509166717529,ARSP.Airspeed,-0.4625622034072876,-0.4625622034072876,-8.519869116275819,ArduPilot_AOA.AOA,8.912444114685059,8.912444114685059,-13.445077777099295,ArduPilot_AOA.SSA,ArduPilot_AOA,ground_relative_approx,0.02736668832169443,-0.003942855168133974,-0.027081165462732315,-0.0038200311828404665,-0.24,-0.29,275.33,-0.24,-0.29,0.0,0.0,0.0,1501.0,1501.0,1000.0,1500.0,0.002,0.002,0.0,0.0,0.0,-0.020000000001018637,0.0,0.0,1493.0,1505.0,1579.0,1498.0,0.0,26.0,0.0,-0.0034434001427143812,-0.0033737930934876204,0.00747776310890913,0.11729387193918228,-0.021265937015414238,-9.839076042175293,32.947359,-118.5318908,13.903733253479004,7.278444766998291,2.1987335681915283,,,,0.026578136852905398,-0.006424807425173256,-0.0039815523244471325,0.026578136852905398,-0.006424807425173256,-0.0039815523244471325,2,4,346335600,2436,28,0.52,32.9473593,-118.5318869,261.12,0.034642815589904785,163.8675079345703,0.021377086639404297,0.0,1,32.947359,-118.5318908,261.0299987792969,-0.049106989055871964,-2.1891069412231445,-0.24,-0.24,-0.29,-0.29,0.0,275.33,0.01,0.02,3,0,-0.0034434001427143812,-0.0033737930934876204,0.00747776310890913,0.11729387193918228,-0.021265937015414238,-9.839076042175293,0,0,45.0,1,1,3276,3276,-0.12,0.78,278.05,261.0199890136719,32.947359,-118.5318892,0.7550008296966553,0.0036672865971922874,0.005884678103029728,-0.6556872725486755,1,-0.1,-0.24,275.39,-0.003942855168133974,-0.027081165462732315,-0.0038200311828404665,-0.027736710384488106,13.903733253479004,7.278444766998291,2.1987335681915283,-0.05,-0.03,-0.02,261.07,2,0.18,-0.05,0.03,-1.08,3.92,239,48,385,14,-12,-21,0.0,0.0,-0.005415600724518299,-0.24,-0.24,-0.29,-0.29,0.0,26.0,0.0,5.111976623535156,1,4.464053153991699,1.0323870182037354,0,147.73898315429688,-79.28,-74.02,10.53,4.174069404602051,0.00544491782784462,15.976076126098633,32.9471741,-118.5303247,259.72,12.52,23.0,,,,,,,,,,,,,,,0,4.975509166717529,16.76753807067871,25.32,16.76753807067871,-2.490830183029175,1,1,1.0,0.33152395486831665,0,-0.4625622034072876,8.912444114685059,-0.1266196072101593,0.7910279631614685,278.042724609375,1501,1501,1000,1500,1000,1000,1000,2000,1000,1500,0,0,0,0,1493,1505,1579,1498,1539,1428,1584,1464,0,1503,0,0,0,1500,0,-0.055968135595321655,98546.578125,46.44,-0.3990151882171631,27927178,0.0,25.329750061035156,1,0,0.28,4,25,-1,,,
auto,00000003.BIN,C:\Users\Siya Bhadu\OneDrive\Desktop\ardupilot_parse\data\auto\00000003.BIN,00000003__descent_002,2,26467.071214000003,10.30000000000291,POS.RelHomeAlt,-0.048537883907556534,-0.04882243648171425,-5.0,-0.01733422279346053,4.90744161605835,ARSP.Airspeed,-0.44931110739707947,-0.44931110739707947,63.67012682363532,ArduPilot_AOA.AOA,8.79305362701416,8.79305362701416,-1.7581701080695398,ArduPilot_AOA.SSA,ArduPilot_AOA,ground_relative_approx,0.023807437206196134,0.0007679633563384414,-0.023795047774910927,0.048642802983522415,-0.25,-0.29,275.34,-0.25,-0.29,0.0,0.0,0.0,1501.0,1501.0,1000.0,1500.0,0.002,0.002,0.0,0.0,0.0,0.0,0.0,0.0,1494.0,1505.0,1579.0,1498.0,0.0,26.0,0.0,-0.006129578687250614,-0.004420535173267126,-0.002126997336745262,0.09646111726760864,0.044344834983348846,-9.847918510437012,32.947359,-118.5318908,13.913399696350098,7.267037868499756,2.2654943466186523,,,,0.024009145491554244,-0.0016615749602180263,0.048515115684059806,0.024009145491554244,-0.0016615749602180263,0.048515115684059806,2,4,346335600,2436,28,0.52,32.9473593,-118.5318869,261.12,0.034642815589904785,163.8675079345703,0.021377086639404297,0.0,1,32.947359,-118.5318908,261.0299987792969,-0.048537883907556534,-2.188537836074829,-0.25,-0.25,-0.29,-0.29,0.0,275.34,0.01,0.02,3,0,-0.006129578687250614,-0.004420535173267126,-0.002126997336745262,0.09646111726760864,0.044344834983348846,-9.847918510437012,0,0,45.0,1,1,3276,3276,-0.13,0.77,278.04,261.0199890136719,32.947359,-118.5318892,0.7549787759780884,0.0035984439309686422,0.005875272210687399,-0.6557130217552185,2,0.17,0.53,276.59,0.0007679633563384414,-0.023795047774910927,0.048642802983522415,-0.002336094155907631,13.913399696350098,7.267037868499756,2.2654943466186523,0.28,-0.11,0.01,261.07,2,0.18,-0.05,0.03,-1.08,3.92,239,48,385,14,-12,-21,0.0,0.0,-0.005415600724518299,-0.25,-0.25,-0.29,-0.29,0.0,26.0,0.0,5.111976623535156,1,4.464053153991699,1.0323870182037354,0,147.73898315429688,-79.28,-74.02,10.53,4.174069404602051,0.00544491782784462,15.976076126098633,32.9471741,-118.5303247,259.72,12.52,23.0,,,,,,,,,,,,,,,0,4.90744161605835,16.311899185180664,25.32,16.311899185180664,-2.490830183029175,1,1,1.0,0.33152395486831665,0,-0.44931110739707947,8.79305362701416,-0.12760263681411743,0.7755612730979919,278.0399169921875,1501,1501,1000,1500,1000,1000,1000,2000,1000,1500,0,0,0,0,1494,1505,1579,1498,1540,1427,1584,1465,0,1503,0,0,0,1500,0,-0.16271284222602844,98547.796875,46.44,0.11028122901916504,27927277,0.0,25.329750061035156,1,0,0.28,4,25,-1,,,
auto,00000003.BIN,C:\Users\Siya Bhadu\OneDrive\Desktop\ardupilot_parse\data\auto\00000003.BIN,00000003__descent_002,2,26467.121214000003,10.350000000002183,POS.RelHomeAlt,-0.047016534954309464,-0.047777209430933,-5.0,-0.02293705940279961,4.90744161605835,ARSP.Airspeed,-0.44931110739707947,-0.44931110739707947,-8.052723992328914,ArduPilot_AOA.AOA,8.79305362701416,8.79305362701416,-19.060873347180404,ArduPilot_AOA.SSA,ArduPilot_AOA,ground_relative_approx,0.026186782434227094,-0.006316088140010834,-0.025413669645786285,-0.003330925479531288,-0.26,-0.29,275.3,-0.26,-0.29,0.0,0.0,0.0,1501.0,1501.0,1000.0,1500.0,0.002,0.002,0.0,0.0,0.0,0.0,0.0,-0.02000000000029104,1493.0,1505.0,1579.0,1498.0,0.0,26.0,0.0,-0.005442798603326082,-0.004041939973831177,-0.009113010950386524,0.09421545267105103,-0.006277098786085844,-9.80593204498291,32.947359,-118.5318909,13.904709815979004,7.2718915939331055,2.1970691680908203,,,,0.024704421846794278,-0.008620788808858703,-0.0034951652802729704,0.024704421846794278,-0.008620788808858703,-0.0034951652802729704,2,4,346335600,2436,28,0.52,32.9473593,-118.5318869,261.12,0.034642815589904785,163.8675079345703,0.021377086639404297,0.0,1,32.947359,-118.5318909,261.0299987792969,-0.047016534954309464,-2.187016487121582,-0.26,-0.26,-0.29,-0.29,0.0,275.3,0.01,0.02,3,0,-0.005442798603326082,-0.004041939973831177,-0.009113010950386524,0.09421545267105103,-0.006277098786085844,-9.80593204498291,0,0,45.0,1,1,3276,3276,-0.14,0.77,277.99,260.9100036621094,32.9473593,-118.5318869,0.754649817943573,0.003523401217535138,0.005946354940533638,-0.6560913324356079,1,-0.13,-0.24,275.35,-0.006316088140010834,-0.025413669645786285,-0.003330925479531288,-0.008274346590042114,13.904709815979004,7.2718915939331055,2.1970691680908203,-0.05,-0.03,-0.02,261.07,2,0.18,-0.05,0.03,-1.08,3.92,239,48,385,14,-12,-21,0.0,0.0,-0.005415600724518299,-0.26,-0.26,-0.29,-0.29,0.0,26.0,0.0,5.051486015319824,1,4.435187339782715,1.0323870182037354,0,147.73898315429688,-79.28,-74.02,10.53,4.174069404602051,0.00544491782784462,16.033458709716797,32.9471741,-118.5303247,259.72,12.52,23.0,,,,,,,,,,,,,,,0,4.90744161605835,16.311899185180664,25.32,16.311899185180664,-2.490830183029175,1,1,1.0,0.33152395486831665,0,-0.44931110739707947,8.79305362701416,-0.12760263681411743,0.7755612730979919,278.0399169921875,1501,1501,1000,1500,1000,1000,1000,2000,1000,1500,0,0,0,0,1493,1505,1579,1498,1540,1427,1584,1464,0,1503,0,0,0,1500,0,-0.16271284222602844,98547.796875,46.44,0.11028122901916504,27927277,0.0,25.329750061035156,1,0,0.28,4,25,-1,,,
auto,00000003.BIN,C:\Users\Siya Bhadu\OneDrive\Desktop\ardupilot_parse\data\auto\00000003.BIN,00000003__descent_002,2,26467.171214,10.400000000001455,POS.RelHomeAlt,-0.04604092612862587,-0.04652873054146767,-5.0,-0.016403198242426198,4.756621837615967,ARSP.Airspeed,-0.47030359506607056,-0.47030359506607056,65.66313091677556,ArduPilot_AOA.AOA,8.849190711975098,8.849190711975098,-5.375369636994933,ArduPilot_AOA.SSA,ArduPilot_AOA,ground_relative_approx,0.022290058591452923,-0.0027710571885108948,-0.022117141634225845,0.04883399233222008,-0.28,-0.3,275.27,-0.28,-0.3,0.0,0.0,0.0,1501.0,1501.0,1000.0,1499.0,0.002,0.002,0.0,-0.002,0.02000000000029104,0.0,0.0,0.0,1493.0,1505.0,1579.0,1498.0,0.0,26.0,0.0,-0.006912688259035349,-0.006335637532174587,-0.016268346458673477,0.12326306849718094,0.046947281807661057,-9.874246597290039,32.947359,-118.5318909,13.914277076721191,7.261397838592529,2.266268253326416,,,,0.0220245260433599,-0.005028815272927774,0.048695346683537054,0.0220245260433599,-0.005028815272927774,0.048695346683537054,2,4,346335600,2436,28,0.52,32.9473593,-118.5318869,261.12,0.034642815589904785,163.8675079345703,0.021377086639404297,0.0,1,32.947359,-118.5318909,261.0299987792969,-0.04604092612862587,-2.1860408782958984,-0.28,-0.28,-0.3,-0.3,0.0,275.27,0.01,0.02,3,0,-0.006912688259035349,-0.006335637532174587,-0.016268346458673477,0.12326306849718094,0.046947281807661057,-9.874246597290039,0,0,45.0,1,1,3276,3276,-0.16,0.78,277.95,260.9100036621094,32.9473593,-118.5318869,0.7544209957122803,0.003406280418857932,0.006089470814913511,-0.656353771686554,2,0.14,0.52,276.51,-0.0027710571885108948,-0.022117141634225845,0.04883399233222008,0.011065767146646976,13.914277076721191,7.261397838592529,2.266268253326416,0.28,-0.11,0.01,261.07,2,0.18,-0.05,0.03,-1.08,3.92,239,48,385,14,-12,-21,0.0,0.0,-0.005415600724518299,-0.28,-0.28,-0.3,-0.3,0.0,26.0,0.0,5.051486015319824,1,4.435187339782715,1.0323870182037354,0,147.74822998046875,-79.28,-74.02,10.53,4.174069404602051,0.00544491782784462,16.093948364257812,32.9471741,-118.5303247,259.72,12.52,23.0,,,,,,,,,,,,,,,0,4.756621837615967,15.32468032836914,25.32,15.32468032836914,-2.490830183029175,1,1,1.0,0.33152395486831665,0,-0.47030359506607056,8.849190711975098,-0.16354531049728394,0.7826563119888306,277.9517822265625,1501,1501,1000,1499,1000,1000,1000,2000,1000,1500,0,0,0,0,1493,1505,1579,1498,1540,1427,1584,1464,0,1503,0,0,0,1500,0,-0.16818693280220032,98547.84375,46.44,-0.013177813962101936,27927376,0.0,25.329750061035156,1,0,0.28,4,25,-1,,,
auto,00000003.BIN,C:\Users\Siya Bhadu\OneDrive\Desktop\ardupilot_parse\data\auto\00000003.BIN,00000003__descent_002,2,26467.221214,10.450000000000728,POS.RelHomeAlt,-0.04542795196175575,-0.04613688960671425,-5.0,-0.00391840934759119,4.756621837615967,ARSP.Airspeed,-0.47030359506607056,-0.47030359506607056,-27.12313523533094,ArduPilot_AOA.AOA,8.849190711975098,8.849190711975098,-22.10788185723887,ArduPilot_AOA.SSA,ArduPilot_AOA,ground_relative_approx,0.029716131567080015,-0.009850636124610901,-0.028035931289196014,-0.013605689629912376,-0.29,-0.29,275.24,-0.29,-0.29,0.0,0.0,0.0,1502.0,1501.0,1000.0,1500.0,0.004,0.002,0.0,0.0,0.0,0.0,0.0,0.02000000000029104,1493.0,1505.0,1579.0,1498.0,0.0,26.0,0.0,-0.009761672466993332,-0.003938108682632446,-0.015586956404149532,0.12854522466659546,0.14271807670593262,-9.819259643554688,32.947359,-118.5318908,13.897642135620117,7.267856121063232,2.1854279041290283,,,,0.026949918367018988,-0.012300215512792381,-0.013804704414343272,0.026949918367018988,-0.012300215512792381,-0.013804704414343272,2,4,346335800,2436,28,0.52,32.9473591,-118.531888,261.21,0.010014539584517479,39.114402770996094,0.000811845064163208,0.0,1,32.947359,-118.5318908,261.0299987792969,-0.04542795196175575,-2.1854279041290283,-0.29,-0.29,-0.29,-0.29,0.0,275.24,0.01,0.02,3,0,-0.009761672466993332,-0.003938108682632446,-0.015586956404149532,0.12854522466659546,0.14271807670593262,-9.819259643554688,0,0,45.0,1,1,3276,3276,-0.18,0.79,277.91,260.9100036621094,32.9473593,-118.5318869,0.7542172074317932,0.0033098303247243166,0.006290242541581392,-0.6565865874290466,0,-0.29,-0.29,275.23,-0.009850636124610901,-0.028035931289196014,-0.013605689629912376,-0.014086632058024406,13.897642135620117,7.267856121063232,2.1854279041290283,-0.12,-0.25,-0.18,261.07,0,0.18,0.0,-0.02,-1.0,3.93,239,48,385,10,-9,-23,0.0,0.0,-0.044091660529375076,-0.29,-0.29,-0.29,-0.29,0.0,26.0,0.0,4.964865684509277,1,4.435187339782715,1.0323870182037354,0,147.74822998046875,-79.28,-74.02,10.53,4.174069404602051,0.00544491782784462,16.093948364257812,32.9471741,-118.5303247,259.72,12.52,23.0,,,,,,,,,,,,,,,0,4.756621837615967,15.32468032836914,25.32,15.32468032836914,-2.490830183029175,1,1,1.0,0.33152395486831665,0,-0.47030359506607056,8.849190711975098,-0.16354531049728394,0.7826563119888306,277.9517822265625,1502,1501,1000,1500,1000,1000,1000,2000,1000,1500,0,0,0,0,1493,1505,1579,1498,1539,1428,1584,1464,0,1503,0,0,0,1500,0,-0.16818693280220032,98547.84375,46.44,-0.013177813962101936,27927376,0.0,25.329750061035156,1,0,0.28,4,25,-1,,,
auto,00000003.BIN,C:\Users\Siya Bhadu\OneDrive\Desktop\ardupilot_parse\data\auto\00000003.BIN,00000003__descent_002,2,26467.271214,10.5,POS.RelHomeAlt,-0.04503646865487099,-0.04613688960671425,-5.0,-0.0,4.721132755279541,ARSP.Airspeed,-0.4392838478088379,-0.4392838478088379,68.37140950657012,ArduPilot_AOA.AOA,8.9197998046875,8.9197998046875,-0.9879554885009326,ArduPilot_AOA.SSA,ArduPilot_AOA,ground_relative_approx,0.019340885424948606,0.0011158223496749997,-0.019308671355247498,0.04948467016220093,-0.31,-0.29,275.23,-0.31,-0.29,0.0,0.0,0.0,1501.0,1501.0,1000.0,1500.0,0.002,0.002,0.0,0.0,-2.9103872090097127e-12,0.01999999999810825,0.0,0.0,1493.0,1505.0,1579.0,1498.0,0.0,26.0,0.0,-0.009986268356442451,-0.0031628645956516266,-0.0076199364848434925,0.14278018474578857,0.13183392584323883,-9.811541557312012,32.947359,-118.5318908,13.915617942810059,7.26547908782959,2.2665748596191406,,,,0.019580213066043576,-0.0009160801356047109,0.04938196516499009,0.019580213066043576,-0.0009160801356047109,0.04938196516499009,2,4,346335800,2436,28,0.52,32.9473591,-118.531888,261.21,0.010014539584517479,39.114402770996094,0.000811845064163208,0.0,1,32.947359,-118.5318908,261.0299987792969,-0.04503646865487099,-2.1850364208221436,-0.31,-0.31,-0.29,-0.29,0.0,275.23,0.01,0.02,3,0,-0.009986268356442451,-0.0031628645956516266,-0.0076199364848434925,0.14278018474578857,0.13183392584323883,-9.811541557312012,0,0,45.0,1,1,3276,3276,-0.21,0.8,277.89,260.9100036621094,32.9473593,-118.5318869,0.7541056275367737,0.003200624603778124,0.006511069368571043,-0.65671306848526,2,0.11,0.53,276.47,0.0011158223496749997,-0.019308671355247498,0.04948467016220093,0.009447471238672733,13.915617942810059,7.26547908782959,2.2665748596191406,0.28,-0.11,0.01,261.07,2,0.18,-0.05,0.03,-1.08,3.92,239,48,385,14,-12,-21,0.0,0.0,-0.005415600724518299,-0.31,-0.31,-0.29,-0.29,0.0,26.0,0.0,4.964865684509277,1,4.435187339782715,1.0323870182037354,0,147.74822998046875,-79.28,-74.02,10.53,4.174069404602051,0.00544491782784462,16.093948364257812,32.9471741,-118.5303247,259.72,12.52,23.0,,,,,,,,,,,,,,,0,4.721132755279541,15.096860885620117,25.32,15.096860885620117,-2.490830183029175,1,1,1.0,0.33152395486831665,0,-0.4392838478088379,8.9197998046875,-0.22402767837047577,0.8051207065582275,277.88818359375,1501,1501,1000,1500,1000,1000,1000,2001,1000,1500,0,0,0,0,1493,1505,1579,1498,1539,1428,1584,1464,0,1503,0,0,0,1500,0,-0.08607561886310577,98546.9296875,46.44,-0.3828734755516052,27927477,0.0,25.329750061035156,1,0,0.28,4,25,-1,,,
auto,00000003.BIN,C:\Users\Siya Bhadu\OneDrive\Desktop\ardupilot_parse\data\auto\00000003.BIN,00000003__descent_002,2,26467.321214000003,10.55000000000291,POS.RelHomeAlt,-0.04422632232308388,-0.04613688960671425,-5.0,-0.0,4.721132755279541,ARSP.Airspeed,-0.4392838478088379,-0.4392838478088379,67.3107892635839,ArduPilot_AOA.AOA,8.9197998046875,8.9197998046875,-1.6391805823516858,ArduPilot_AOA.SSA,ArduPilot_AOA,ground_relative_approx,0.02030421163047572,0.0005960892303846776,-0.020295459777116776,0.049176838248968124,-0.31,-0.29,275.23,-0.31,-0.29,0.0,0.0,0.0,1502.0,1502.0,1000.0,1500.0,0.004,0.004,0.0,0.0,0.01999999999810825,-2.9103837395627608e-12,0.0,0.0,1493.0,1505.0,1579.0,1498.0,0.0,26.0,0.0,-0.005447046831250191,-0.0052658626809716225,-0.0024182337801903486,0.16912491619586945,0.08222745358943939,-9.828001976013184,32.947359,-118.5318908,13.916728973388672,7.268420219421387,2.2676727771759033,,,,0.02051394748736005,-0.001521899222059622,0.049066120810025815,0.02051394748736005,-0.001521899222059622,0.049066120810025815,2,4,346335800,2436,28,0.52,32.9473591,-118.531888,261.21,0.010014539584517479,39.114402770996094,0.000811845064163208,0.0,1,32.947359,-118.5318908,261.0299987792969,-0.04422632232308388,-2.1842262744903564,-0.31,-0.31,-0.29,-0.29,0.0,275.23,0.01,0.02,3,0,-0.005447046831250191,-0.0052658626809716225,-0.0024182337801903486,0.16912491619586945,0.08222745358943939,-9.828001976013184,0,0,45.0,1,1,3276,3276,-0.21,0.8,277.88,260.989990234375,32.9473591,-118.531888,0.7540667653083801,0.003184159053489566,0.006506939884275198,-0.6567577719688416,2,0.11,0.53,276.48,0.0005960892303846776,-0.020295459777116776,0.049176838248968124,0.011419693939387798,13.916728973388672,7.268420219421387,2.2676727771759033,0.28,-0.11,0.01,261.07,2,0.18,-0.05,0.03,-1.08,3.92,239,48,385,14,-12,-21,0.0,0.0,-0.005415600724518299,-0.31,-0.31,-0.29,-0.29,0.0,26.0,0.0,4.8930206298828125,1,4.444258689880371,1.0323870182037354,0,147.73898315429688,-79.28,-74.02,10.53,4.174069404602051,0.00544491782784462,16.18056869506836,32.9471741,-118.5303247,259.72,12.52,23.0,,,,,,,,,,,,,,,0,4.721132755279541,15.096860885620117,25.32,15.096860885620117,-2.490830183029175,1,1,1.0,0.33152395486831665,0,-0.4392838478088379,8.9197998046875,-0.22402767837047577,0.8051207065582275,277.88818359375,1502,1502,1000,1500,1000,1000,1000,2000,1000,1500,0,0,0,0,1493,1505,1579,1498,1539,1428,1584,1464,0,1503,0,0,0,1500,0,-0.08607561886310577,98546.9296875,46.44,-0.3828734755516052,27927477,0.0,25.329750061035156,1,0,0.28,4,25,-1,,,
auto,00000003.BIN,C:\Users\Siya Bhadu\OneDrive\Desktop\ardupilot_parse\data\auto\00000003.BIN,00000003__descent_002,2,26467.371214000003,10.600000000002183,POS.RelHomeAlt,-0.04416266456246376,-0.04613688960671425,-5.0,-0.0,4.721132755279541,ARSP.Airspeed,-0.4404982328414917,-0.4404982328414917,-4.199664938466266,ArduPilot_AOA.AOA,8.91635799407959,8.91635799407959,-11.6361748335598,ArduPilot_AOA.SSA,ArduPilot_AOA,ground_relative_approx,0.02506649697352826,-0.002808743854984641,-0.02490863762795925,-0.0016510714776813984,-0.3,-0.29,275.25,-0.3,-0.29,0.0,0.0,0.0,1502.0,1501.0,1000.0,1500.0,0.004,0.002,0.0,0.0,-0.02000000000029104,0.0,0.0,0.0,1493.0,1505.0,1579.0,1498.0,0.0,26.0,0.0,0.003343541407957673,-0.004174219910055399,0.0042575267143547535,0.16754619777202606,0.1079280823469162,-9.83680248260498,32.947359,-118.5318908,13.907508850097656,7.277400493621826,2.195134162902832,,,,0.024538468264298754,-0.005066776674890496,-0.001801848194799711,0.024538468264298754,-0.005066776674890496,-0.001801848194799711,2,4,346335800,2436,28,0.52,32.9473591,-118.531888,261.21,0.010014539584517479,39.114402770996094,0.000811845064163208,0.0,1,32.947359,-118.5318908,261.0299987792969,-0.04416266456246376,-2.1841626167297363,-0.3,-0.3,-0.29,-0.29,0.0,275.25,0.01,0.02,3,0,0.003343541407957673,-0.004174219910055399,0.0042575267143547535,0.16754619777202606,0.1079280823469162,-9.83680248260498,0,0,45.0,1,1,3276,3276,-0.19,0.8,277.9,260.989990234375,32.9473591,-118.531888,0.7541250586509705,0.0033327043056488037,0.006360610481351614,-0.6566915512084961,1,-0.16,-0.24,275.3,-0.002808743854984641,-0.02490863762795925,-0.0016510714776813984,0.0011620671721175313,13.907508850097656,7.277400493621826,2.195134162902832,-0.05,-0.03,-0.02,261.07,2,0.18,-0.05,0.03,-1.08,3.92,239,48,385,14,-12,-21,0.0,0.0,-0.005415600724518299,-0.3,-0.3,-0.29,-0.29,0.0,26.0,0.0,4.8930206298828125,1,4.444258689880371,1.0323870182037354,0,147.73898315429688,-79.28,-74.02,10.53,4.174069404602051,0.00544491782784462,16.25241470336914,32.9471741,-118.5303247,259.72,12.52,23.0,,,,,,,,,,,,,,,0,4.721132755279541,15.096860885620117,25.32,15.096860885620117,-2.490830183029175,1,1,1.0,0.33152395486831665,0,-0.4404982328414917,8.91635799407959,-0.19066183269023895,0.8004776239395142,277.9001159667969,1502,1501,1000,1500,1000,1000,1000,2001,1000,1500,0,0,0,0,1493,1505,1579,1498,1539,1428,1584,1464,0,1503,0,0,0,1500,0,-0.06144222244620323,98546.640625,46.43,-0.31360968947410583,27927576,0.0,25.329750061035156,1,0,0.28,4,25,-1,,,
auto,00000003.BIN,C:\Users\Siya Bhadu\OneDrive\Desktop\ardupilot_parse\data\auto\00000003.BIN,00000003__descent_002,2,26467.421214,10.650000000001455,POS.RelHomeAlt,-0.04411545768380165,-0.04613688960671425,-5.0,-0.0,4.721132755279541,ARSP.Airspeed,-0.4404982328414917,-0.4404982328414917,-3.6368622055160658,ArduPilot_AOA.AOA,8.91635799407959,8.91635799407959,-10.218038120881689,ArduPilot_AOA.SSA,ArduPilot_AOA,ground_relative_approx,0.02435796971039463,-0.0021154754795134068,-0.02426593191921711,-0.0013847529189661145,-0.28,-0.28,275.27,-0.28,-0.28,0.0,0.0,0.0,1501.0,1502.0,1000.0,1500.0,0.002,0.004,0.0,0.0,0.0,0.0,0.0,0.0,1494.0,1505.0,1579.0,1498.0,0.0,26.0,0.0,0.005681450478732586,-0.0022620551753789186,0.006503261160105467,0.13958311080932617,0.08847179263830185,-9.818782806396484,32.947359,-118.5318908,13.908308982849121,7.279057025909424,2.1951775550842285,,,,0.023961999921493327,-0.004327948733224035,-0.0015230392588589535,0.023961999921493327,-0.004327948733224035,-0.0015230392588589535,2,4,346336000,2436,28,0.52,32.9473592,-118.5318874,261.15,0.03207540139555931,205.3983154296875,0.020930666476488113,0.0,1,32.947359,-118.5318908,261.0299987792969,-0.04411545768380165,-2.184115409851074,-0.28,-0.28,-0.28,-0.28,0.0,275.27,0.01,0.02,3,0,0.005681450478732586,-0.0022620551753789186,0.006503261160105467,0.13958311080932617,0.08847179263830185,-9.818782806396484,0,0,45.0,1,1,3276,3276,-0.16,0.8,277.91,261.0099792480469,32.9473591,-118.531888,0.7541982531547546,0.0035181830171495676,0.006193875800818205,-0.6566082239151001,1,-0.14,-0.23,275.33,-0.0021154754795134068,-0.02426593191921711,-0.0013847529189661145,0.004604836460202932,13.908308982849121,7.279057025909424,2.1951775550842285,-0.05,-0.03,-0.02,261.07,2,0.18,-0.05,0.03,-1.08,3.92,239,48,385,14,-12,-21,0.0,0.0,-0.005415600724518299,-0.28,-0.28,-0.28,-0.28,0.0,26.0,0.0,4.842094898223877,1,4.444258689880371,1.0323870182037354,0,147.73898315429688,-79.28,-74.02,10.53,4.174069404602051,0.00544491782784462,16.25241470336914,32.9471741,-118.5303247,259.72,12.52,23.0,,,,,,,,,,,,,,,0,4.721132755279541,15.096860885620117,25.32,15.096860885620117,-2.490830183029175,1,1,1.0,0.33152395486831665,0,-0.4404982328414917,8.91635799407959,-0.19066183269023895,0.8004776239395142,277.9001159667969,1501,1502,1000,1500,1000,1000,1000,2000,1000,1500,0,0,0,0,1494,1505,1579,1498,1540,1427,1584,1465,0,1503,0,0,0,1500,0,-0.06144222244620323,98546.640625,46.43,-0.31360968947410583,27927576,0.0,25.329750061035156,1,0,0.29,4,25,-1,,,
auto,00000003.BIN,C:\Users\Siya Bhadu\OneDrive\Desktop\ardupilot_parse\data\auto\00000003.BIN,00000003__descent_002,2,26467.471214,10.700000000000728,POS.RelHomeAlt,-0.044624004513025284,-0.04613688960671425,-5.0,-0.0,4.588659286499023,ARSP.Airspeed,-0.4216921329498291,-0.4216921329498291,69.65399276435596,ArduPilot_AOA.AOA,8.88574504852295,8.88574504852295,-0.31428371195684146,ArduPilot_AOA.SSA,ArduPilot_AOA,ground_relative_approx,0.018458477177509758,0.001644650474190712,-0.018385061994194984,0.050533633679151535,-0.27,-0.28,275.29,-0.27,-0.28,0.0,0.0,0.0,1502.0,1501.0,1000.0,1500.0,0.004,0.002,0.0,0.0,0.0,-0.02000000000029104,0.01000000000014552,0.0,1493.0,1505.0,1579.0,1498.0,0.0,26.0,0.0,0.0040839603170752525,-0.005730184726417065,0.0054170615039765835,0.1422116905450821,0.030625110492110252,-9.851526260375977,32.947359,-118.5318908,13.918662071228027,7.2728590965271,2.270294189453125,,,,0.018705120461960628,-0.0002951029839688309,0.0504419953537102,0.018705120461960628,-0.0002951029839688309,0.0504419953537102,2,4,346336000,2436,28,0.52,32.9473592,-118.5318874,261.15,0.03207540139555931,205.3983154296875,0.020930666476488113,0.0,1,32.947359,-118.5318908,261.0299987792969,-0.044624004513025284,-2.184623956680298,-0.27,-0.27,-0.28,-0.28,0.0,275.29,0.01,0.02,3,0,0.0040839603170752525,-0.005730184726417065,0.0054170615039765835,0.1422116905450821,0.030625110492110252,-9.851526260375977,0,0,45.0,1,1,3276,3276,-0.13,0.79,277.92,261.0099792480469,32.9473591,-118.531888,0.754264771938324,0.0036443457938730717,0.006000935565680265,-0.6565327644348145,2,0.16,0.54,276.54,0.001644650474190712,-0.018385061994194984,0.050533633679151535,0.023291869089007378,13.918662071228027,7.2728590965271,2.270294189453125,0.28,-0.11,0.01,261.07,2,0.18,-0.05,0.03,-1.08,3.92,239,48,385,14,-12,-21,0.0,0.0,-0.005415600724518299,-0.27,-0.27,-0.28,-0.28,0.0,26.0,0.0,4.842094898223877,1,4.444258689880371,1.0323870182037354,0,147.73898315429688,-79.28,-74.02,10.53,4.174069404602051,0.00544491782784462,16.25241470336914,32.9471741,-118.5303247,259.72,12.52,23.0,,,,,,,,,,,,,,,0,4.588659286499023,14.261521339416504,25.32,14.261521339416504,-2.490830183029175,1,1,1.0,0.33152395486831665,0,-0.4216921329498291,8.88574504852295,-0.12863177061080933,0.7872886061668396,277.92596435546875,1502,1501,1000,1500,1000,1000,1000,2000,1000,1500,0,0,0,0,1493,1505,1579,1498,1539,1428,1584,1464,0,1503,0,0,0,1500,0,-0.14902763068675995,98547.640625,46.43,0.05821886658668518,27927677,0.0,25.329750061035156,1,0,0.28,4,25,-1,,,
auto,00000003.BIN,C:\Users\Siya Bhadu\OneDrive\Desktop\ardupilot_parse\data\auto\00000003.BIN,00000003__descent_002,2,26467.521214,10.75,POS.RelHomeAlt,-0.04512587562203407,-0.04613688960671425,-5.0,-0.0,4.588659286499023,ARSP.Airspeed,-0.4216921329498291,-0.4216921329498291,72.57442688360236,ArduPilot_AOA.AOA,8.88574504852295,8.88574504852295,-0.8209310624312478,ArduPilot_AOA.SSA,ArduPilot_AOA,ground_relative_approx,0.015818183175523172,0.0009263659594580531,-0.0157910343259573,0.05124619975686073,-0.26,-0.28,275.3,-0.26,-0.28,0.0,0.0,0.0,1501.0,1501.0,1001.0,1500.0,0.002,0.002,0.001,0.0,-0.020000000001018637,0.01999999999810825,1.4551915227731578e-12,0.0,1493.0,1505.0,1579.0,1498.0,0.0,26.0,0.0,0.00040824449388310313,-0.005502624902874231,0.0021346062421798706,0.12834468483924866,0.008099093101918697,-9.833671569824219,32.947359,-118.5318907,13.919790267944336,7.275467395782471,2.272576093673706,,,,0.01605933825941778,-0.0007684098514807516,0.051165370217210626,0.01605933825941778,-0.0007684098514807516,0.051165370217210626,2,4,346336000,2436,28,0.52,32.9473592,-118.5318874,261.15,0.03207540139555931,205.3983154296875,0.020930666476488113,0.0,1,32.947359,-118.5318907,261.0299987792969,-0.04512587562203407,-2.1851258277893066,-0.26,-0.26,-0.28,-0.28,0.0,275.3,0.01,0.02,3,0,0.00040824449388310313,-0.005502624902874231,0.0021346062421798706,0.12834468483924866,0.008099093101918697,-9.833671569824219,0,0,45.0,1,1,3276,3276,-0.12,0.78,277.91,260.92999267578125,32.9473592,-118.5318874,0.7542364001274109,0.0036882569547742605,0.005892216693609953,-0.6565662026405334,2,0.17,0.53,276.55,0.0009263659594580531,-0.0157910343259573,0.05124619975686073,0.030469108372926712,13.919790267944336,7.275467395782471,2.272576093673706,0.28,-0.11,0.01,261.07,1,0.18,-0.01,0.02,-0.93,3.95,239,48,385,11,-10,-22,0.0,0.0,-0.04983825981616974,-0.26,-0.26,-0.28,-0.28,0.0,26.0,0.0,4.767479419708252,1,4.458858489990234,1.0323870182037354,0,147.729736328125,-79.28,-74.02,10.53,4.174069404602051,0.00544491782784462,16.303340911865234,32.9471741,-118.5303247,259.72,12.52,23.0,,,,,,,,,,,,,,,0,4.588659286499023,14.261521339416504,25.32,14.261521339416504,-2.490830183029175,1,1,1.0,0.33152395486831665,0,-0.4216921329498291,8.88574504852295,-0.12863177061080933,0.7872886061668396,277.92596435546875,1501,1501,1001,1500,1000,1000,1000,2000,1000,1500,0,0,0,0,1493,1505,1579,1498,1539,1428,1584,1464,0,1503,0,0,0,1500,0,-0.14902763068675995,98547.640625,46.43,0.05821886658668518,27927677,0.0,25.329750061035156,1,0,0.28,4,25,-1,,,
auto,00000003.BIN,C:\Users\Siya Bhadu\OneDrive\Desktop\ardupilot_parse\data\auto\00000003.BIN,00000003__descent_002,2,26467.571214000003,10.80000000000291,POS.RelHomeAlt,-0.0453743077814579,-0.04613688960671425,-5.0,-0.0,4.527163028717041,ARSP.Airspeed,-0.4202556610107422,-0.4202556610107422,73.78204500299124,ArduPilot_AOA.AOA,8.875615119934082,8.875615119934082,-1.6178404782454976,ArduPilot_AOA.SSA,ArduPilot_AOA,ground_relative_approx,0.014573898828320091,8.100264676613733e-05,-0.014573673717677593,0.0508481003344059,-0.26,-0.28,275.29,-0.26,-0.28,0.0,0.0,0.0,1501.0,1502.0,1000.0,1500.0,0.002,0.004,0.0,0.0,0.020000000001018634,-2.9103837395627608e-12,-0.009999999999054125,0.0,1493.0,1505.0,1579.0,1498.0,0.0,26.0,0.0,-0.002683262573555112,-0.004449455067515373,-0.006096094846725464,0.10590473562479019,0.003660693299025297,-9.84788703918457,32.947359,-118.5318907,13.920214653015137,7.276568412780762,2.2738840579986572,,,,0.014767386114641793,-0.0014933912644529872,0.050770285842688126,0.014767386114641793,-0.0014933912644529872,0.050770285842688126,2,4,346336000,2436,28,0.52,32.9473592,-118.5318874,261.15,0.03207540139555931,205.3983154296875,0.020930666476488113,0.0,1,32.947359,-118.5318907,261.0299987792969,-0.0453743077814579,-2.1853742599487305,-0.26,-0.26,-0.28,-0.28,0.0,275.29,0.01,0.02,3,0,-0.002683262573555112,-0.004449455067515373,-0.006096094846725464,0.10590473562479019,0.003660693299025297,-9.84788703918457,0,0,45.0,1,1,3276,3276,-0.13,0.78,277.89,260.92999267578125,32.9473592,-118.5318874,0.7541133165359497,0.0036512042861431837,0.005948744248598814,-0.656707227230072,2,0.16,0.54,276.54,8.100264676613733e-05,-0.014573673717677593,0.0508481003344059,0.03267090767621994,13.920214653015137,7.276568412780762,2.2738840579986572,0.28,-0.11,0.01,261.07,2,0.18,-0.05,0.03,-1.08,3.92,239,48,385,14,-12,-21,0.0,0.0,-0.005415600724518299,-0.26,-0.26,-0.28,-0.28,0.0,26.0,0.0,4.767479419708252,1,4.458858489990234,1.0323870182037354,0,147.729736328125,-79.28,-74.02,10.53,4.174069404602051,0.00544491782784462,16.37795639038086,32.9471741,-118.5303247,259.72,12.52,23.0,,,,,,,,,,,,,,,0,4.527163028717041,13.881821632385254,25.32,13.881821632385254,-2.490830183029175,1,1,1.0,0.33152395486831665,0,-0.4202556610107422,8.875615119934082,-0.13215401768684387,0.7888505458831787,277.8983154296875,1501,1502,1000,1500,1000,1000,1000,2000,1000,1500,0,0,0,0,1493,1505,1579,1498,1540,1427,1584,1464,0,1503,0,0,0,1500,0,-0.15450172126293182,98547.7109375,46.45,0.15300039947032928,27927776,0.0,25.329750061035156,1,0,0.28,4,25,-1,,,
auto,00000003.BIN,C:\Users\Siya Bhadu\OneDrive\Desktop\ardupilot_parse\data\auto\00000003.BIN,00000003__descent_002,2,26467.621214000003,10.850000000002183,POS.RelHomeAlt,-0.04578319564461708,-0.04613688960671425,-5.0,-0.0,4.527163028717041,ARSP.Airspeed,-0.4202556610107422,-0.4202556610107422,-34.83730070043139,ArduPilot_AOA.AOA,8.875615119934082,8.875615119934082,-27.03521458420045,ArduPilot_AOA.SSA,ArduPilot_AOA,ground_relative_approx,0.022614797184429738,-0.010143163613975048,-0.020212503150105476,-0.013164924457669258,-0.27,-0.28,275.27,-0.27,-0.28,0.0,0.0,0.0,1502.0,1501.0,1000.0,1500.0,0.004,0.002,0.0,0.0,0.0,0.0,0.0,0.0,1493.0,1505.0,1579.0,1498.0,0.0,26.0,0.0,-0.003976203501224518,-0.0029345995280891657,-0.010214135982096195,0.09576348215341568,0.034092340618371964,-9.86375617980957,32.947359,-118.5318907,13.90363597869873,7.282617092132568,2.1857831478118896,,,,0.019130856895054536,-0.011894178174386299,-0.01331477103392793,0.019130856895054536,-0.011894178174386299,-0.01331477103392793,2,4,346336200,2436,28,0.52,32.9473589,-118.5318898,261.34,0.010578339919447899,172.21145629882812,0.008090052753686905,0.0,1,32.947359,-118.5318907,261.0299987792969,-0.04578319564461708,-2.1857831478118896,-0.27,-0.27,-0.28,-0.28,0.0,275.27,0.01,0.02,3,0,-0.003976203501224518,-0.0029345995280891657,-0.010214135982096195,0.09576348215341568,0.034092340618371964,-9.86375617980957,0,0,45.0,1,1,3276,3276,-0.14,0.79,277.87,260.91998291015625,32.9473592,-118.5318874,0.7539599537849426,0.003583553247153759,0.006051958538591862,-0.6568827033042908,0,-0.27,-0.28,275.26,-0.010143163613975048,-0.020212503150105476,-0.013164924457669258,0.010191049426794052,13.90363597869873,7.282617092132568,2.1857831478118896,-0.12,-0.25,-0.18,261.07,0,0.18,0.0,-0.02,-1.0,3.93,239,48,385,10,-9,-23,0.0,0.0,-0.044091660529375076,-0.27,-0.27,-0.28,-0.28,0.0,26.0,0.0,4.696675777435303,1,4.458858489990234,1.0323870182037354,0,147.729736328125,-79.28,-74.02,10.53,4.174069404602051,0.00544491782784462,16.37795639038086,32.9471741,-118.5303247,259.72,12.52,23.0,,,,,,,,,,,,,,,0,4.527163028717041,13.881821632385254,25.32,13.881821632385254,-2.490830183029175,1,1,1.0,0.33152395486831665,0,-0.4202556610107422,8.875615119934082,-0.13215401768684387,0.7888505458831787,277.8983154296875,1502,1501,1000,1500,1000,1000,1000,2000,1000,1500,0,0,0,0,1493,1505,1579,1498,1540,1427,1584,1464,0,1503,0,0,0,1500,0,-0.15450172126293182,98547.7109375,46.45,0.15300039947032928,27927776,0.0,25.329750061035156,1,0,0.28,4,25,-1,,,
auto,00000003.BIN,C:\Users\Siya Bhadu\OneDrive\Desktop\ardupilot_parse\data\auto\00000003.BIN,00000003__descent_002,2,26467.671214,10.900000000001455,POS.RelHomeAlt,-0.04623285308480263,-0.04613688960671425,-5.0,0.004230737686218788,4.756621837615967,ARSP.Airspeed,-0.4180179238319397,-0.4180179238319397,-35.76338927008879,ArduPilot_AOA.AOA,8.92959213256836,8.92959213256836,-27.165139769373802,ArduPilot_AOA.SSA,ArduPilot_AOA,ground_relative_approx,0.020171184816262074,-0.009191291406750679,-0.017955413088202477,-0.012095838785171509,-0.27,-0.28,275.25,-0.27,-0.28,0.0,0.0,0.0,1501.0,1502.0,1000.0,1500.0,0.002,0.004,0.0,0.0,-0.02000000000029104,0.02000000000029104,0.0,0.0,1494.0,1505.0,1579.0,1498.0,0.0,26.0,0.0,-0.00590629642829299,-0.00410563824698329,-0.010690530762076378,0.11718152463436127,0.10663319379091263,-9.794724464416504,32.9473591,-118.5318907,13.90414810180664,7.285090923309326,2.186232805252075,,,,0.01697975614111513,-0.010738170970565702,-0.012229700666975629,0.01697975614111513,-0.010738170970565702,-0.012229700666975629,2,4,346336200,2436,28,0.52,32.9473589,-118.5318898,261.34,0.010578339919447899,172.21145629882812,0.008090052753686905,0.0,1,32.9473591,-118.5318907,261.0299987792969,-0.04623285308480263,-2.186232805252075,-0.27,-0.27,-0.28,-0.28,0.0,275.25,0.01,0.02,3,0,-0.00590629642829299,-0.00410563824698329,-0.010690530762076378,0.11718152463436127,0.10663319379091263,-9.794724464416504,0,0,45.0,1,1,3276,3276,-0.15,0.79,277.84,260.91998291015625,32.9473592,-118.5318874,0.7538058161735535,0.00351525517180562,0.006130939349532127,-0.6570592522621155,0,-0.27,-0.28,275.24,-0.009191291406750679,-0.017955413088202477,-0.012095838785171509,0.012656941078603268,13.90414810180664,7.285090923309326,2.186232805252075,-0.12,-0.25,-0.18,261.07,2,0.18,-0.05,0.03,-1.08,3.92,239,48,385,14,-12,-21,0.0,0.0,-0.005415600724518299,-0.27,-0.27,-0.28,-0.28,0.0,26.0,0.0,4.696675777435303,1,4.458858489990234,1.0323870182037354,0,147.729736328125,-79.28,-74.02,10.53,4.174069404602051,0.00544491782784462,16.37795639038086,32.9471741,-118.5303247,259.72,12.52,23.0,,,,,,,,,,,,,,,0,4.756621837615967,15.32468032836914,25.32,15.32468032836914,-2.490830183029175,1,1,1.0,0.33152395486831665,0,-0.4180179238319397,8.92959213256836,-0.16562651097774506,0.7941110730171204,277.8332214355469,1501,1502,1000,1500,1000,1000,1000,2000,1000,1500,0,0,0,0,1494,1505,1579,1498,1540,1427,1584,1465,0,1503,0,0,0,1500,0,-0.03407178446650505,98546.34375,46.43,-0.041055675595998764,27927877,0.0,25.329750061035156,1,0,0.28,4,25,-1,,,
auto,00000003.BIN,C:\Users\Siya Bhadu\OneDrive\Desktop\ardupilot_parse\data\auto\00000003.BIN,00000003__descent_002,2,26467.721214,10.950000000000728,POS.RelHomeAlt,-0.046887073665857315,-0.04655996337532997,-5.0,0.01055836677566635,4.756621837615967,ARSP.Airspeed,-0.4180179238319397,-0.4180179238319397,80.35718836416952,ArduPilot_AOA.AOA,8.92959213256836,8.92959213256836,0.7286031127590055,ArduPilot_AOA.SSA,ArduPilot_AOA,ground_relative_approx,0.00849542130174473,0.001676538260653615,-0.008328349329531193,0.051223546266555786,-0.28,-0.28,275.23,-0.28,-0.28,0.0,0.0,0.0,1501.0,1502.0,1000.0,1500.0,0.002,0.004,0.0,0.0,0.0,-0.02000000000029104,0.0,0.0,1494.0,1505.0,1579.0,1498.0,0.0,26.0,0.0,-0.005135372281074524,-0.005441758316010237,-0.00787089578807354,0.1344781368970871,0.10162379592657089,-9.826799392700195,32.9473591,-118.5318906,13.921900749206543,7.286279678344727,2.2781982421875,,,,0.008696723606408156,0.0006602654187875436,0.051185495243346195,0.008696723606408156,0.0006602654187875436,0.051185495243346195,2,4,346336200,2436,28,0.52,32.9473589,-118.5318898,261.34,0.010578339919447899,172.21145629882812,0.008090052753686905,0.0,1,32.9473591,-118.5318906,261.0299987792969,-0.046887073665857315,-2.18688702583313,-0.28,-0.28,-0.28,-0.28,0.0,275.23,0.01,0.02,3,0,-0.005135372281074524,-0.005441758316010237,-0.00787089578807354,0.1344781368970871,0.10162379592657089,-9.826799392700195,0,0,45.0,1,1,3276,3276,-0.17,0.79,277.81,261.0400085449219,32.9473589,-118.5318898,0.7536104917526245,0.0034240083768963814,0.006204106844961643,-0.6572830677032471,2,0.14,0.54,276.49,0.001676538260653615,-0.008328349329531193,0.051223546266555786,0.02857804112136364,13.921900749206543,7.286279678344727,2.2781982421875,0.28,-0.12,0.01,261.07,2,0.18,-0.05,0.03,-1.08,3.92,239,48,385,14,-12,-21,0.0,0.0,-0.005415600724518299,-0.28,-0.28,-0.28,-0.28,0.0,26.0,0.0,4.7147393226623535,1,4.446427345275879,1.0323870182037354,0,147.73129272460938,-79.28,-74.02,10.53,4.174069404602051,0.00544491782784462,16.448759078979492,32.9471741,-118.5303247,259.72,12.52,23.0,,,,,,,,,,,,,,,0,4.756621837615967,15.32468032836914,25.32,15.32468032836914,-2.490830183029175,1,1,1.0,0.33152395486831665,0,-0.4180179238319397,8.92959213256836,-0.16562651097774506,0.7941110730171204,277.8332214355469,1501,1502,1000,1500,1000,1000,1000,2000,1000,1500,0,0,0,0,1494,1505,1579,1498,1540,1427,1584,1465,0,1503,0,0,0,1500,0,-0.03407178446650505,98546.34375,46.43,-0.041055675595998764,27927877,0.0,25.329750061035156,1,0,0.28,4,25,-1,,,
auto,00000003.BIN,C:\Users\Siya Bhadu\OneDrive\Desktop\ardupilot_parse\data\auto\00000003.BIN,00000003__descent_002,2,26467.771214,11.0,POS.RelHomeAlt,-0.04749837890267372,-0.04719272628426552,-5.0,0.011978149413850281,4.861534118652344,ARSP.Airspeed,-0.39384710788726807,-0.39384710788726807,-31.91800787369638,ArduPilot_AOA.AOA,8.98061466217041,8.98061466217041,-24.92280377873672,ArduPilot_AOA.SSA,ArduPilot_AOA,ground_relative_approx,0.020192198555077954,-0.00806330144405365,-0.01851237565279007,-0.01086085382848978,-0.29,-0.27,275.23,-0.29,-0.27,0.0,0.0,0.0,1501.0,1501.0,1000.0,1500.0,0.002,0.002,0.0,0.0,0.0,-2.9103872090097127e-12,0.0,0.0,1494.0,1505.0,1579.0,1498.0,0.0,26.0,0.0,-0.0043908073566854,-0.004225540440529585,-0.0022352011874318123,0.1702541559934616,0.09565792232751846,-9.824204444885254,32.9473591,-118.5318906,13.905078887939453,7.289228439331055,2.1874983310699463,,,,0.017648925876640943,-0.009661692147694918,-0.010993186463237919,0.017648925876640943,-0.009661692147694918,-0.010993186463237919,2,4,346336200,2436,28,0.52,32.9473589,-118.5318898,261.34,0.010578339919447899,172.21145629882812,0.008090052753686905,0.0,1,32.9473591,-118.5318906,261.0299987792969,-0.04749837890267372,-2.1874983310699463,-0.29,-0.29,-0.27,-0.27,0.0,275.23,0.01,0.02,3,0,-0.0043908073566854,-0.004225540440529585,-0.0022352011874318123,0.1702541559934616,0.09565792232751846,-9.824204444885254,0,0,45.0,1,1,3276,3276,-0.17,0.79,277.8,261.0400085449219,32.9473589,-118.5318898,0.7535865902900696,0.0034346061293035746,0.006248998921364546,-0.6573099493980408,0,-0.29,-0.27,275.22,-0.00806330144405365,-0.01851237565279007,-0.01086085382848978,0.012408613227307796,13.905078887939453,7.289228439331055,2.1874983310699463,-0.12,-0.25,-0.18,261.07,2,0.18,-0.05,0.03,-1.08,3.92,239,48,385,14,-12,-21,0.0,0.0,-0.005415600724518299,-0.29,-0.29,-0.27,-0.27,0.0,26.0,0.0,4.7147393226623535,1,4.446427345275879,1.0323870182037354,0,147.72203063964844,-79.28,-74.02,10.53,4.174069404602051,0.00544491782784462,16.430696487426758,32.9471741,-118.5303247,259.72,12.52,23.0,,,,,,,,,,,,,,,0,4.861534118652344,16.00813865661621,25.32,16.00813865661621,-2.490830183029175,1,1,1.0,0.33152395486831665,0,-0.39384710788726807,8.98061466217041,-0.17410972714424133,0.7983583807945251,277.8062744140625,1501,1501,1000,1500,1000,1000,1000,2000,1000,1500,0,0,0,0,1494,1505,1579,1498,1540,1427,1584,1465,0,1503,0,0,0,1500,0,0.10004336386919022,98544.8125,46.44,0.0031428206712007523,27927978,0.0,25.329750061035156,1,0,0.28,4,25,-1,,,
auto,00000003.BIN,C:\Users\Siya Bhadu\OneDrive\Desktop\ardupilot_parse\data\auto\00000003.BIN,00000003__descent_002,2,26467.821214000003,11.05000000000291,POS.RelHomeAlt,-0.04801717773079872,-0.04775777831673622,-5.0,0.012701749801460382,4.861534118652344,ARSP.Airspeed,-0.39384710788726807,-0.39384710788726807,77.11378102252404,ArduPilot_AOA.AOA,8.98061466217041,8.98061466217041,0.5054812747305206,ArduPilot_AOA.SSA,ArduPilot_AOA,ground_relative_approx,0.011690978214256695,0.001797387609258294,-0.011551985517144203,0.05212656781077385,-0.29,-0.27,275.24,-0.29,-0.27,0.0,0.0,0.0,1501.0,1502.0,1000.0,1500.0,0.002,0.004,0.0,0.0,0.020000000001018634,-2.9103837395627608e-12,0.0,0.0,1494.0,1505.0,1579.0,1498.0,0.0,26.0,0.0,-0.003870859509333968,-0.0035145708825439215,0.0009633949957787991,0.16724129021167755,0.07303512096405029,-9.841466903686523,32.9473591,-118.5318906,13.921998023986816,7.284902572631836,2.2804815769195557,,,,0.011913370100594348,0.0004712951702047455,0.05207405819644014,0.011913370100594348,0.0004712951702047455,0.05207405819644014,2,4,346336400,2436,28,0.52,32.947359,-118.531889,261.26,0.02129284292459488,101.0333023071289,0.05445530265569687,0.0,1,32.9473591,-118.5318906,261.0299987792969,-0.04801717773079872,-2.1880171298980713,-0.29,-0.29,-0.27,-0.27,0.0,275.24,0.01,0.02,3,0,-0.003870859509333968,-0.0035145708825439215,0.0009633949957787991,0.16724129021167755,0.07303512096405029,-9.841466903686523,0,0,45.0,1,1,3276,3276,-0.17,0.8,277.8,261.17999267578125,32.9473589,-118.5318898,0.7536022663116455,0.0034747121389955282,0.00628269836306572,-0.6572914719581604,2,0.13,0.55,276.5,0.001797387609258294,-0.011551985517144203,0.05212656781077385,0.030842773616313934,13.921998023986816,7.284902572631836,2.2804815769195557,0.28,-0.11,0.01,261.07,2,0.18,-0.05,0.03,-1.08,3.92,239,48,385,14,-12,-21,0.0,0.0,-0.005415600724518299,-0.29,-0.29,-0.27,-0.27,0.0,26.0,0.0,4.75925350189209,1,4.446427345275879,1.0323870182037354,0,147.72203063964844,-79.28,-74.02,10.53,4.174069404602051,0.00544491782784462,16.430696487426758,32.9471741,-118.5303247,259.72,12.52,23.0,,,,,,,,,,,,,,,0,4.861534118652344,16.00813865661621,25.32,16.00813865661621,-2.490830183029175,1,1,1.0,0.33152395486831665,0,-0.39384710788726807,8.98061466217041,-0.17410972714424133,0.7983583807945251,277.8062744140625,1501,1502,1000,1500,1000,1000,1000,2000,1000,1500,0,0,0,0,1494,1505,1579,1498,1540,1427,1584,1465,0,1503,0,0,0,1500,0,0.10004336386919022,98544.8125,46.44,0.0031428206712007523,27927978,0.0,25.329750061035156,1,0,0.28,4,25,-1,,,
auto,00000003.BIN,C:\Users\Siya Bhadu\OneDrive\Desktop\ardupilot_parse\data\auto\00000003.BIN,00000003__descent_002,2,26467.871214000003,11.100000000002183,POS.RelHomeAlt,-0.048908624798059464,-0.04846290126442909,-5.0,0.017234086990607245,4.613028526306152,ARSP.Airspeed,-0.38312482833862305,-0.38312482833862305,76.01482959819494,ArduPilot_AOA.AOA,8.94237232208252,8.94237232208252,-0.05930113827836554,ArduPilot_AOA.SSA,ArduPilot_AOA,ground_relative_approx,0.012819656983258114,0.0013837761944159865,-0.012744754552841187,0.05252048373222351,-0.29,-0.27,275.26,-0.29,-0.27,0.0,0.0,0.0,1502.0,1501.0,1000.0,1500.0,0.004,0.002,0.0,0.0,0.02000000000029104,-0.02000000000029104,0.0,0.02000000000029104,1494.0,1505.0,1579.0,1498.0,0.0,26.0,0.0,0.0008130083442665637,-0.004442180041223764,0.002722230041399598,0.14221417903900146,0.0711725652217865,-9.810785293579102,32.9473591,-118.5318907,13.92194652557373,7.28349494934082,2.281895160675049,,,,0.013065297629405136,-5.59545966183393e-05,0.052459886423564916,0.013065297629405136,-5.59545966183393e-05,0.052459886423564916,2,4,346336400,2436,28,0.52,32.947359,-118.531889,261.26,0.02129284292459488,101.0333023071289,0.05445530265569687,0.0,1,32.9473591,-118.5318907,261.0299987792969,-0.048908624798059464,-2.188908576965332,-0.29,-0.29,-0.27,-0.27,0.0,275.26,0.01,0.02,3,0,0.0008130083442665637,-0.004442180041223764,0.002722230041399598,0.14221417903900146,0.0711725652217865,-9.810785293579102,0,0,45.0,1,1,3276,3276,-0.16,0.8,277.81,261.17999267578125,32.9473589,-118.5318898,0.7536351084709167,0.0035406865645200014,0.006237030494958162,-0.6572539210319519,2,0.14,0.55,276.51,0.0013837761944159865,-0.012744754552841187,0.05252048373222351,0.030961427837610245,13.92194652557373,7.28349494934082,2.281895160675049,0.28,-0.11,0.01,261.07,2,0.18,-0.05,0.03,-1.08,3.92,239,48,385,14,-12,-21,0.0,0.0,-0.005415600724518299,-0.29,-0.29,-0.27,-0.27,0.0,26.0,0.0,4.75925350189209,1,4.446427345275879,1.0323870182037354,0,147.72203063964844,-79.28,-74.02,10.53,4.174069404602051,0.00544491782784462,16.430696487426758,32.9471741,-118.5303247,259.72,12.52,23.0,,,,,,,,,,,,,,,0,4.613028526306152,14.41340160369873,25.32,14.41340160369873,-2.490830183029175,1,1,1.0,0.33152395486831665,0,-0.38312482833862305,8.94237232208252,-0.15423640608787537,0.8052152395248413,277.8169250488281,1502,1501,1000,1500,1000,1000,1000,2000,1000,1500,0,0,0,0,1494,1505,1579,1498,1540,1427,1584,1465,0,1503,0,0,0,1500,0,-0.22019076347351074,98548.4375,46.44,0.3385602533817291,27928077,0.0,25.329750061035156,1,0,0.28,4,25,-1,,,
auto,00000003.BIN,C:\Users\Siya Bhadu\OneDrive\Desktop\ardupilot_parse\data\auto\00000003.BIN,00000003__descent_002,2,26467.921214,11.150000000001455,POS.RelHomeAlt,-0.05005374923348427,-0.049481187015771866,-5.0,0.019552707672403635,4.613028526306152,ARSP.Airspeed,-0.38312482833862305,-0.38312482833862305,74.80954211260455,ArduPilot_AOA.AOA,8.94237232208252,8.94237232208252,-1.381659694955146,ArduPilot_AOA.SSA,ArduPilot_AOA,ground_relative_approx,0.014203780590502492,0.00020290823886170983,-0.014202331192791462,0.05318609997630119,-0.24,-0.28,275.28,-0.24,-0.28,0.0,0.0,0.0,1502.0,1501.0,1000.0,1501.0,0.004,0.002,0.0,0.002,0.0,0.02000000000029104,0.0,0.0,1494.0,1505.0,1579.0,1498.0,0.0,35.0,0.0,0.005951870698481798,-0.006754343863576651,0.0018822376150637865,0.1374153345823288,0.05977211520075798,-9.813377380371094,32.9473591,-118.5318907,13.921789169311523,7.280978202819824,2.284734010696411,,,,0.014420487426526258,-0.0013273765038803553,0.05311116857828102,0.014420487426526258,-0.0013273765038803553,0.05311116857828102,2,4,346336400,2436,28,0.52,32.947359,-118.531889,261.26,0.02129284292459488,101.0333023071289,0.05445530265569687,0.0,1,32.9473591,-118.5318907,261.0199890136719,-0.05005374923348427,-2.190053701400757,-0.24,-0.24,-0.28,-0.28,0.0,275.28,0.01,0.02,3,0,0.005951870698481798,-0.006754343863576651,0.0018822376150637865,0.1374153345823288,0.05977211520075798,-9.813377380371094,0,0,45.0,1,1,3276,3276,-0.11,0.8,277.82,260.8500061035156,32.947359,-118.531889,0.7536686062812805,0.0038507645949721336,0.005923409480601549,-0.6572166085243225,2,0.18,0.54,276.54,0.00020290823886170983,-0.014202331192791462,0.05318609997630119,0.035994838923215866,13.921789169311523,7.280978202819824,2.284734010696411,0.28,-0.11,0.01,261.07,2,0.18,-0.05,0.03,-1.08,3.92,239,48,385,14,-12,-21,0.0,0.0,-0.005415600724518299,-0.24,-0.24,-0.28,-0.28,0.0,35.0,0.0,4.715861797332764,1,4.427337646484375,1.0323870182037354,0,147.73129272460938,-79.28,-74.02,10.53,4.174069404602051,0.00544491782784462,16.386180877685547,32.9471741,-118.5303247,259.72,12.52,23.0,,,,,,,,,,,,,,,0,4.613028526306152,14.41340160369873,25.32,14.41340160369873,-2.490830183029175,1,1,1.0,0.33152395486831665,0,-0.38312482833862305,8.94237232208252,-0.15423640608787537,0.8052152395248413,277.8169250488281,1502,1501,1000,1501,1000,1000,1000,2000,1000,1500,0,0,0,0,1494,1505,1579,1498,1540,1427,1584,1465,0,1503,0,0,0,1500,0,-0.22019076347351074,98548.4375,46.44,0.3385602533817291,27928077,0.0,25.329750061035156,1,0,0.28,4,25,-1,,,
auto,00000003.BIN,C:\Users\Siya Bhadu\OneDrive\Desktop\ardupilot_parse\data\auto\00000003.BIN,00000003__descent_002,2,26467.971214,11.200000000000728,POS.RelHomeAlt,-0.050782594829797745,-0.050418172031641006,-5.0,0.017504692077891404,4.452246189117432,ARSP.Airspeed,-0.38816726207733154,-0.38816726207733154,74.58927256547486,ArduPilot_AOA.AOA,8.888227462768555,8.888227462768555,-0.8720622765895654,ArduPilot_AOA.SSA,ArduPilot_AOA,ground_relative_approx,0.01433513480763514,0.0006914256373420358,-0.014318450354039669,0.05293002352118492,-0.22,-0.27,275.29,-0.22,-0.27,0.0,0.0,0.0,1502.0,1502.0,1000.0,1500.0,0.004,0.004,0.0,0.0,-0.02000000000029104,0.02000000000029104,0.0,-0.02000000000029104,1494.0,1505.0,1579.0,1498.0,0.0,26.0,0.0,0.010029803961515427,-0.004499991424381733,0.0022262176498770714,0.11912510544061661,0.06779062002897263,-9.865047454833984,32.9473591,-118.5318907,13.921698570251465,7.279395580291748,2.2860796451568604,,,,0.014570479432621733,-0.0008346047307909376,0.05285913396900435,0.014570479432621733,-0.0008346047307909376,0.05285913396900435,2,4,346336400,2436,28,0.52,32.947359,-118.531889,261.26,0.02129284292459488,101.0333023071289,0.05445530265569687,0.0,1,32.9473591,-118.5318907,261.0199890136719,-0.050782594829797745,-2.1907825469970703,-0.22,-0.22,-0.27,-0.27,0.0,275.29,0.01,0.02,3,0,0.010029803961515427,-0.004499991424381733,0.0022262176498770714,0.11912510544061661,0.06779062002897263,-9.865047454833984,0,0,45.0,1,1,3276,3276,-0.08,0.8,277.82,260.8500061035156,32.947359,-118.531889,0.7536900043487549,0.004069769289344549,0.005786408204585314,-0.657192051410675,2,0.21,0.55,276.55,0.0006914256373420358,-0.014318450354039669,0.05293002352118492,0.035032130777835846,13.921698570251465,7.279395580291748,2.2860796451568604,0.28,-0.11,0.01,261.07,2,0.18,-0.05,0.03,-1.08,3.92,239,48,385,14,-12,-21,0.0,0.0,-0.005415600724518299,-0.22,-0.22,-0.27,-0.27,0.0,26.0,0.0,4.715861797332764,1,4.427337646484375,1.0323870182037354,0,147.73129272460938,-79.28,-74.02,10.54,4.174069404602051,0.00544491782784462,16.42957305908203,32.9471741,-118.5303247,259.72,12.52,23.0,,,,,,,,,,,,,,,0,4.452246189117432,13.42618179321289,25.32,13.42618179321289,-2.490830183029175,1,1,1.0,0.33152395486831665,0,-0.38816726207733154,8.888227462768555,-0.08428200334310532,0.8062676787376404,277.8248596191406,1502,1502,1000,1500,1000,1000,1000,2000,1000,1500,0,0,0,0,1494,1505,1579,1498,1539,1428,1584,1465,0,1503,0,0,0,1500,0,0.10825449973344803,98544.71875,46.44,0.3576889634132385,27928178,0.0,25.329750061035156,1,0,0.28,4,25,-1,,,
auto,00000003.BIN,C:\Users\Siya Bhadu\OneDrive\Desktop\ardupilot_parse\data\auto\00000003.BIN,00000003__descent_002,2,26468.021214,11.25,POS.RelHomeAlt,-0.05168071761727333,-0.05123165622353554,-5.0,0.01380324363696317,4.452246189117432,ARSP.Airspeed,-0.38816726207733154,-0.38816726207733154,75.17135295970019,ArduPilot_AOA.AOA,8.888227462768555,8.888227462768555,-0.3052355975836617,ArduPilot_AOA.SSA,ArduPilot_AOA,ground_relative_approx,0.01403014365720882,0.0011873977491632104,-0.013979807496070862,0.054021455347537994,-0.2,-0.27,275.3,-0.2,-0.27,0.0,0.0,0.0,1501.0,1502.0,1000.0,1500.0,0.002,0.004,0.0,0.0,-0.020000000001018637,0.0,0.0,0.0,1494.0,1505.0,1579.0,1498.0,0.0,26.0,0.0,0.0070360200479626656,-0.002477882895618677,0.0029894227627664804,0.10224545001983643,0.07762789726257324,-9.802637100219727,32.9473591,-118.5318907,13.921612739562988,7.277556419372559,2.287477970123291,,,,0.014284133620048127,-0.000297338298804785,0.05395403307973031,0.014284133620048127,-0.000297338298804785,0.05395403307973031,2,4,346336600,2436,28,0.52,32.9473591,-118.5318879,261.17,0.01462479680776596,278.75927734375,0.008883299306035042,0.0,1,32.9473591,-118.5318907,261.0199890136719,-0.05168071761727333,-2.191680669784546,-0.2,-0.2,-0.27,-0.27,0.0,275.3,0.01,0.02,3,0,0.0070360200479626656,-0.002477882895618677,0.0029894227627664804,0.10224545001983643,0.07762789726257324,-9.802637100219727,0,0,44.5,1,1,3276,3276,-0.06,0.81,277.83,261.17999267578125,32.947359,-118.531889,0.75372314453125,0.00422321492806077,0.005720232147723436,-0.6571536064147949,2,0.23,0.55,276.56,0.0011873977491632104,-0.013979807496070862,0.054021455347537994,0.0360775925219059,13.921612739562988,7.277556419372559,2.287477970123291,0.28,-0.11,0.01,261.07,0,0.18,0.0,-0.02,-1.0,3.93,239,48,385,10,-9,-23,0.0,0.0,-0.044091660529375076,-0.2,-0.2,-0.27,-0.27,0.0,26.0,0.0,4.638350486755371,1,4.427337646484375,1.0323870182037354,0,147.73129272460938,-79.28,-74.02,10.54,4.174069404602051,0.00544491782784462,16.42957305908203,32.9471741,-118.5303247,259.72,12.52,23.0,,,,,,,,,,,,,,,0,4.452246189117432,13.42618179321289,25.32,13.42618179321289,-2.490830183029175,1,1,1.0,0.33152395486831665,0,-0.38816726207733154,8.888227462768555,-0.08428200334310532,0.8062676787376404,277.8248596191406,1501,1502,1000,1500,1000,1000,1000,2000,1000,1500,0,0,0,0,1494,1505,1579,1498,1539,1428,1584,1465,0,1503,0,0,0,1500,0,0.10825449973344803,98544.71875,46.44,0.3576889634132385,27928178,0.0,25.329750061035156,1,0,0.28,4,25,-1,,,
auto,00000003.BIN,C:\Users\Siya Bhadu\OneDrive\Desktop\ardupilot_parse\data\auto\00000003.BIN,00000003__descent_002,2,26468.071214000003,11.30000000000291,POS.RelHomeAlt,-0.051916275173425674,-0.0517984963953495,-5.0,0.009040832519166875,4.350350379943848,ARSP.Airspeed,-0.36321690678596497,-0.36321690678596497,-23.681932726487346,ArduPilot_AOA.AOA,8.867145538330078,8.867145538330078,-26.124401869539668,ArduPilot_AOA.SSA,ArduPilot_AOA,ground_relative_approx,0.024088127133990715,-0.009365866892039776,-0.022192755714058876,-0.009157433174550533,-0.2,-0.26,275.31,-0.2,-0.26,0.0,0.0,0.0,1501.0,1502.0,1000.0,1500.0,0.002,0.004,0.0,0.0,0.020000000001018634,0.0,0.0,0.0,1493.0,1505.0,1579.0,1498.0,0.0,26.0,0.0,-0.0052862996235489845,-0.0028950574342161417,0.0007139939698390663,0.10135911405086517,0.0018460082355886698,-9.837489128112793,32.9473591,-118.5318907,13.904801368713379,7.27813720703125,2.1919162273406982,,,,0.02118898502251928,-0.011347117805062987,-0.00929334613598001,0.02118898502251928,-0.011347117805062987,-0.00929334613598001,2,4,346336600,2436,28,0.52,32.9473591,-118.5318879,261.17,0.01462479680776596,278.75927734375,0.008883299306035042,0.0,1,32.9473591,-118.5318907,261.0199890136719,-0.051916275173425674,-2.1919162273406982,-0.2,-0.2,-0.26,-0.26,0.0,275.31,0.01,0.02,3,0,-0.0052862996235489845,-0.0028950574342161417,0.0007139939698390663,0.10135911405086517,0.0018460082355886698,-9.837489128112793,0,0,45.0,1,1,3276,3276,-0.06,0.81,277.83,261.17999267578125,32.947359,-118.531889,0.7537330985069275,0.004240154754370451,0.005781990010291338,-0.6571415662765503,0,-0.2,-0.26,275.3,-0.009365866892039776,-0.022192755714058876,-0.009157433174550533,0.01811043731868267,13.904801368713379,7.27813720703125,2.1919162273406982,-0.12,-0.25,-0.18,261.07,0,0.18,0.0,-0.02,-1.0,3.93,239,48,385,10,-9,-23,0.0,0.0,-0.044091660529375076,-0.2,-0.2,-0.26,-0.26,0.0,26.0,0.0,4.638350486755371,1,4.427337646484375,1.0323870182037354,0,147.73129272460938,-79.28,-74.02,10.54,4.174069404602051,0.00544491782784462,16.42957305908203,32.9471741,-118.5303247,259.72,12.52,23.0,,,,,,,,,,,,,,,0,4.350350379943848,12.818662643432617,25.32,12.818662643432617,-2.490830183029175,1,1,1.0,0.33152395486831665,0,-0.36321690678596497,8.867145538330078,-0.07814856618642807,0.8216537833213806,277.8275451660156,1501,1502,1000,1500,1000,1000,1000,2000,1000,1500,0,0,0,0,1493,1505,1579,1498,1539,1428,1584,1464,0,1503,0,0,0,1500,0,-0.012175433337688446,98546.078125,46.44,0.07876665145158768,27928277,0.0,25.329750061035156,1,0,0.28,4,25,-1,,,
auto,00000003.BIN,C:\Users\Siya Bhadu\OneDrive\Desktop\ardupilot_parse\data\auto\00000003.BIN,00000003__descent_002,2,26468.121214000003,11.350000000002183,POS.RelHomeAlt,-0.05235520377755165,-0.05213573947548866,-5.0,0.00876545906079651,4.350350379943848,ARSP.Airspeed,-0.36321690678596497,-0.36321690678596497,76.07920104034778,ArduPilot_AOA.AOA,8.867145538330078,8.867145538330078,-3.930098026487291,ArduPilot_AOA.SSA,ArduPilot_AOA,ground_relative_approx,0.013402141668942519,-0.0023156495299190283,-0.013200574554502964,0.053260013461112976,-0.26,-0.27,275.29,-0.26,-0.27,0.0,0.0,0.0,1502.0,1502.0,1000.0,1500.0,0.004,0.004,0.0,0.0,0.0,0.0,0.0,0.0,1494.0,1505.0,1579.0,1498.0,0.0,26.0,0.0,-0.013596494682133198,-0.0036509186029434204,-0.004934514872729778,0.11290856450796127,-0.01560062263160944,-9.82331371307373,32.9473591,-118.5318908,13.921245574951172,7.272967338562012,2.2902424335479736,,,,0.01318169265147395,-0.003764207426197162,0.0531819532970253,0.01318169265147395,-0.003764207426197162,0.0531819532970253,2,4,346336600,2436,28,0.52,32.9473591,-118.5318879,261.17,0.01462479680776596,278.75927734375,0.008883299306035042,0.0,1,32.9473591,-118.5318908,261.0199890136719,-0.05235520377755165,-2.192355155944824,-0.26,-0.26,-0.27,-0.27,0.0,275.29,0.01,0.02,3,0,-0.013596494682133198,-0.0036509186029434204,-0.004934514872729778,0.11290856450796127,-0.01560062263160944,-9.82331371307373,0,0,45.0,1,1,3276,3276,-0.12,0.81,277.79,261.05999755859375,32.9473591,-118.5318879,0.7535452246665955,0.003880675183609128,0.0060681249015033245,-0.6573565602302551,2,0.16,0.56,276.55,-0.0023156495299190283,-0.013200574554502964,0.053260013461112976,0.021329039707779884,13.921245574951172,7.272967338562012,2.2902424335479736,0.28,-0.11,0.01,261.07,0,0.18,0.0,-0.02,-1.0,3.93,239,48,385,10,-9,-23,0.0,0.0,-0.044091660529375076,-0.26,-0.26,-0.27,-0.27,0.0,26.0,0.0,4.553863525390625,1,4.463865756988525,1.0323870182037354,0,147.73129272460938,-79.28,-74.02,10.54,4.174069404602051,0.00544491782784462,16.507083892822266,32.9471741,-118.5303247,259.72,12.52,23.0,,,,,,,,,,,,,,,0,4.350350379943848,12.818662643432617,25.32,12.818662643432617,-2.490830183029175,1,1,1.0,0.33152395486831665,0,-0.36321690678596497,8.867145538330078,-0.07814856618642807,0.8216537833213806,277.8275451660156,1502,1502,1000,1500,1000,1000,1000,2000,1000,1500,0,0,0,0,1494,1505,1579,1498,1540,1427,1584,1465,0,1503,0,0,0,1500,0,-0.012175433337688446,98546.078125,46.44,0.07876665145158768,27928277,0.0,25.329750061035156,1,0,0.28,4,25,-1,,,
auto,00000003.BIN,C:\Users\Siya Bhadu\OneDrive\Desktop\ardupilot_parse\data\auto\00000003.BIN,00000003__descent_002,2,26468.171214,11.400000000001455,POS.RelHomeAlt,-0.05299488082528114,-0.0526750423014164,-5.0,0.008825063705572789,4.426991939544678,ARSP.Airspeed,-0.35814759135246277,-0.35814759135246277,-21.009658420860468,ArduPilot_AOA.AOA,8.859308242797852,8.859308242797852,-31.06769438747944,ArduPilot_AOA.SSA,ArduPilot_AOA,ground_relative_approx,0.025856184240923757,-0.011978600174188614,-0.022914087399840355,-0.008152562193572521,-0.29,-0.27,275.27,-0.29,-0.27,0.0,0.0,0.0,1501.0,1502.0,1000.0,1500.0,0.002,0.004,0.0,0.0,0.0,-0.02000000000029104,0.0,0.0,1494.0,1505.0,1579.0,1498.0,0.0,26.0,0.0,-0.016485081985592842,-0.006060032639652491,-0.011650633066892624,0.1430279165506363,0.06010908633470535,-9.813201904296875,32.9473591,-118.5318908,13.904054641723633,7.273488521575928,2.1929948329925537,,,,0.021678343825653548,-0.013990645768589252,-0.008325729624199087,0.021678343825653548,-0.013990645768589252,-0.008325729624199087,2,4,346336600,2436,28,0.52,32.9473591,-118.5318879,261.17,0.01462479680776596,278.75927734375,0.008883299306035042,0.0,1,32.9473591,-118.5318908,261.0199890136719,-0.05299488082528114,-2.1929948329925537,-0.29,-0.29,-0.27,-0.27,0.0,275.27,0.01,0.02,3,0,-0.016485081985592842,-0.006060032639652491,-0.011650633066892624,0.1430279165506363,0.06010908633470535,-9.813201904296875,0,0,45.0,1,1,3276,3276,-0.14,0.8,277.76,261.05999755859375,32.9473591,-118.5318879,0.7533770799636841,0.00368366576731205,0.006164465565234423,-0.6575495600700378,0,-0.29,-0.27,275.26,-0.011978600174188614,-0.022914087399840355,-0.008152562193572521,0.008572353981435299,13.904054641723633,7.273488521575928,2.1929948329925537,-0.12,-0.25,-0.18,261.07,2,0.18,-0.05,0.03,-1.08,3.92,239,48,385,14,-12,-21,0.0,0.0,-0.005415600724518299,-0.29,-0.29,-0.27,-0.27,0.0,26.0,0.0,4.553863525390625,1,4.463865756988525,1.0323870182037354,0,147.74053955078125,-79.28,-74.02,10.54,4.174069404602051,0.00544491782784462,16.591571807861328,32.9471741,-118.5303247,259.72,12.52,23.0,,,,,,,,,,,,,,,0,4.426991939544678,13.27430248260498,25.32,13.27430248260498,-2.490830183029175,1,1,1.0,0.33152395486831665,0,-0.35814759135246277,8.859308242797852,-0.1464904546737671,0.8097724318504333,277.76995849609375,1501,1502,1000,1500,1000,1000,1000,2000,1000,1500,0,0,0,0,1494,1505,1579,1498,1539,1428,1584,1465,0,1503,0,0,0,1500,0,-0.25029826164245605,98548.78125,46.44,0.010263918898999691,27928376,0.0,25.329750061035156,1,0,0.28,4,25,-1,,,
auto,00000003.BIN,C:\Users\Siya Bhadu\OneDrive\Desktop\ardupilot_parse\data\auto\00000003.BIN,00000003__descent_002,2,26468.221214,11.450000000000728,POS.RelHomeAlt,-0.0536295510828495,-0.053018245846033096,-5.0,0.0039029121399494215,4.426991939544678,ARSP.Airspeed,-0.35814759135246277,-0.35814759135246277,-21.72655347389793,ArduPilot_AOA.AOA,8.859308242797852,8.859308242797852,-28.604719540447483,ArduPilot_AOA.SSA,ArduPilot_AOA,ground_relative_approx,0.026073831246903642,-0.011108874343335629,-0.02358892932534218,-0.008758001029491425,-0.31,-0.28,275.24,-0.31,-0.28,0.0,0.0,0.0,1502.0,1501.0,1000.0,1500.0,0.004,0.002,0.0,0.0,0.02000000000029104,0.0,0.0,0.0,1493.0,1505.0,1579.0,1498.0,0.0,26.0,0.0,-0.012143154628574848,-0.0060840691439807415,-0.013670975342392921,0.16146840155124664,0.09068135917186737,-9.848917007446289,32.9473591,-118.5318908,13.904297828674316,7.273525714874268,2.193629503250122,,,,0.022432731299293875,-0.01316860218800679,-0.008939112975697614,0.022432731299293875,-0.01316860218800679,-0.008939112975697614,2,4,346336800,2436,28,0.52,32.9473589,-118.5318893,261.28,0.012637314386665821,62.52556228637695,0.029818333685398102,0.0,1,32.9473591,-118.5318908,261.0199890136719,-0.0536295510828495,-2.193629503250122,-0.31,-0.31,-0.28,-0.28,0.0,275.24,0.01,0.02,3,0,-0.012143154628574848,-0.0060840691439807415,-0.013670975342392921,0.16146840155124664,0.09068135917186737,-9.848917007446289,0,0,45.0,1,1,3276,3276,-0.15,0.8,277.73,260.82000732421875,32.9473591,-118.5318879,0.7531917095184326,0.003568809712305665,0.006179709918797016,-0.6577624082565308,0,-0.31,-0.28,275.23,-0.011108874343335629,-0.02358892932534218,-0.008758001029491425,0.010764996521174908,13.904297828674316,7.273525714874268,2.193629503250122,-0.12,-0.25,-0.18,261.07,2,0.18,-0.05,0.03,-1.08,3.92,239,48,385,14,-12,-21,0.0,0.0,-0.005415600724518299,-0.31,-0.31,-0.28,-0.28,0.0,26.0,0.0,4.516176223754883,1,4.463865756988525,1.0323870182037354,0,147.74053955078125,-79.28,-74.02,10.54,4.174069404602051,0.00544491782784462,16.591571807861328,32.9471741,-118.5303247,259.72,12.52,23.0,,,,,,,,,,,,,,,0,4.426991939544678,13.27430248260498,25.32,13.27430248260498,-2.490830183029175,1,1,1.0,0.33152395486831665,0,-0.35814759135246277,8.859308242797852,-0.1464904546737671,0.8097724318504333,277.76995849609375,1502,1501,1000,1500,1000,1000,1000,2000,1000,1500,0,0,0,0,1493,1505,1579,1498,1539,1428,1584,1464,0,1503,0,0,0,1500,0,-0.25029826164245605,98548.78125,46.44,0.010263918898999691,27928376,0.0,25.329750061035156,1,0,0.28,4,25,-1,,,
auto,00000003.BIN,C:\Users\Siya Bhadu\OneDrive\Desktop\ardupilot_parse\data\auto\00000003.BIN,00000003__descent_002,2,26468.271214,11.5,POS.RelHomeAlt,-0.05357399955391884,-0.053065333515405655,-5.0,0.0009834766387695204,4.464819431304932,ARSP.Airspeed,-0.35402753949165344,-0.35402753949165344,-19.897304103807848,ArduPilot_AOA.AOA,8.93623161315918,8.93623161315918,-29.127139972608322,ArduPilot_AOA.SSA,ArduPilot_AOA,ground_relative_approx,0.02646766208071724,-0.011380260810256004,-0.023896167054772377,-0.008049149997532368,-0.29,-0.27,275.22,-0.29,-0.27,0.0,0.0,0.0,1502.0,1502.0,1000.0,1500.0,0.004,0.004,0.0,0.0,0.0,2.9103837395627608e-12,0.0,0.0,1493.0,1505.0,1579.0,1498.0,0.0,26.0,0.0,0.0037094461731612682,-0.004000709857791662,-0.01313582994043827,0.14624804258346558,0.06110001727938652,-9.859060287475586,32.9473591,-118.5318908,13.904450416564941,7.273418426513672,2.1935739517211914,,,,0.022723500746136372,-0.013465685924848172,-0.00822458315755263,0.022723500746136372,-0.013465685924848172,-0.00822458315755263,2,4,346336800,2436,28,0.52,32.9473589,-118.5318893,261.28,0.012637314386665821,62.52556228637695,0.029818333685398102,0.0,1,32.9473591,-118.5318908,261.0199890136719,-0.05357399955391884,-2.1935739517211914,-0.29,-0.29,-0.27,-0.27,0.0,275.22,0.01,0.02,3,0,0.0037094461731612682,-0.004000709857791662,-0.01313582994043827,0.14624804258346558,0.06110001727938652,-9.859060287475586,0,0,45.0,1,1,3276,3276,-0.14,0.8,277.7,260.82000732421875,32.9473591,-118.5318879,0.7530074715614319,0.0036616146098822355,0.0060822744853794575,-0.6579736471176147,0,-0.29,-0.27,275.21,-0.011380260810256004,-0.023896167054772377,-0.008049149997532368,0.009732687845826149,13.904450416564941,7.273418426513672,2.1935739517211914,-0.12,-0.25,-0.18,261.07,0,0.18,0.0,-0.02,-1.0,3.93,239,48,385,10,-9,-23,0.0,0.0,-0.044091660529375076,-0.29,-0.29,-0.27,-0.27,0.0,26.0,0.0,4.516176223754883,1,4.463865756988525,1.0323870182037354,0,147.74053955078125,-79.28,-74.02,10.54,4.174069404602051,0.00544491782784462,16.591571807861328,32.9471741,-118.5303247,259.72,12.52,23.0,,,,,,,,,,,,,,,0,4.464819431304932,13.502121925354004,25.32,13.502121925354004,-2.490830183029175,1,1,1.0,0.33152395486831665,0,-0.35402753949165344,8.93623161315918,-0.12861274182796478,0.802069902420044,277.6923828125,1502,1502,1000,1500,1000,1000,1000,2000,1000,1500,0,0,0,0,1493,1505,1579,1498,1539,1428,1584,1464,0,1503,0,0,0,1500,0,0.13288789987564087,98544.4453125,46.44,-0.06292879581451416,27928477,0.0,25.329750061035156,1,0,0.28,4,25,-1,,,
auto,00000003.BIN,C:\Users\Siya Bhadu\OneDrive\Desktop\ardupilot_parse\data\auto\00000003.BIN,00000003__descent_002,2,26468.321214000003,11.55000000000291,POS.RelHomeAlt,-0.05314413085579872,-0.05311659350991249,-5.0,0.002937316894606301,4.464819431304932,ARSP.Airspeed,-0.35402753949165344,-0.35402753949165344,76.14706836620243,ArduPilot_AOA.AOA,8.93623161315918,8.93623161315918,-2.4306661788904305,ArduPilot_AOA.SSA,ArduPilot_AOA,ground_relative_approx,0.013355252387003752,-0.0009412387735210359,-0.013322043232619762,0.05456865578889847,-0.25,-0.27,275.2,-0.25,-0.27,0.0,0.0,0.0,1502.0,1501.0,1000.0,1500.0,0.004,0.002,0.0,0.0,-0.020000000001018634,2.9103872090097127e-12,0.0,0.0,1493.0,1505.0,1579.0,1498.0,0.0,26.0,0.0,0.00931607186794281,-0.002347572473809123,-0.009593984112143517,0.12879730761051178,0.10935608297586441,-9.817580223083496,32.9473591,-118.5318908,13.921244621276855,7.271213054656982,2.294114351272583,,,,0.013438909532433773,-0.0023825819833878216,0.05449605467003413,0.013438909532433773,-0.0023825819833878216,0.05449605467003413,2,4,346336800,2436,28,0.52,32.9473589,-118.5318893,261.28,0.012637314386665821,62.52556228637695,0.029818333685398102,0.0,1,32.9473591,-118.5318908,261.0199890136719,-0.05314413085579872,-2.1931440830230713,-0.25,-0.25,-0.27,-0.27,0.0,275.2,0.01,0.02,3,0,0.00931607186794281,-0.002347572473809123,-0.009593984112143517,0.12879730761051178,0.10935608297586441,-9.817580223083496,0,0,45.0,1,1,3276,3276,-0.08,0.81,277.67,261.2099914550781,32.9473589,-118.5318893,0.7528147101402283,0.004064416047185659,0.005841365084052086,-0.6581940054893494,2,0.17,0.55,276.45,-0.0009412387735210359,-0.013322043232619762,0.05456865578889847,0.013386106118559837,13.921244621276855,7.271213054656982,2.294114351272583,0.28,-0.11,0.01,261.07,2,0.18,-0.05,0.03,-1.08,3.92,239,48,385,14,-12,-21,0.0,0.0,-0.005415600724518299,-0.25,-0.25,-0.27,-0.27,0.0,26.0,0.0,4.50083065032959,1,4.438421249389648,1.0323870182037354,0,147.74053955078125,-79.28,-74.02,10.54,4.174069404602051,0.00544491782784462,16.62925910949707,32.9471741,-118.5303247,259.72,12.52,23.0,,,,,,,,,,,,,,,0,4.464819431304932,13.502121925354004,25.32,13.502121925354004,-2.490830183029175,1,1,1.0,0.33152395486831665,0,-0.35402753949165344,8.93623161315918,-0.12861274182796478,0.802069902420044,277.6923828125,1502,1501,1000,1500,1000,1000,1000,2000,1000,1500,0,0,0,0,1493,1505,1579,1498,1539,1428,1584,1464,0,1503,0,0,0,1500,0,0.13288789987564087,98544.4453125,46.44,-0.06292879581451416,27928477,0.0,25.329750061035156,1,0,0.28,4,25,-1,,,
auto,00000003.BIN,C:\Users\Siya Bhadu\OneDrive\Desktop\ardupilot_parse\data\auto\00000003.BIN,00000003__descent_002,2,26468.371214000003,11.600000000002183,POS.RelHomeAlt,-0.05304161086678505,-0.05335906520485878,-5.0,0.004851818084787407,4.3245015144348145,ARSP.Airspeed,-0.3554326295852661,-0.3554326295852661,75.3551192827622,ArduPilot_AOA.AOA,8.972538948059082,8.972538948059082,-0.06462751767389048,ArduPilot_AOA.SSA,ArduPilot_AOA,ground_relative_approx,0.013733315259946604,0.0014104789588600397,-0.013660691678524017,0.053581319749355316,-0.24,-0.27,275.22,-0.24,-0.27,0.0,0.0,0.0,1501.0,1502.0,1000.0,1500.0,0.002,0.004,0.0,0.0,0.0,0.0,0.0,0.0,1494.0,1505.0,1579.0,1498.0,0.0,26.0,0.0,0.004582513123750687,-0.0052543762139976025,0.0018301137024536729,0.13851574063301086,0.19042326509952545,-9.819311141967773,32.9473591,-118.5318908,13.921218872070312,7.2702412605285645,2.2944655418395996,,,,0.013984704983572105,-6.23913472559431e-05,0.05351622097975507,0.013984704983572105,-6.23913472559431e-05,0.05351622097975507,2,4,346336800,2436,28,0.52,32.9473589,-118.5318893,261.28,0.012637314386665821,62.52556228637695,0.029818333685398102,0.0,1,32.9473591,-118.5318908,261.0199890136719,-0.05304161086678505,-2.1930415630340576,-0.24,-0.24,-0.27,-0.27,0.0,275.22,0.01,0.02,3,0,0.004582513123750687,-0.0052543762139976025,0.0018301137024536729,0.13851574063301086,0.19042326509952545,-9.819311141967773,0,0,45.0,1,1,3276,3276,-0.07,0.8,277.68,261.2099914550781,32.9473589,-118.5318893,0.7528867125511169,0.004106619395315647,0.005756830330938101,-0.6581121683120728,2,0.18,0.55,276.47,0.0014104789588600397,-0.013660691678524017,0.053581319749355316,0.009108574129641056,13.921218872070312,7.2702412605285645,2.2944655418395996,0.28,-0.11,0.01,261.07,1,0.18,-0.01,0.02,-0.93,3.95,239,48,385,11,-10,-22,0.0,0.0,-0.04983825981616974,-0.24,-0.24,-0.27,-0.27,0.0,26.0,0.0,4.50083065032959,1,4.438421249389648,1.0323870182037354,0,147.74053955078125,-79.28,-74.02,10.54,4.174069404602051,0.00544491782784462,16.644603729248047,32.9471741,-118.5303247,259.72,12.52,23.0,,,,,,,,,,,,,,,0,4.3245015144348145,12.66678237915039,25.32,12.66678237915039,-2.490830183029175,1,1,1.0,0.33152395486831665,0,-0.3554326295852661,8.972538948059082,-0.0798565223813057,0.8063911199569702,277.6849365234375,1501,1502,1000,1500,1000,1000,1000,2000,1000,1500,0,0,0,0,1494,1505,1579,1498,1540,1427,1584,1465,0,1503,0,0,0,1500,0,-0.05870518088340759,98546.59375,46.44,-0.1741582155227661,27928578,0.0,25.329750061035156,1,0,0.28,4,25,-1,,,
auto,00000003.BIN,C:\Users\Siya Bhadu\OneDrive\Desktop\ardupilot_parse\data\auto\00000003.BIN,00000003__descent_002,2,26468.421214,11.650000000001455,POS.RelHomeAlt,-0.05308905616402626,-0.05360177531838417,-5.0,0.004521608352726858,4.3245015144348145,ARSP.Airspeed,-0.3554326295852661,-0.3554326295852661,73.54142579213872,ArduPilot_AOA.AOA,8.972538948059082,8.972538948059082,0.8780878269673341,ArduPilot_AOA.SSA,ArduPilot_AOA,ground_relative_approx,0.015776534036822363,0.002537474734708667,-0.015571135096251965,0.054241880774497986,-0.25,-0.28,275.25,-0.25,-0.28,0.0,0.0,0.0,1502.0,1501.0,1000.0,1500.0,0.004,0.002,0.0,0.0,0.02000000000029104,-0.02000000000029104,0.0,0.0,1494.0,1505.0,1579.0,1498.0,0.0,26.0,0.0,-0.0034170642029494047,-0.007166016846895218,0.009673956781625748,0.17327819764614105,0.11590143293142319,-9.826092720031738,32.9473591,-118.5318908,13.921184539794922,7.268578052520752,2.2948856353759766,,,,0.0160028829555072,0.0008656995944620045,0.05416861598282122,0.0160028829555072,0.0008656995944620045,0.05416861598282122,2,4,346336800,2436,28,0.52,32.947359,-118.5318886,261.22,0.013791941106319427,78.02386474609375,0.0753481313586235,0.0,1,32.9473591,-118.5318908,261.0199890136719,-0.05308905616402626,-2.193089008331299,-0.25,-0.25,-0.28,-0.28,0.0,275.25,0.01,0.02,3,0,-0.0034170642029494047,-0.007166016846895218,0.009673956781625748,0.17327819764614105,0.11590143293142319,-9.826092720031738,0,0,45.0,1,1,3276,3276,-0.08,0.8,277.7,261.0199890136719,32.9473589,-118.5318893,0.7530286908149719,0.00404951861128211,0.005789034999907017,-0.6579497456550598,2,0.17,0.54,276.51,0.002537474734708667,-0.015571135096251965,0.054241880774497986,0.006946098059415817,13.921184539794922,7.268578052520752,2.2948856353759766,0.28,-0.11,0.01,261.07,2,0.18,-0.05,0.03,-1.08,3.92,239,48,385,14,-12,-21,0.0,0.0,-0.005415600724518299,-0.25,-0.25,-0.28,-0.28,0.0,26.0,0.0,4.448666095733643,1,4.438421249389648,1.0323870182037354,0,147.74053955078125,-79.28,-74.02,10.54,4.174069404602051,0.00544491782784462,16.644603729248047,32.9471741,-118.5303247,259.72,12.52,23.0,,,,,,,,,,,,,,,0,4.3245015144348145,12.66678237915039,25.32,12.66678237915039,-2.490830183029175,1,1,1.0,0.33152395486831665,0,-0.3554326295852661,8.972538948059082,-0.0798565223813057,0.8063911199569702,277.6849365234375,1502,1501,1000,1500,1000,1000,1000,2000,1000,1500,0,0,0,0,1494,1505,1579,1498,1540,1427,1584,1465,0,1503,0,0,0,1500,0,-0.05870518088340759,98546.59375,46.44,-0.1741582155227661,27928578,0.0,25.329750061035156,1,0,0.28,4,25,-1,,,
auto,00000003.BIN,C:\Users\Siya Bhadu\OneDrive\Desktop\ardupilot_parse\data\auto\00000003.BIN,00000003__descent_002,2,26468.471214,11.700000000000728,POS.RelHomeAlt,-0.053992900997400284,-0.05381122604012489,-5.0,0.009760856628559966,4.489860534667969,ARSP.Airspeed,-0.34265920519828796,-0.34265920519828796,-16.05101336777171,ArduPilot_AOA.AOA,8.942386627197266,8.942386627197266,-21.03193525203115,ArduPilot_AOA.SSA,ArduPilot_AOA,ground_relative_approx,0.02836279749758618,-0.008086659014225006,-0.027185551822185516,-0.007385553792119026,-0.27,-0.28,275.28,-0.27,-0.28,0.0,0.0,0.0,1502.0,1501.0,1000.0,1500.0,0.004,0.002,0.0,0.0,0.0,0.0,0.0,0.0,1493.0,1505.0,1579.0,1498.0,0.0,26.0,0.0,-0.010867905803024769,-0.0031484030187129974,0.01088564284145832,0.1604500412940979,-0.022270752117037773,-9.861748695373535,32.9473591,-118.5318908,13.904623031616211,7.268578052520752,2.193992853164673,,,,0.026289634759501038,-0.010518516116990052,-0.0075637695373418105,0.026289634759501038,-0.010518516116990052,-0.0075637695373418105,2,4,346336800,2436,28,0.52,32.947359,-118.5318886,261.22,0.013791941106319427,78.02386474609375,0.0753481313586235,0.0,1,32.9473591,-118.5318908,261.0199890136719,-0.053992900997400284,-2.193992853164673,-0.27,-0.27,-0.28,-0.28,0.0,275.28,0.01,0.02,3,0,-0.010867905803024769,-0.0031484030187129974,0.01088564284145832,0.1604500412940979,-0.022270752117037773,-9.861748695373535,0,0,45.0,1,1,3276,3276,-0.1,0.81,277.73,261.0199890136719,32.9473589,-118.5318893,0.7531639933586121,0.003966670483350754,0.0059326463378965855,-0.6577941179275513,0,-0.27,-0.28,275.27,-0.008086659014225006,-0.027185551822185516,-0.007385553792119026,8.451487701677252e-06,13.904623031616211,7.268578052520752,2.193992853164673,-0.12,-0.25,-0.18,261.07,2,0.18,-0.05,0.03,-1.08,3.92,239,48,385,14,-12,-21,0.0,0.0,-0.005415600724518299,-0.27,-0.27,-0.28,-0.28,0.0,26.0,0.0,4.448666095733643,1,4.438421249389648,1.0323870182037354,0,147.74053955078125,-79.28,-74.02,10.54,4.174069404602051,0.00544491782784462,16.644603729248047,32.9471741,-118.5303247,259.72,12.52,23.0,,,,,,,,,,,,,,,0,4.489860534667969,13.65400218963623,25.32,13.65400218963623,-2.490830183029175,1,1,1.0,0.33152395486831665,0,-0.34265920519828796,8.942386627197266,-0.11319232732057571,0.8143268823623657,277.7424621582031,1502,1501,1000,1500,1000,1000,1000,2000,1000,1500,0,0,0,0,1493,1505,1579,1498,1539,1428,1584,1464,0,1503,0,0,0,1500,0,-0.012175433337688446,98546.0703125,46.44,0.08296667039394379,27928677,0.0,25.329750061035156,1,0,0.28,4,25,-1,,,
auto,00000003.BIN,C:\Users\Siya Bhadu\OneDrive\Desktop\ardupilot_parse\data\auto\00000003.BIN,00000003__descent_002,2,26468.521214,11.75,POS.RelHomeAlt,-0.05516282096505165,-0.05457786098122597,-5.0,0.021868944167137916,4.489860534667969,ARSP.Airspeed,-0.34265920519828796,-0.34265920519828796,72.60988258406931,ArduPilot_AOA.AOA,8.942386627197266,8.942386627197266,-4.273406189999733,ArduPilot_AOA.SSA,ArduPilot_AOA,ground_relative_approx,0.01732611382132482,-0.0024465618189424276,-0.017152508720755577,0.054733626544475555,-0.27,-0.27,275.3,-0.27,-0.27,0.0,0.0,0.0,1502.0,1501.0,1000.0,1500.0,0.004,0.002,0.0,0.0,0.0,0.0,0.0,0.0399999999962165,1494.0,1505.0,1579.0,1498.0,0.0,26.0,0.0,-0.004120363853871822,-0.002931267023086548,0.006575637962669134,0.11223229765892029,-0.017405914142727852,-9.816160202026367,32.9473591,-118.5318909,13.920995712280273,7.264379024505615,2.2986650466918945,,,,0.017110924274897923,-0.004277992765634872,0.054634047472391305,0.017110924274897923,-0.004277992765634872,0.054634047472391305,2,4,346337000,2436,28,0.52,32.947359,-118.5318884,261.21,0.015797099098563194,56.11272430419922,0.09271635860204697,0.0,1,32.9473591,-118.5318909,261.0199890136719,-0.05516282096505165,-2.195162773132324,-0.27,-0.27,-0.27,-0.27,0.0,275.3,0.01,0.01,3,0,-0.004120363853871822,-0.002931267023086548,0.006575637962669134,0.11223229765892029,-0.017405914142727852,-9.816160202026367,0,0,45.0,1,1,3276,3276,-0.11,0.81,277.75,261.05999755859375,32.947359,-118.5318886,0.7532623410224915,0.003957471810281277,0.006014050915837288,-0.6576808094978333,2,0.16,0.55,276.56,-0.0024465618189424276,-0.017152508720755577,0.054733626544475555,0.030044060200452805,13.920995712280273,7.264379024505615,2.2986650466918945,0.28,-0.11,0.01,261.07,0,0.18,0.0,-0.02,-1.0,3.93,239,48,385,10,-9,-23,0.0,0.0,-0.044091660529375076,-0.27,-0.27,-0.27,-0.27,0.0,26.0,0.0,4.461064338684082,1,4.435192108154297,1.0323870182037354,0,147.74053955078125,-79.28,-74.02,10.54,4.174069404602051,0.00544491782784462,16.69676971435547,32.9471741,-118.5303247,259.72,12.52,23.0,,,,,,,,,,,,,,,0,4.489860534667969,13.65400218963623,25.32,13.65400218963623,-2.490830183029175,1,1,1.0,0.33152395486831665,0,-0.34265920519828796,8.942386627197266,-0.11319232732057571,0.8143268823623657,277.7424621582031,1502,1501,1000,1500,1000,1000,1000,2000,1000,1500,0,0,0,0,1494,1505,1579,1498,1540,1427,1584,1465,0,1503,0,0,0,1500,0,-0.012175433337688446,98546.0703125,46.44,0.08296667039394379,27928677,0.0,25.329750061035156,1,0,0.28,4,25,-1,,,
auto,00000003.BIN,C:\Users\Siya Bhadu\OneDrive\Desktop\ardupilot_parse\data\auto\00000003.BIN,00000003__descent_002,2,26468.571214000003,11.80000000000291,POS.RelHomeAlt,-0.0568334199488163,-0.055998120456933975,-5.0,0.030297040938807362,4.464819431304932,ARSP.Airspeed,-0.32383573055267334,-0.32383573055267334,16.306235593680345,ArduPilot_AOA.AOA,8.836006164550781,8.836006164550781,-22.559718969787564,ArduPilot_AOA.SSA,ArduPilot_AOA,ground_relative_approx,0.023496908269616965,-0.007293567527085543,-0.022336261346936226,0.006465055514127016,-0.25,-0.28,275.29,-0.25,-0.28,0.0,0.0,0.0,1502.0,1501.0,1000.0,1502.0,0.004,0.002,0.0,0.004,0.0,0.020000000001018634,0.0,-5.820766091092631e-12,1494.0,1505.0,1578.0,1499.0,0.0,44.0,0.0,0.002939751837402582,-0.0062481192871928215,-0.004985691048204899,0.11810354888439178,-0.002194502856582403,-9.816861152648926,32.9473591,-118.5318909,13.91067886352539,7.268373489379883,2.211254358291626,,,,0.021600019811216533,-0.009349494655473712,0.006318839677809526,0.021600019811216533,-0.009349494655473712,0.006318839677809526,2,4,346337000,2436,28,0.52,32.947359,-118.5318884,261.21,0.015797099098563194,56.11272430419922,0.09271635860204697,0.0,1,32.9473591,-118.5318909,261.0199890136719,-0.0568334199488163,-2.196833372116089,-0.25,-0.25,-0.28,-0.28,0.0,275.29,0.01,0.01,3,0,0.002939751837402582,-0.0062481192871928215,-0.004985691048204899,0.11810354888439178,-0.002194502856582403,-9.816861152648926,0,0,44.5,1,1,3276,3276,-0.07,0.8,277.73,261.05999755859375,32.947359,-118.5318884,0.7531558871269226,0.004151462577283382,0.005722163710743189,-0.6578040719032288,1,-0.11,-0.23,275.35,-0.007293567527085543,-0.022336261346936226,0.006465055514127016,0.02635406330227852,13.91067886352539,7.268373489379883,2.211254358291626,-0.05,-0.03,-0.02,261.07,2,0.18,-0.05,0.03,-1.08,3.92,239,48,385,14,-12,-21,0.0,0.0,-0.005415600724518299,-0.25,-0.25,-0.28,-0.28,0.0,44.0,0.0,4.461064338684082,1,4.436128616333008,1.0323870182037354,0,147.74978637695312,-79.28,-74.02,10.54,4.174069404602051,0.00544491782784462,16.684371948242188,32.9471741,-118.5303247,259.72,12.52,23.0,,,,,,,,,,,,,,,0,4.464819431304932,13.502121925354004,25.32,13.502121925354004,-2.490830183029175,1,1,1.0,0.33152395486831665,0,-0.32383573055267334,8.836006164550781,-0.07304251939058304,0.8068122267723083,277.73187255859375,1502,1501,1000,1502,1000,1000,1000,2000,1000,1500,0,0,0,0,1494,1505,1578,1499,1542,1426,1584,1465,0,1505,0,0,0,1500,0,-0.13260535895824432,98547.4453125,46.44,0.22087973356246948,27928776,0.0,25.329750061035156,1,0,0.28,4,25,-1,,,
auto,00000003.BIN,C:\Users\Siya Bhadu\OneDrive\Desktop\ardupilot_parse\data\auto\00000003.BIN,00000003__descent_002,2,26468.621214000003,11.850000000002183,POS.RelHomeAlt,-0.058381710201501846,-0.05760756507515907,-5.0,0.030807256699056706,4.464819431304932,ARSP.Airspeed,-0.32383573055267334,-0.32383573055267334,73.79953296311169,ArduPilot_AOA.AOA,8.836006164550781,8.836006164550781,-6.355415989173326,ArduPilot_AOA.SSA,ArduPilot_AOA,ground_relative_approx,0.016164328063433164,-0.0044756061397492886,-0.01553236786276102,0.0528082549571991,-0.25,-0.28,275.27,-0.25,-0.28,0.0,0.0,0.0,1502.0,1502.0,1000.0,1500.0,0.004,0.004,0.0,0.0,-0.02000000000029104,0.02000000000029104,0.0,-0.04000000000058208,1494.0,1505.0,1578.0,1499.0,0.0,53.0,0.0,0.00028475988074205816,-0.006094538141041994,-0.011791645549237728,0.09951300173997879,0.011558442376554012,-9.906264305114746,32.9473591,-118.5318909,13.920791625976562,7.262821197509766,2.3008363246917725,,,,0.015313519510189307,-0.006113362174281088,0.05270787622835848,0.015313519510189307,-0.006113362174281088,0.05270787622835848,2,4,346337200,2436,28,0.52,32.947359,-118.5318886,261.21,0.034417785704135895,10.71477222442627,0.056528449058532715,0.0,1,32.9473591,-118.5318909,261.0199890136719,-0.058381710201501846,-2.1983816623687744,-0.25,-0.25,-0.28,-0.28,0.0,275.27,0.01,0.01,3,0,0.00028475988074205816,-0.006094538141041994,-0.011791645549237728,0.09951300173997879,0.011558442376554012,-9.906264305114746,0,0,45.0,1,1,3276,3276,-0.05,0.8,277.69,260.94000244140625,32.947359,-118.5318884,0.7529722452163696,0.004213904030621052,0.005592612084001303,-0.6580150723457336,2,0.17,0.54,276.53,-0.0044756061397492886,-0.01553236786276102,0.0528082549571991,0.02479981817305088,13.920791625976562,7.262821197509766,2.3008363246917725,0.28,-0.12,0.01,261.07,1,0.18,-0.01,0.02,-0.93,3.95,239,48,385,11,-10,-22,0.0,0.0,-0.04983825981616974,-0.25,-0.25,-0.28,-0.28,0.0,53.0,0.0,4.462191104888916,1,4.436128616333008,1.0323870182037354,0,147.74978637695312,-79.28,-74.02,10.54,4.174069404602051,0.00544491782784462,16.684371948242188,32.9471741,-118.5303247,259.72,12.52,23.0,,,,,,,,,,,,,,,0,4.464819431304932,13.502121925354004,25.32,13.502121925354004,-2.490830183029175,1,1,1.0,0.33152395486831665,0,-0.32383573055267334,8.836006164550781,-0.07304251939058304,0.8068122267723083,277.73187255859375,1502,1502,1000,1500,1000,1000,1000,2000,1000,1500,0,0,0,0,1494,1505,1578,1499,1542,1426,1584,1465,0,1507,0,0,0,1500,0,-0.13260535895824432,98547.4453125,46.44,0.22087973356246948,27928776,0.0,25.329750061035156,1,0,0.28,4,25,-1,,,
auto,00000003.BIN,C:\Users\Siya Bhadu\OneDrive\Desktop\ardupilot_parse\data\auto\00000003.BIN,00000003__descent_002,2,26468.671214,11.900000000001455,POS.RelHomeAlt,-0.059775982052087784,-0.059078846126794815,-5.0,0.032477378845687466,4.564160346984863,ARSP.Airspeed,-0.3043214976787567,-0.3043214976787567,75.81182087242033,ArduPilot_AOA.AOA,8.900712966918945,8.900712966918945,-6.3212433368705785,ArduPilot_AOA.SSA,ArduPilot_AOA,ground_relative_approx,0.01481481899901552,-0.0047402880154550076,-0.014035972766578197,0.05468742176890373,-0.25,-0.27,275.23,-0.25,-0.27,0.0,0.0,0.0,1501.0,1502.0,1000.0,1500.0,0.002,0.004,0.0,0.0,-0.02000000000029104,0.0,0.0,0.0,1494.0,1505.0,1577.0,1501.0,0.0,26.0,0.0,-0.004986395128071308,-0.0022653951309621334,-0.017505811527371407,0.09009095281362534,0.05439993366599083,-9.79075813293457,32.9473591,-118.5318909,13.920671463012695,7.262397766113281,2.302062511444092,,,,0.013802999085210868,-0.006238268361042414,0.054596283626386535,0.013802999085210868,-0.006238268361042414,0.054596283626386535,2,4,346337200,2436,28,0.52,32.947359,-118.5318886,261.21,0.034417785704135895,10.71477222442627,0.056528449058532715,0.0,1,32.9473591,-118.5318909,261.0199890136719,-0.059775982052087784,-2.1997759342193604,-0.25,-0.25,-0.27,-0.27,0.0,275.23,0.01,0.01,3,0,-0.004986395128071308,-0.0022653951309621334,-0.017505811527371407,0.09009095281362534,0.05439993366599083,-9.79075813293457,0,0,45.0,1,1,3276,3276,-0.05,0.8,277.65,260.94000244140625,32.947359,-118.5318884,0.752736508846283,0.004268929362297058,0.005560982506722212,-0.6582845449447632,2,0.17,0.55,276.49,-0.0047402880154550076,-0.014035972766578197,0.05468742176890373,0.030473913997411728,13.920671463012695,7.262397766113281,2.302062511444092,0.28,-0.12,0.01,261.07,2,0.18,-0.05,0.03,-1.08,3.92,239,48,385,14,-12,-21,0.0,0.0,-0.005415600724518299,-0.25,-0.25,-0.27,-0.27,0.0,26.0,0.0,4.462191104888916,1,4.436128616333008,1.0323870182037354,0,147.74978637695312,-79.28,-74.02,10.54,4.174069404602051,0.00544491782784462,16.684371948242188,32.9471741,-118.5303247,259.72,12.52,23.0,,,,,,,,,,,,,,,0,4.564160346984863,14.109641075134277,25.32,14.109641075134277,-2.490830183029175,1,1,1.0,0.33152395486831665,0,-0.3043214976787567,8.900712966918945,-0.049679409712553024,0.801014244556427,277.6418151855469,1501,1502,1000,1500,1000,1000,1000,2000,1000,1500,0,0,0,0,1494,1505,1577,1501,1542,1426,1584,1465,0,1503,0,0,0,1500,0,-0.1517646759748459,98547.6796875,46.45,-0.12316698580980301,27928877,0.0,25.329750061035156,1,0,0.28,4,25,-1,,,
auto,00000003.BIN,C:\Users\Siya Bhadu\OneDrive\Desktop\ardupilot_parse\data\auto\00000003.BIN,00000003__descent_002,2,26468.721214,11.950000000000728,POS.RelHomeAlt,-0.06193462386727333,-0.06085530295968056,-5.0,0.03381369635511966,4.564160346984863,ARSP.Airspeed,-0.3043214976787567,-0.3043214976787567,25.289570935234707,ArduPilot_AOA.AOA,8.900712966918945,8.900712966918945,-19.042010746938033,ArduPilot_AOA.SSA,ArduPilot_AOA,ground_relative_approx,0.017759078505212796,-0.00478363549336791,-0.0171026811003685,0.007971030659973621,-0.29,-0.27,275.19,-0.29,-0.27,0.0,0.0,0.0,1501.0,1502.0,1000.0,1500.0,0.002,0.004,0.0,0.0,0.0,0.0,0.0,0.0,1494.0,1505.0,1579.0,1498.0,0.0,35.0,0.0,-0.009222511202096939,-0.0037507442757487297,-0.01423472911119461,0.10762733221054077,0.13293159008026123,-9.795806884765625,32.9473591,-118.5318909,13.910560607910156,7.266810894012451,2.216498613357544,,,,0.016637219949608352,-0.00635097857297175,0.007860673167773755,0.016637219949608352,-0.00635097857297175,0.007860673167773755,2,4,346337200,2436,28,0.52,32.947359,-118.5318886,261.21,0.034417785704135895,10.71477222442627,0.056528449058532715,0.0,1,32.9473591,-118.5318909,261.0099792480469,-0.06193462386727333,-2.201934576034546,-0.29,-0.29,-0.27,-0.27,0.0,275.19,0.01,0.01,3,0,-0.009222511202096939,-0.0037507442757487297,-0.01423472911119461,0.10762733221054077,0.13293159008026123,-9.795806884765625,0,0,45.0,1,1,3276,3276,-0.07,0.79,277.6,260.91998291015625,32.947359,-118.5318886,0.7524262070655823,0.004086446948349476,0.005614429712295532,-0.6586399078369141,1,-0.15,-0.22,275.24,-0.00478363549336791,-0.0171026811003685,0.007971030659973621,0.03558012843132019,13.910560607910156,7.266810894012451,2.216498613357544,-0.05,-0.03,-0.02,261.07,2,0.18,-0.05,0.03,-1.08,3.92,239,48,385,14,-12,-21,0.0,0.0,-0.005415600724518299,-0.29,-0.29,-0.27,-0.27,0.0,35.0,0.0,4.493024826049805,1,4.446448802947998,1.0323870182037354,0,147.74978637695312,-79.28,-74.02,10.55,4.174069404602051,0.00544491782784462,16.683244705200195,32.9471741,-118.5303247,259.72,12.52,23.0,,,,,,,,,,,,,,,0,4.564160346984863,14.109641075134277,25.32,14.109641075134277,-2.490830183029175,1,1,1.0,0.33152395486831665,0,-0.3043214976787567,8.900712966918945,-0.049679409712553024,0.801014244556427,277.6418151855469,1501,1502,1000,1500,1000,1000,1000,2000,1000,1500,0,0,0,0,1494,1505,1579,1498,1541,1426,1584,1465,0,1504,0,0,0,1500,0,-0.1517646759748459,98547.6796875,46.45,-0.12316698580980301,27928877,0.0,25.329750061035156,1,0,0.28,4,25,-1,,,
auto,00000003.BIN,C:\Users\Siya Bhadu\OneDrive\Desktop\ardupilot_parse\data\auto\00000003.BIN,00000003__descent_002,2,26468.771214,12.0,POS.RelHomeAlt,-0.06298580765724182,-0.062460215762257576,-5.0,0.02735491842006288,4.452246189117432,ARSP.Airspeed,-0.2742519974708557,-0.2742519974708557,76.91036431750753,ArduPilot_AOA.AOA,8.947185516357422,8.947185516357422,-1.5582541943196426,ArduPilot_AOA.SSA,ArduPilot_AOA,ground_relative_approx,0.012604465410097108,-9.060660522663966e-05,-0.012604139745235443,0.05513424426317215,-0.32,-0.27,275.19,-0.32,-0.27,0.0,0.0,0.0,1501.0,1502.0,1000.0,1500.0,0.002,0.004,0.0,0.0,0.01999999999810825,-0.01999999999810825,0.0,0.0,1494.0,1505.0,1579.0,1498.0,0.0,26.0,0.0,-0.015608333982527256,-0.004662595689296722,-0.005207627546042204,0.16494296491146088,0.1632465124130249,-9.88415813446045,32.9473591,-118.5318909,13.92052173614502,7.261384963989258,2.3058791160583496,,,,0.012803942915395522,-0.0015379633929020547,0.055066788113770096,0.012803942915395522,-0.0015379633929020547,0.055066788113770096,2,4,346337200,2436,28,0.52,32.947359,-118.5318886,261.21,0.034417785704135895,10.71477222442627,0.056528449058532715,0.0,1,32.9473591,-118.5318909,261.0099792480469,-0.06298580765724182,-2.2029857635498047,-0.32,-0.32,-0.27,-0.27,0.0,275.19,0.01,0.01,3,0,-0.015608333982527256,-0.004662595689296722,-0.005207627546042204,0.16494296491146088,0.1632465124130249,-9.88415813446045,0,0,45.0,1,1,3276,3276,-0.09,0.78,277.59,260.91998291015625,32.947359,-118.5318886,0.7523955702781677,0.0039267027750611305,0.005705892574042082,-0.6586751341819763,2,0.1,0.55,276.45,-9.060660522663966e-05,-0.012604139745235443,0.05513424426317215,0.03244823217391968,13.92052173614502,7.261384963989258,2.3058791160583496,0.28,-0.12,0.01,261.07,2,0.18,-0.05,0.03,-1.08,3.92,239,48,385,14,-12,-21,0.0,0.0,-0.005415600724518299,-0.32,-0.32,-0.27,-0.27,0.0,26.0,0.0,4.493024826049805,1,4.446448802947998,1.0323870182037354,0,147.74978637695312,-79.28,-74.02,10.55,4.174069404602051,0.00544491782784462,16.65241050720215,32.9471741,-118.5303247,259.72,12.52,23.0,,,,,,,,,,,,,,,0,4.452246189117432,13.42618179321289,25.32,13.42618179321289,-2.490830183029175,1,1,1.0,0.33152395486831665,0,-0.2742519974708557,8.947185516357422,-0.09212721139192581,0.7883588075637817,277.5992431640625,1501,1502,1000,1500,1000,1000,1000,2000,1000,1500,0,0,0,0,1494,1505,1579,1498,1541,1426,1584,1465,0,1503,0,0,0,1500,0,0.1356249302625656,98544.390625,46.44,-0.3522507846355438,27928978,0.0,25.329750061035156,1,0,0.28,4,25,-1,,,
auto,00000003.BIN,C:\Users\Siya Bhadu\OneDrive\Desktop\ardupilot_parse\data\auto\00000003.BIN,00000003__descent_002,2,26468.821214000003,12.05000000000291,POS.RelHomeAlt,-0.06419578194618225,-0.06359079480171204,-5.0,0.0244724564250296,4.452246189117432,ARSP.Airspeed,-0.2742519974708557,-0.2742519974708557,-8.733226211441451,ArduPilot_AOA.AOA,8.947185516357422,8.947185516357422,-26.059494100796446,ArduPilot_AOA.SSA,ArduPilot_AOA,ground_relative_approx,0.02504130773000351,-0.009034809656441212,-0.02335464209318161,-0.003278999123722315,-0.33,-0.26,275.2,-0.33,-0.26,0.0,0.0,0.0,1502.0,1501.0,1000.0,1500.0,0.004,0.002,0.0,0.0,-2.9103837395627608e-12,-0.019999999998108246,0.0,0.0,1493.0,1505.0,1579.0,1498.0,0.0,26.0,0.0,-0.009002401493489742,-0.002766887191683054,0.00038172301719896495,0.18442726135253906,0.0698627457022667,-9.8060941696167,32.9473591,-118.5318909,13.905585289001465,7.263004779815674,2.204195737838745,,,,0.02242456497009199,-0.011094661245252149,-0.003444750475336137,0.02242456497009199,-0.011094661245252149,-0.003444750475336137,2,4,346337400,2436,28,0.52,32.947359,-118.531889,261.24,0.02457094006240368,20.7143497467041,0.06327521055936813,0.0,1,32.9473591,-118.5318909,261.0099792480469,-0.06419578194618225,-2.204195737838745,-0.33,-0.33,-0.26,-0.26,0.0,275.2,0.01,0.01,3,0,-0.009002401493489742,-0.002766887191683054,0.00038172301719896495,0.18442726135253906,0.0698627457022667,-9.8060941696167,0,0,45.0,1,1,3276,3276,-0.08,0.78,277.6,261.2099914550781,32.947359,-118.5318886,0.7524115443229675,0.003942412324249744,0.005694810766726732,-0.6586569547653198,0,-0.33,-0.26,275.19,-0.009034809656441212,-0.02335464209318161,-0.003278999123722315,0.030571702867746353,13.905585289001465,7.263004779815674,2.204195737838745,-0.12,-0.25,-0.18,261.07,1,0.18,-0.01,0.02,-0.93,3.95,239,48,385,11,-10,-22,0.0,0.0,-0.04983825981616974,-0.33,-0.33,-0.26,-0.26,0.0,26.0,0.0,4.480830192565918,1,4.446448802947998,1.0323870182037354,0,147.74978637695312,-79.28,-74.02,10.55,4.174069404602051,0.00544491782784462,16.65241050720215,32.9471741,-118.5303247,259.72,12.52,23.0,,,,,,,,,,,,,,,0,4.452246189117432,13.42618179321289,25.32,13.42618179321289,-2.490830183029175,1,1,1.0,0.33152395486831665,0,-0.2742519974708557,8.947185516357422,-0.09212721139192581,0.7883588075637817,277.5992431640625,1502,1501,1000,1500,1000,1001,1000,2000,1000,1500,0,0,0,0,1493,1505,1579,1498,1539,1428,1584,1464,0,1503,0,0,0,1500,0,0.1356249302625656,98544.390625,46.44,-0.3522507846355438,27928978,0.0,25.329750061035156,1,0,0.28,4,25,-1,,,
auto,00000003.BIN,C:\Users\Siya Bhadu\OneDrive\Desktop\ardupilot_parse\data\auto\00000003.BIN,00000003__descent_002,2,26468.871214000003,12.100000000002183,POS.RelHomeAlt,-0.06561914086341858,-0.06490746140480042,-5.0,0.032424926758284345,4.388838768005371,ARSP.Airspeed,-0.25989747047424316,-0.25989747047424316,73.91463506781047,ArduPilot_AOA.AOA,8.93641185760498,8.93641185760498,-4.159081914654002,ArduPilot_AOA.SSA,ArduPilot_AOA,ground_relative_approx,0.016732443840938922,-0.002539385575801134,-0.016538627445697784,0.05731532350182533,-0.3,-0.26,275.21,-0.3,-0.26,0.0,0.0,0.0,1501.0,1501.0,1000.0,1500.0,0.002,0.002,0.0,0.0,0.0,0.0,0.0,0.0,1494.0,1505.0,1579.0,1498.0,0.0,26.0,0.0,0.007839880883693695,-0.0031925125513225794,0.002853255020454526,0.1639670580625534,0.0386788584291935,-9.809111595153809,32.9473591,-118.5318909,13.921024322509766,7.2607197761535645,2.308642864227295,,,,0.01649962732736668,-0.0043303641443668845,0.057219150897616984,0.01649962732736668,-0.0043303641443668845,0.057219150897616984,2,4,346337400,2436,28,0.52,32.947359,-118.531889,261.24,0.02457094006240368,20.7143497467041,0.06327521055936813,0.0,1,32.9473591,-118.5318909,261.0099792480469,-0.06561914086341858,-2.2056190967559814,-0.3,-0.3,-0.26,-0.26,0.0,275.21,0.01,0.01,3,0,0.007839880883693695,-0.0031925125513225794,0.002853255020454526,0.1639670580625534,0.0386788584291935,-9.809111595153809,0,0,45.0,1,1,3276,3276,-0.05,0.78,277.6,261.2099914550781,32.947359,-118.5318886,0.7524492144584656,0.004121208097785711,0.005497700069099665,-0.658614456653595,2,0.11,0.56,276.47,-0.002539385575801134,-0.016538627445697784,0.05731532350182533,0.03458213061094284,13.921024322509766,7.2607197761535645,2.308642864227295,0.28,-0.12,0.01,261.07,2,0.18,-0.05,0.03,-1.08,3.92,239,48,385,14,-12,-21,0.0,0.0,-0.005415600724518299,-0.3,-0.3,-0.26,-0.26,0.0,26.0,0.0,4.480830192565918,1,4.446448802947998,1.0323870182037354,0,147.74978637695312,-79.28,-74.02,10.55,4.174069404602051,0.00544491782784462,16.65241050720215,32.9471741,-118.5303247,259.72,12.52,23.0,,,,,,,,,,,,,,,0,4.388838768005371,13.04648208618164,25.32,13.04648208618164,-2.490830183029175,1,1,1.0,0.33152395486831665,0,-0.25989747047424316,8.93641185760498,-0.039765365421772,0.7816448211669922,277.6133728027344,1501,1501,1000,1500,1000,1000,1000,2000,1000,1500,0,0,0,0,1494,1505,1579,1498,1540,1427,1584,1465,0,1503,0,0,0,1500,0,-0.13260535895824432,98547.453125,46.44,-0.05830073356628418,27929076,0.0,25.329750061035156,1,0,0.28,4,25,-1,,,
auto,00000003.BIN,C:\Users\Siya Bhadu\OneDrive\Desktop\ardupilot_parse\data\auto\00000003.BIN,00000003__descent_002,2,26468.921214,12.150000000001455,POS.RelHomeAlt,-0.068047434091568,-0.06683328747749329,-5.0,0.03962874412594286,4.388838768005371,ARSP.Airspeed,-0.25989747047424316,-0.25989747047424316,-4.501912495203699,ArduPilot_AOA.AOA,8.93641185760498,8.93641185760498,-21.040679623890163,ArduPilot_AOA.SSA,ArduPilot_AOA,ground_relative_approx,0.026871041430031332,-0.0073478431440889835,-0.025846896693110466,-0.001814397401176393,-0.24,-0.27,275.24,-0.24,-0.27,0.0,0.0,0.0,1502.0,1501.0,1000.0,1500.0,0.004,0.002,0.0,0.0,0.02000000000029104,0.02000000000029104,0.0,0.0,1494.0,1505.0,1579.0,1498.0,0.0,26.0,0.0,0.011708538979291916,-0.005303789861500263,0.0038471827283501625,0.1595577746629715,0.1254209578037262,-9.84049129486084,32.9473591,-118.5318909,13.906261444091797,7.261687755584717,2.208047389984131,,,,0.025058988553314586,-0.009669496541768026,-0.001973026806062357,0.025058988553314586,-0.009669496541768026,-0.001973026806062357,2,4,346337400,2436,28,0.52,32.947359,-118.531889,261.24,0.02457094006240368,20.7143497467041,0.06327521055936813,0.0,1,32.9473591,-118.5318909,261.0099792480469,-0.068047434091568,-2.208047389984131,-0.24,-0.24,-0.27,-0.27,0.0,275.24,0.01,0.01,3,0,0.011708538979291916,-0.005303789861500263,0.0038471827283501625,0.1595577746629715,0.1254209578037262,-9.84049129486084,0,0,45.0,1,1,3276,3276,0.01,0.77,277.62,260.94000244140625,32.947359,-118.531889,0.752540111541748,0.004552989732474089,0.004999673459678888,-0.658511757850647,0,-0.24,-0.27,275.23,-0.0073478431440889835,-0.025846896693110466,-0.001814397401176393,0.03134962543845177,13.906261444091797,7.261687755584717,2.208047389984131,-0.12,-0.25,-0.18,261.07,2,0.18,-0.05,0.03,-1.08,3.92,239,48,385,14,-12,-21,0.0,0.0,-0.005415600724518299,-0.24,-0.24,-0.27,-0.27,0.0,26.0,0.0,4.453432083129883,1,4.442607402801514,1.0323870182037354,0,147.74978637695312,-79.28,-74.02,10.55,4.174069404602051,0.00544491782784462,16.66460418701172,32.9471741,-118.5303247,259.72,12.52,23.0,,,,,,,,,,,,,,,0,4.388838768005371,13.04648208618164,25.32,13.04648208618164,-2.490830183029175,1,1,1.0,0.33152395486831665,0,-0.25989747047424316,8.93641185760498,-0.039765365421772,0.7816448211669922,277.6133728027344,1502,1501,1000,1500,1000,1000,1000,2000,1000,1500,0,0,0,0,1494,1505,1579,1498,1540,1427,1584,1465,0,1503,0,0,0,1500,0,-0.13260535895824432,98547.453125,46.44,-0.05830073356628418,27929076,0.0,25.329750061035156,1,0,0.28,4,25,-1,,,
auto,00000003.BIN,C:\Users\Siya Bhadu\OneDrive\Desktop\ardupilot_parse\data\auto\00000003.BIN,00000003__descent_002,2,26468.971214,12.200000000000728,POS.RelHomeAlt,-0.06969323754310608,-0.06887033581733704,-5.0,0.03751277923638574,4.426991939544678,ARSP.Airspeed,-0.2595236301422119,-0.2595236301422119,73.08080346941288,ArduPilot_AOA.AOA,8.942265510559082,8.942265510559082,-1.7197824645892423,ArduPilot_AOA.SSA,ArduPilot_AOA,ground_relative_approx,0.017263989962345447,-1.1442549293860793e-05,-0.0172639861702919,0.05749042332172394,-0.21,-0.27,275.25,-0.21,-0.27,0.0,0.0,0.0,1502.0,1502.0,1000.0,1500.0,0.004,0.004,0.0,0.0,-0.02000000000029104,0.02000000000029104,0.0,0.0,1494.0,1505.0,1579.0,1498.0,0.0,26.0,0.0,0.010044923983514309,-0.006127322092652321,0.0029770664405077696,0.1323176622390747,0.043963510543107986,-9.829876899719238,32.9473591,-118.5318909,13.921697616577148,7.259027481079102,2.31384015083313,,,,0.01746124084964079,-0.0018014802251026365,0.057402559700072464,0.01746124084964079,-0.0018014802251026365,0.057402559700072464,2,4,346337400,2436,28,0.52,32.947359,-118.531889,261.24,0.02457094006240368,20.7143497467041,0.06327521055936813,0.0,1,32.9473591,-118.5318909,261.0099792480469,-0.06969323754310608,-2.209693193435669,-0.21,-0.21,-0.27,-0.27,0.0,275.25,0.01,0.01,3,0,0.010044923983514309,-0.006127322092652321,0.0029770664405077696,0.1323176622390747,0.043963510543107986,-9.829876899719238,0,0,45.0,1,1,3276,3276,0.03,0.76,277.62,260.94000244140625,32.947359,-118.531889,0.7525597214698792,0.004686390049755573,0.004826371558010578,-0.6584897041320801,2,0.2,0.55,276.51,-1.1442549293860793e-05,-0.0172639861702919,0.05749042332172394,0.042657848447561264,13.921697616577148,7.259027481079102,2.31384015083313,0.28,-0.12,0.01,261.07,1,0.18,-0.01,0.02,-0.93,3.95,239,48,385,11,-10,-22,0.0,0.0,-0.04983825981616974,-0.21,-0.21,-0.27,-0.27,0.0,26.0,0.0,4.453432083129883,1,4.442607402801514,1.0323870182037354,0,147.74978637695312,-79.28,-74.02,10.55,4.174069404602051,0.00544491782784462,16.69200325012207,32.9471741,-118.5303247,259.72,12.52,23.0,,,,,,,,,,,,,,,0,4.426991939544678,13.27430248260498,25.32,13.27430248260498,-2.490830183029175,1,1,1.0,0.33152395486831665,0,-0.2595236301422119,8.942265510559082,0.03995976969599724,0.7698575854301453,277.6285400390625,1502,1502,1000,1500,1000,1000,1000,2000,1000,1500,0,0,0,0,1494,1505,1579,1498,1540,1427,1584,1465,0,1503,0,0,0,1500,0,0.13288789987564087,98544.4453125,46.44,0.3239183723926544,27929178,0.0,25.329750061035156,1,0,0.28,4,25,-1,,,
auto,00000003.BIN,C:\Users\Siya Bhadu\OneDrive\Desktop\ardupilot_parse\data\auto\00000003.BIN,00000003__descent_002,2,26469.021214,12.25,POS.RelHomeAlt,-0.07147589325904846,-0.07058456540107727,-5.0,0.030050277709613105,4.426991939544678,ARSP.Airspeed,-0.2595236301422119,-0.2595236301422119,74.06321699127288,ArduPilot_AOA.AOA,8.942265510559082,8.942265510559082,-4.350157666080185,ArduPilot_AOA.SSA,ArduPilot_AOA,ground_relative_approx,0.017030116652578003,-0.002901781350374222,-0.016781076788902283,0.058649320155382156,-0.2,-0.27,275.26,-0.2,-0.27,0.0,0.0,0.0,1501.0,1502.0,1000.0,1500.0,0.002,0.004,0.0,0.0,-2.9103872090097127e-12,-0.01999999999810825,0.0,0.0,1494.0,1505.0,1579.0,1498.0,0.0,26.0,0.0,0.004365384113043547,-0.005159745458513498,0.0008537662215530872,0.102826327085495,-0.02685151994228363,-9.830925941467285,32.9473591,-118.5318909,13.922004699707031,7.258001327514648,2.315845489501953,,,,0.01672058348941992,-0.004632398595990327,0.05855536353665764,0.01672058348941992,-0.004632398595990327,0.05855536353665764,2,4,346337600,2436,28,0.52,32.9473592,-118.5318881,261.17,0.008848072029650211,118.33544921875,-0.004694375209510326,0.0,1,32.9473591,-118.5318909,261.0,-0.07147589325904846,-2.2114758491516113,-0.2,-0.2,-0.27,-0.27,0.0,275.26,0.01,0.01,3,0,0.004365384113043547,-0.005159745458513498,0.0008537662215530872,0.102826327085495,-0.02685151994228363,-9.830925941467285,0,0,45.0,1,1,3276,3276,0.04,0.76,277.62,261.2099914550781,32.947359,-118.531889,0.7525479793548584,0.004723717458546162,0.0047906553372740746,-0.6585030555725098,2,0.21,0.55,276.52,-0.002901781350374222,-0.016781076788902283,0.058649320155382156,0.04748067632317543,13.922004699707031,7.258001327514648,2.315845489501953,0.28,-0.12,0.01,261.07,0,0.18,0.0,-0.02,-1.0,3.93,239,48,385,10,-9,-23,0.0,0.0,-0.044091660529375076,-0.2,-0.2,-0.27,-0.27,0.0,26.0,0.0,4.445516586303711,1,4.442607402801514,1.0323870182037354,0,147.74978637695312,-79.28,-74.02,10.55,4.174069404602051,0.00544491782784462,16.69200325012207,32.9471741,-118.5303247,259.72,12.52,23.0,,,,,,,,,,,,,,,0,4.426991939544678,13.27430248260498,25.32,13.27430248260498,-2.490830183029175,1,1,1.0,0.33152395486831665,0,-0.2595236301422119,8.942265510559082,0.03995976969599724,0.7698575854301453,277.6285400390625,1501,1502,1000,1500,1000,1000,1000,2000,1000,1500,0,0,0,0,1494,1505,1579,1498,1540,1427,1584,1465,0,1503,0,0,0,1500,0,0.13288789987564087,98544.4453125,46.44,0.3239183723926544,27929178,0.0,25.329750061035156,1,0,0.28,4,25,-1,,,
auto,00000003.BIN,C:\Users\Siya Bhadu\OneDrive\Desktop\ardupilot_parse\data\auto\00000003.BIN,00000003__descent_002,2,26469.071214000003,12.30000000000291,POS.RelHomeAlt,-0.0722748339176178,-0.07187536358833313,-5.0,0.023562908171929187,4.685375213623047,ARSP.Airspeed,-0.2437109500169754,-0.2437109500169754,75.42638773423391,ArduPilot_AOA.AOA,8.889284133911133,8.889284133911133,-3.9986291612629907,ArduPilot_AOA.SSA,ArduPilot_AOA,ground_relative_approx,0.01546647633800899,-0.002615822944790125,-0.015243666246533394,0.05861130729317665,-0.22,-0.27,275.26,-0.22,-0.27,0.0,0.0,0.0,1502.0,1501.0,1000.0,1500.0,0.004,0.002,0.0,0.0,-2.9103837395627608e-12,2.9103872090097127e-12,0.0,0.0,1494.0,1505.0,1579.0,1498.0,0.0,26.0,0.0,-0.010077509097754955,-0.003985874354839325,-0.002489487873390317,0.10138092935085297,0.07400229573249817,-9.853005409240723,32.9473591,-118.5318909,13.922231674194336,7.2570719718933105,2.3167879581451416,,,,0.015215700004440254,-0.004227025426591169,0.05852445610466793,0.015215700004440254,-0.004227025426591169,0.05852445610466793,2,4,346337600,2436,28,0.52,32.9473592,-118.5318881,261.17,0.008848072029650211,118.33544921875,-0.004694375209510326,0.0,1,32.9473591,-118.5318909,261.0,-0.0722748339176178,-2.2122747898101807,-0.22,-0.22,-0.27,-0.27,0.0,275.26,0.01,0.01,3,0,-0.010077509097754955,-0.003985874354839325,-0.002489487873390317,0.10138092935085297,0.07400229573249817,-9.853005409240723,0,0,45.0,1,1,3276,3276,0.02,0.76,277.61,261.2099914550781,32.947359,-118.531889,0.7525036931037903,0.004615733865648508,0.004884160589426756,-0.6585537791252136,2,0.2,0.55,276.52,-0.002615822944790125,-0.015243666246533394,0.05861130729317665,0.0447147935628891,13.922231674194336,7.2570719718933105,2.3167879581451416,0.28,-0.12,0.01,261.07,2,0.18,-0.05,0.03,-1.08,3.92,239,48,385,14,-12,-21,0.0,0.0,-0.005415600724518299,-0.22,-0.22,-0.27,-0.27,0.0,26.0,0.0,4.445516586303711,1,4.442607402801514,1.0323870182037354,0,147.74978637695312,-79.28,-74.02,10.55,4.174069404602051,0.00544491782784462,16.69200325012207,32.9471741,-118.5303247,259.72,12.52,23.0,,,,,,,,,,,,,,,0,4.685375213623047,14.869040489196777,25.32,14.869040489196777,-2.490830183029175,1,1,1.0,0.33152395486831665,0,-0.2437109500169754,8.889284133911133,0.014895778149366379,0.76859050989151,277.61322021484375,1502,1501,1000,1500,1000,1000,1000,2000,1000,1500,0,0,0,0,1494,1505,1579,1498,1540,1427,1584,1465,0,1503,0,0,0,1500,0,-0.017649520188570023,98546.15625,46.44,0.3585917353630066,27929277,0.0,25.329750061035156,1,0,0.28,4,25,-1,,,
auto,00000003.BIN,C:\Users\Siya Bhadu\OneDrive\Desktop\ardupilot_parse\data\auto\00000003.BIN,00000003__descent_002,2,26469.121214000003,12.350000000002183,POS.RelHomeAlt,-0.07360687851905823,-0.07294085621833801,-5.0,0.018563270569117885,4.685375213623047,ARSP.Airspeed,-0.2437109500169754,-0.2437109500169754,77.00769516475997,ArduPilot_AOA.AOA,8.889284133911133,8.889284133911133,-2.045061920056329,ArduPilot_AOA.SSA,ArduPilot_AOA,ground_relative_approx,0.01336637587484873,-0.0006410185596905649,-0.013350996188819408,0.05863780900835991,-0.28,-0.27,275.25,-0.28,-0.27,0.0,0.0,0.0,1501.0,1502.0,1000.0,1500.0,0.002,0.004,0.0,0.0,-0.02000000000029104,0.02000000000029104,0.0,0.0,1494.0,1505.0,1579.0,1498.0,0.0,26.0,0.0,-0.015459224581718445,-0.004138636402785778,-0.004067452158778906,0.10186079889535904,0.0895911306142807,-9.827399253845215,32.9473591,-118.531891,13.922761917114258,7.255504131317139,2.319149971008301,,,,0.013512509732578185,-0.002146194245435621,0.05856499449599967,0.013512509732578185,-0.002146194245435621,0.05856499449599967,2,4,346337600,2436,28,0.52,32.9473592,-118.5318881,261.17,0.008848072029650211,118.33544921875,-0.004694375209510326,0.0,1,32.9473591,-118.531891,261.0,-0.07360687851905823,-2.213606834411621,-0.28,-0.28,-0.27,-0.27,0.0,275.25,0.01,0.01,3,0,-0.015459224581718445,-0.004138636402785778,-0.004067452158778906,0.10186079889535904,0.0895911306142807,-9.827399253845215,0,0,45.0,1,1,3276,3276,-0.03,0.76,277.58,261.05999755859375,32.9473592,-118.5318881,0.7523377537727356,0.00415375828742981,0.0052618361078202724,-0.6587435007095337,2,0.14,0.55,276.51,-0.0006410185596905649,-0.013350996188819408,0.05863780900835991,0.03137151151895523,13.922761917114258,7.255504131317139,2.319149971008301,0.28,-0.12,0.01,261.07,1,0.18,-0.01,0.02,-0.93,3.95,239,48,385,11,-10,-22,0.0,0.0,-0.04983825981616974,-0.28,-0.28,-0.27,-0.27,0.0,26.0,0.0,4.518811225891113,1,4.452579975128174,1.0323870182037354,0,147.74978637695312,-79.28,-74.02,10.56,4.174069404602051,0.00544491782784462,16.699918746948242,32.9471741,-118.5303247,259.72,12.52,23.0,,,,,,,,,,,,,,,0,4.685375213623047,14.869040489196777,25.32,14.869040489196777,-2.490830183029175,1,1,1.0,0.33152395486831665,0,-0.2437109500169754,8.889284133911133,0.014895778149366379,0.76859050989151,277.61322021484375,1501,1502,1000,1500,1000,1000,1000,2000,1000,1500,0,0,0,0,1494,1505,1579,1498,1540,1427,1584,1465,0,1503,0,0,0,1500,0,-0.017649520188570023,98546.15625,46.44,0.3585917353630066,27929277,0.0,25.329750061035156,1,0,0.28,4,25,-1,,,
auto,00000003.BIN,C:\Users\Siya Bhadu\OneDrive\Desktop\ardupilot_parse\data\auto\00000003.BIN,00000003__descent_002,2,26469.171214,12.400000000001455,POS.RelHomeAlt,-0.0743660032749176,-0.0737316906452179,-5.0,0.00919461250318554,4.600860118865967,ARSP.Airspeed,-0.23479291796684265,-0.23479291796684265,35.15718989378695,ArduPilot_AOA.AOA,8.951188087463379,8.951188087463379,-20.118114633328435,ArduPilot_AOA.SSA,ArduPilot_AOA,ground_relative_approx,0.01892383494634316,-0.006098198238760233,-0.017914338037371635,0.01233601476997137,-0.3,-0.27,275.23,-0.3,-0.27,0.0,0.0,0.0,1501.0,1502.0,1000.0,1500.0,0.002,0.004,0.0,0.0,0.02000000000029104,-0.02000000000029104,0.0,-0.02000000000029104,1494.0,1505.0,1579.0,1498.0,0.0,26.0,0.0,-0.012775275856256485,-0.004675488453358412,-0.010295998305082321,0.12586505711078644,-0.04755421727895737,-9.827869415283203,32.9473591,-118.531891,13.913918495178223,7.259862899780273,2.229734182357788,,,,0.017341821934638176,-0.007769832161796306,0.01221391459140796,0.017341821934638176,-0.007769832161796306,0.01221391459140796,2,4,346337600,2436,28,0.52,32.9473592,-118.5318881,261.17,0.008848072029650211,118.33544921875,-0.004694375209510326,0.0,1,32.9473591,-118.531891,261.0,-0.0743660032749176,-2.2143659591674805,-0.3,-0.3,-0.27,-0.27,0.0,275.23,0.01,0.01,3,0,-0.012775275856256485,-0.004675488453358412,-0.010295998305082321,0.12586505711078644,-0.04755421727895737,-9.827869415283203,0,0,45.0,1,1,3276,3276,-0.06,0.77,277.56,261.05999755859375,32.9473592,-118.5318881,0.7521724104881287,0.004001963883638382,0.005433225072920322,-0.6589318513870239,1,-0.15,-0.22,275.28,-0.006098198238760233,-0.017914338037371635,0.01233601476997137,0.02194281667470932,13.913918495178223,7.259862899780273,2.229734182357788,-0.05,-0.03,-0.02,261.07,0,0.18,0.0,-0.02,-1.0,3.93,239,48,385,10,-9,-23,0.0,0.0,-0.044091660529375076,-0.3,-0.3,-0.27,-0.27,0.0,26.0,0.0,4.518811225891113,1,4.452579975128174,1.0323870182037354,0,147.759033203125,-79.28,-74.02,10.56,4.174069404602051,0.00544491782784462,16.626625061035156,32.9471741,-118.5303247,259.72,12.52,23.0,,,,,,,,,,,,,,,0,4.600860118865967,14.337461471557617,25.32,14.337461471557617,-2.490830183029175,1,1,1.0,0.33152395486831665,0,-0.23479291796684265,8.951188087463379,-0.06531715393066406,0.7705075144767761,277.5604553222656,1501,1502,1000,1500,1000,1000,1000,2000,1000,1500,0,0,0,0,1494,1505,1579,1498,1540,1427,1584,1465,0,1503,0,0,0,1500,0,-0.22840189933776855,98548.5390625,46.44,0.13343091309070587,27929376,0.0,25.329750061035156,1,0,0.28,4,25,-1,,,
auto,00000003.BIN,C:\Users\Siya Bhadu\OneDrive\Desktop\ardupilot_parse\data\auto\00000003.BIN,00000003__descent_002,2,26469.221214,12.450000000000728,POS.RelHomeAlt,-0.07491293549537659,-0.07386031746864319,-5.0,0.0020551681518853337,4.600860118865967,ARSP.Airspeed,-0.23479291796684265,-0.23479291796684265,77.56901782833803,ArduPilot_AOA.AOA,8.951188087463379,8.951188087463379,-5.953277310380664,ArduPilot_AOA.SSA,ArduPilot_AOA,ground_relative_approx,0.014051455824119872,-0.004803695250302553,-0.013204844668507576,0.05898712947964668,-0.3,-0.26,275.2,-0.3,-0.26,0.0,0.0,0.0,1502.0,1501.0,1000.0,1499.0,0.004,0.002,0.0,-0.002,0.0,0.0,0.0,0.0,1493.0,1505.0,1579.0,1498.0,0.0,26.0,0.0,-0.0069511099718511105,-0.0036576902493834496,-0.013016533106565475,0.14375384151935577,0.027278415858745575,-9.849532127380371,32.9473591,-118.531891,13.923328399658203,7.255407333374023,2.3213281631469727,,,,0.012982670764913586,-0.006289181502210614,0.05889670033939002,0.012982670764913586,-0.006289181502210614,0.05889670033939002,2,4,346337800,2436,28,0.52,32.947359,-118.5318896,261.3,0.027992956340312958,28.235187530517578,0.033918920904397964,0.0,1,32.9473591,-118.531891,261.0,-0.07491293549537659,-2.2149128913879395,-0.3,-0.3,-0.26,-0.26,0.0,275.2,0.01,0.01,3,0,-0.0069511099718511105,-0.0036576902493834496,-0.013016533106565475,0.14375384151935577,0.027278415858745575,-9.849532127380371,0,0,45.0,1,1,3276,3276,-0.07,0.77,277.52,260.8500061035156,32.9473592,-118.5318881,0.7519882917404175,0.003936710301786661,0.005530994385480881,-0.6591415405273438,2,0.12,0.56,276.46,-0.004803695250302553,-0.013204844668507576,0.05898712947964668,0.028687216341495514,13.923328399658203,7.255407333374023,2.3213281631469727,0.28,-0.12,0.01,261.07,2,0.18,-0.05,0.03,-1.08,3.92,239,48,385,14,-12,-21,0.0,0.0,-0.005415600724518299,-0.3,-0.3,-0.26,-0.26,0.0,26.0,0.0,4.543581485748291,1,4.452579975128174,1.0323870182037354,0,147.759033203125,-79.28,-74.02,10.56,4.174069404602051,0.00544491782784462,16.626625061035156,32.9471741,-118.5303247,259.72,12.52,23.0,,,,,,,,,,,,,,,0,4.600860118865967,14.337461471557617,25.32,14.337461471557617,-2.490830183029175,1,1,1.0,0.33152395486831665,0,-0.23479291796684265,8.951188087463379,-0.06531715393066406,0.7705075144767761,277.5604553222656,1502,1501,1000,1499,1000,1000,1000,2000,1000,1500,0,0,0,0,1493,1505,1579,1498,1539,1428,1584,1464,0,1503,0,0,0,1500,0,-0.22840189933776855,98548.5390625,46.44,0.13343091309070587,27929376,0.0,25.329750061035156,1,0,0.28,4,25,-1,,,
auto,00000003.BIN,C:\Users\Siya Bhadu\OneDrive\Desktop\ardupilot_parse\data\auto\00000003.BIN,00000003__descent_002,2,26469.271214,12.5,POS.RelHomeAlt,-0.07461968064308167,-0.07393720746040344,-5.0,0.0032782554624483096,4.219522476196289,ARSP.Airspeed,-0.2225109338760376,-0.2225109338760376,77.67586367444899,ArduPilot_AOA.AOA,9.001935005187988,9.001935005187988,-2.6159653217267658,ArduPilot_AOA.SSA,ArduPilot_AOA,ground_relative_approx,0.012810996244126382,-0.00130373181309551,-0.012744485400617123,0.05884696543216705,-0.29,-0.26,275.19,-0.29,-0.26,0.0,0.0,0.0,1501.0,1502.0,1000.0,1500.0,0.002,0.004,0.0,0.0,-2.9103872090097127e-12,2.9103837395627608e-12,0.0,0.020000000001018634,1494.0,1505.0,1580.0,1497.0,0.0,17.0,0.0,0.0009371652267873287,-0.003289231099188328,-0.009702987968921661,0.13840481638908386,0.19953492283821106,-9.801095008850098,32.9473591,-118.531891,13.92370319366455,7.255902290344238,2.3212149143218994,,,,0.012841210290146997,-0.0027487638900464562,0.05877613955256574,0.012841210290146997,-0.0027487638900464562,0.05877613955256574,2,4,346337800,2436,28,0.52,32.947359,-118.5318896,261.3,0.027992956340312958,28.235187530517578,0.033918920904397964,0.0,1,32.9473591,-118.531891,261.0,-0.07461968064308167,-2.2146196365356445,-0.29,-0.29,-0.26,-0.26,0.0,275.19,0.01,0.01,3,0,0.0009371652267873287,-0.003289231099188328,-0.009702987968921661,0.13840481638908386,0.19953492283821106,-9.801095008850098,0,0,44.5,1,1,3276,3276,-0.08,0.77,277.5,260.8500061035156,32.9473592,-118.5318881,0.7518490552902222,0.003937846980988979,0.005559197627007961,-0.6593000888824463,2,0.12,0.56,276.44,-0.00130373181309551,-0.012744485400617123,0.05884696543216705,0.01833689585328102,13.92370319366455,7.255902290344238,2.3212149143218994,0.28,-0.12,0.01,261.07,1,0.18,-0.01,0.02,-0.93,3.95,239,48,385,11,-10,-22,0.0,0.0,-0.04983825981616974,-0.29,-0.29,-0.26,-0.26,0.0,17.0,0.0,4.543581485748291,1,4.452579975128174,1.0323870182037354,0,147.759033203125,-79.28,-74.02,10.56,4.174069404602051,0.00544491782784462,16.626625061035156,32.9471741,-118.5303247,259.72,12.52,23.0,,,,,,,,,,,,,,,0,4.219522476196289,12.059263229370117,25.32,12.059263229370117,-2.490830183029175,1,1,1.0,0.33152395486831665,0,-0.2225109338760376,9.001935005187988,-0.07971953600645065,0.7782280445098877,277.4955139160156,1501,1502,1000,1500,1000,1000,1000,2000,1000,1500,0,0,0,0,1494,1505,1580,1497,1539,1428,1584,1465,0,1502,0,0,0,1500,0,-0.012175433337688446,98546.0859375,46.44,-0.2349008172750473,27929476,0.0,25.329750061035156,1,0,0.28,4,25,-1,,,
auto,00000003.BIN,C:\Users\Siya Bhadu\OneDrive\Desktop\ardupilot_parse\data\auto\00000003.BIN,00000003__descent_002,2,26469.321214000003,12.55000000000291,POS.RelHomeAlt,-0.07401028275489807,-0.07418814301490784,-5.0,0.005472898483189881,4.219522476196289,ARSP.Airspeed,-0.2225109338760376,-0.2225109338760376,77.48386004477054,ArduPilot_AOA.AOA,9.001935005187988,9.001935005187988,-1.3531151510276505,ArduPilot_AOA.SSA,ArduPilot_AOA,ground_relative_approx,0.012926994302995435,3.2613334042252973e-06,-0.012926993891596794,0.05927170813083649,-0.26,-0.26,275.18,-0.26,-0.26,0.0,0.0,0.0,1502.0,1501.0,1000.0,1500.0,0.004,0.002,0.0,0.0,-2.9103837395627608e-12,2.9103872090097127e-12,0.0,0.0,1494.0,1505.0,1579.0,1498.0,0.0,26.0,0.0,0.00495940912514925,-0.003371145809069276,-0.004343932028859854,0.16028805077075958,0.1180112212896347,-9.82657241821289,32.9473591,-118.531891,13.924580574035645,7.256594181060791,2.3216681480407715,,,,0.013143327170651212,-0.0014325506167954648,0.05920678437537614,0.013143327170651212,-0.0014325506167954648,0.05920678437537614,2,4,346337800,2436,28,0.52,32.947359,-118.5318896,261.3,0.027992956340312958,28.235187530517578,0.033918920904397964,0.0,1,32.9473591,-118.531891,261.0,-0.07401028275489807,-2.214010238647461,-0.26,-0.26,-0.26,-0.26,0.0,275.18,0.01,0.01,3,0,0.00495940912514925,-0.003371145809069276,-0.004343932028859854,0.16028805077075958,0.1180112212896347,-9.82657241821289,0,0,45.0,1,1,3276,3276,-0.05,0.77,277.48,261.05999755859375,32.947359,-118.5318896,0.7517510652542114,0.004131170455366373,0.005410596262663603,-0.6594117879867554,2,0.15,0.56,276.44,3.2613334042252973e-06,-0.012926993891596794,0.05927170813083649,0.002830584766343236,13.924580574035645,7.256594181060791,2.3216681480407715,0.28,-0.12,0.01,261.07,2,0.18,-0.05,0.03,-1.08,3.92,239,48,385,14,-12,-21,0.0,0.0,-0.005415600724518299,-0.26,-0.26,-0.26,-0.26,0.0,26.0,0.0,4.448843002319336,1,4.469290733337402,1.0323870182037354,0,147.759033203125,-79.28,-74.02,10.56,4.174069404602051,0.00544491782784462,16.60185432434082,32.9471741,-118.5303247,259.72,12.52,23.0,,,,,,,,,,,,,,,0,4.219522476196289,12.059263229370117,25.32,12.059263229370117,-2.490830183029175,1,1,1.0,0.33152395486831665,0,-0.2225109338760376,9.001935005187988,-0.07971953600645065,0.7782280445098877,277.4955139160156,1502,1501,1000,1500,1000,1000,1000,2000,1000,1500,0,0,0,0,1494,1505,1579,1498,1540,1427,1584,1465,0,1503,0,0,0,1500,0,-0.012175433337688446,98546.0859375,46.44,-0.2349008172750473,27929476,0.0,25.329750061035156,1,0,0.28,4,25,-1,,,
auto,00000003.BIN,C:\Users\Siya Bhadu\OneDrive\Desktop\ardupilot_parse\data\auto\00000003.BIN,00000003__descent_002,2,26469.371214000003,12.600000000002183,POS.RelHomeAlt,-0.07385650277137756,-0.07448449730873108,-5.0,0.004231929779114352,4.439637184143066,ARSP.Airspeed,-0.21620523929595947,-0.21620523929595947,0.3940713213204659,ArduPilot_AOA.AOA,9.02985668182373,9.02985668182373,-24.06040717447467,ArduPilot_AOA.SSA,ArduPilot_AOA,ground_relative_approx,0.02414085252527935,-0.007803834974765778,-0.022844713181257248,0.0002946000313386321,-0.25,-0.26,275.2,-0.25,-0.26,0.0,0.0,0.0,1501.0,1502.0,1000.0,1500.0,0.002,0.004,0.0,0.0,0.0,0.0,0.0,0.0,1494.0,1505.0,1579.0,1498.0,0.0,26.0,0.0,0.0034455691929906607,-0.004925248213112354,0.0020441075321286917,0.16556641459465027,0.052089374512434006,-9.83279037475586,32.9473591,-118.531891,13.910099029541016,7.257579326629639,2.2138564586639404,,,,0.02204452163672373,-0.009842948067887996,0.00015162112857438405,0.02204452163672373,-0.009842948067887996,0.00015162112857438405,2,4,346337800,2436,28,0.52,32.947359,-118.5318896,261.3,0.027992956340312958,28.235187530517578,0.033918920904397964,0.0,1,32.9473591,-118.531891,261.0,-0.07385650277137756,-2.2138564586639404,-0.25,-0.25,-0.26,-0.26,0.0,275.2,0.01,0.01,3,0,0.0034455691929906607,-0.004925248213112354,0.0020441075321286917,0.16556641459465027,0.052089374512434006,-9.83279037475586,0,0,45.0,1,1,3276,3276,-0.03,0.77,277.49,261.05999755859375,32.947359,-118.5318896,0.7517929077148438,0.004202589858323336,0.005313478875905275,-0.6593644618988037,0,-0.25,-0.26,275.19,-0.007803834974765778,-0.022844713181257248,0.0002946000313386321,-0.014033052138984203,13.910099029541016,7.257579326629639,2.2138564586639404,-0.12,-0.25,-0.18,261.07,2,0.18,-0.05,0.03,-1.08,3.92,239,48,385,14,-12,-21,0.0,0.0,-0.005415600724518299,-0.25,-0.25,-0.26,-0.26,0.0,26.0,0.0,4.448843002319336,1,4.469290733337402,1.0323870182037354,0,147.759033203125,-79.28,-74.02,10.56,4.174069404602051,0.00544491782784462,16.696592330932617,32.9471741,-118.5303247,259.72,12.52,23.0,,,,,,,,,,,,,,,0,4.439637184143066,13.350241661071777,25.32,13.350241661071777,-2.490830183029175,1,1,1.0,0.33152395486831665,0,-0.21620523929595947,9.02985668182373,-0.039426662027835846,0.7753129005432129,277.49468994140625,1501,1502,1000,1500,1000,1000,1000,2000,1000,1500,0,0,0,0,1494,1505,1579,1498,1540,1427,1584,1465,0,1503,0,0,0,1500,0,-0.03954587131738663,98546.3984375,46.44,-0.4744209051132202,27929578,0.0,25.329750061035156,1,0,0.28,4,25,-1,,,
auto,00000003.BIN,C:\Users\Siya Bhadu\OneDrive\Desktop\ardupilot_parse\data\auto\00000003.BIN,00000003__descent_002,2,26469.421214,12.650000000001455,POS.RelHomeAlt,-0.07386413216590881,-0.07461133599281311,-5.0,0.002818107605021547,4.439637184143066,ARSP.Airspeed,-0.21620523929595947,-0.21620523929595947,76.06428041287798,ArduPilot_AOA.AOA,9.02985668182373,9.02985668182373,0.19389213432302052,ArduPilot_AOA.SSA,ArduPilot_AOA,ground_relative_approx,0.01450115477448538,0.0017837582854554057,-0.014391028322279453,0.05956345424056053,-0.25,-0.26,275.22,-0.25,-0.26,0.0,0.0,0.0,1502.0,1501.0,1000.0,1500.0,0.004,0.002,0.0,0.0,0.02000000000029104,0.0,0.0,0.0,1494.0,1505.0,1579.0,1498.0,0.0,26.0,0.0,-0.001242863480001688,-0.005166425369679928,0.005613986402750015,0.1503271907567978,0.13103240728378296,-9.8367919921875,32.9473591,-118.531891,13.925430297851562,7.254415512084961,2.3220996856689453,,,,0.014763771347072248,0.00020745324651113726,0.05949854275209442,0.014763771347072248,0.00020745324651113726,0.05949854275209442,2,4,346338000,2436,28,0.52,32.9473589,-118.5318898,261.31,0.015514442697167397,175.33529663085938,0.0319732129573822,0.0,1,32.9473591,-118.531891,261.0,-0.07386413216590881,-2.2138640880584717,-0.25,-0.25,-0.26,-0.26,0.0,275.22,0.01,0.01,3,0,-0.001242863480001688,-0.005166425369679928,0.005613986402750015,0.1503271907567978,0.13103240728378296,-9.8367919921875,0,0,45.0,1,1,3276,3276,-0.03,0.77,277.5,261.0400085449219,32.947359,-118.5318896,0.7518670558929443,0.004229614976793528,0.005267368629574776,-0.6592801213264465,2,0.16,0.56,276.48,0.0017837582854554057,-0.014391028322279453,0.05956345424056053,-0.001449825707823038,13.925430297851562,7.254415512084961,2.3220996856689453,0.28,-0.12,0.01,261.07,2,0.18,-0.05,0.03,-1.08,3.92,239,48,385,14,-12,-21,0.0,0.0,-0.005415600724518299,-0.25,-0.25,-0.26,-0.26,0.0,26.0,0.0,4.446083068847656,1,4.469290733337402,1.0323870182037354,0,147.759033203125,-79.28,-74.02,10.56,4.174069404602051,0.00544491782784462,16.696592330932617,32.9471741,-118.5303247,259.72,12.52,23.0,,,,,,,,,,,,,,,0,4.439637184143066,13.350241661071777,25.32,13.350241661071777,-2.490830183029175,1,1,1.0,0.33152395486831665,0,-0.21620523929595947,9.02985668182373,-0.039426662027835846,0.7753129005432129,277.49468994140625,1502,1501,1000,1500,1000,1000,1000,2000,1000,1501,0,0,0,0,1494,1505,1579,1498,1540,1427,1584,1465,0,1503,0,0,0,1500,0,-0.03954587131738663,98546.3984375,46.44,-0.4744209051132202,27929578,0.0,25.329750061035156,1,0,0.28,4,25,-1,,,
auto,00000003.BIN,C:\Users\Siya Bhadu\OneDrive\Desktop\ardupilot_parse\data\auto\00000003.BIN,00000003__descent_002,2,26469.471214,12.700000000000728,POS.RelHomeAlt,-0.07460299134254456,-0.07476630806922913,-5.0,0.006310939788910175,4.588659286499023,ARSP.Airspeed,-0.20593181252479553,-0.20593181252479553,75.56466565115036,ArduPilot_AOA.AOA,8.990164756774902,8.990164756774902,1.1782250088361825,ArduPilot_AOA.SSA,ArduPilot_AOA,ground_relative_approx,0.015164920566492941,0.0029091746546328068,-0.014883263036608696,0.059723902493715286,-0.26,-0.26,275.24,-0.26,-0.26,0.0,0.0,0.0,1502.0,1502.0,1000.0,1500.0,0.004,0.004,0.0,0.0,-0.02000000000029104,0.02000000000029104,0.0,0.0,1493.0,1505.0,1579.0,1498.0,0.0,26.0,0.0,-0.00428173691034317,-0.004459613934159279,0.006437309551984072,0.1347050815820694,0.029863078147172928,-9.828018188476562,32.9473591,-118.531891,13.925931930541992,7.253032207489014,2.3230390548706055,,,,0.015357614908438766,0.001267041037374406,0.05966119020100554,0.015357614908438766,0.001267041037374406,0.05966119020100554,2,4,346338000,2436,28,0.52,32.9473589,-118.5318898,261.31,0.015514442697167397,175.33529663085938,0.0319732129573822,0.0,1,32.9473591,-118.531891,261.0,-0.07460299134254456,-2.2146029472351074,-0.26,-0.26,-0.26,-0.26,0.0,275.24,0.01,0.01,3,0,-0.00428173691034317,-0.004459613934159279,0.006437309551984072,0.1347050815820694,0.029863078147172928,-9.828018188476562,0,0,45.0,1,1,3276,3276,-0.03,0.77,277.52,261.0400085449219,32.947359,-118.5318896,0.7519493103027344,0.004239275585860014,0.005256100092083216,-0.6591864228248596,2,0.16,0.56,276.5,0.0029091746546328068,-0.014883263036608696,0.059723902493715286,0.0028477157466113567,13.925931930541992,7.253032207489014,2.3230390548706055,0.28,-0.12,0.01,261.07,2,0.18,-0.05,0.03,-1.08,3.92,239,48,385,14,-12,-21,0.0,0.0,-0.005415600724518299,-0.26,-0.26,-0.26,-0.26,0.0,26.0,0.0,4.446083068847656,1,4.469290733337402,1.0323870182037354,0,147.759033203125,-79.28,-74.02,10.56,4.174069404602051,0.00544491782784462,16.696592330932617,32.9471741,-118.5303247,259.72,12.52,23.0,,,,,,,,,,,,,,,0,4.588659286499023,14.261521339416504,25.32,14.261521339416504,-2.490830183029175,1,1,1.0,0.33152395486831665,0,-0.20593181252479553,8.990164756774902,-0.03199835866689682,0.7711667418479919,277.5271301269531,1502,1502,1000,1500,1000,1000,1000,2000,1000,1500,0,0,0,0,1493,1505,1579,1498,1539,1428,1584,1464,0,1503,0,0,0,1501,0,0.11920267343521118,98544.578125,46.43,-0.12838688492774963,27929677,0.0,25.329750061035156,1,0,0.28,4,25,-1,,,
auto,00000003.BIN,C:\Users\Siya Bhadu\OneDrive\Desktop\ardupilot_parse\data\auto\00000003.BIN,00000003__descent_002,2,26469.521214,12.75,POS.RelHomeAlt,-0.0755719244480133,-0.07524242997169495,-5.0,0.010359287261675898,4.588659286499023,ARSP.Airspeed,-0.20593181252479553,-0.20593181252479553,2.6592857756544452,ArduPilot_AOA.AOA,8.990164756774902,8.990164756774902,-24.491744492635092,ArduPilot_AOA.SSA,ArduPilot_AOA,ground_relative_approx,0.02600926700506706,-0.008579300716519356,-0.024553565308451653,0.001259958604350686,-0.26,-0.27,275.25,-0.26,-0.27,0.0,0.0,0.0,1501.0,1502.0,1000.0,1500.0,0.002,0.004,0.0,0.0,-0.020000000001018637,0.0,0.0,0.0,1494.0,1505.0,1579.0,1498.0,0.0,26.0,0.0,-0.0035048017743974924,-0.0056509715504944324,0.0021136996801942587,0.12632235884666443,-0.04753194749355316,-9.831048011779785,32.9473591,-118.531891,13.91192626953125,7.251980304718018,2.215571880340576,,,,0.023671216048951768,-0.010795101167902367,0.0010994486637167684,0.023671216048951768,-0.010795101167902367,0.0010994486637167684,2,4,346338000,2436,28,0.52,32.9473589,-118.5318898,261.31,0.015514442697167397,175.33529663085938,0.0319732129573822,0.0,1,32.9473591,-118.531891,261.0,-0.0755719244480133,-2.215571880340576,-0.26,-0.26,-0.27,-0.27,0.0,275.25,0.01,0.01,3,0,-0.0035048017743974924,-0.0056509715504944324,0.0021136996801942587,0.12632235884666443,-0.04753194749355316,-9.831048011779785,0,0,45.0,1,1,3276,3276,-0.03,0.76,277.51,261.19000244140625,32.9473589,-118.5318898,0.7519242763519287,0.00417184317484498,0.005256349686533213,-0.6592153310775757,0,-0.26,-0.27,275.24,-0.008579300716519356,-0.024553565308451653,0.001259958604350686,0.008524575270712376,13.91192626953125,7.251980304718018,2.215571880340576,-0.12,-0.25,-0.18,261.07,2,0.18,-0.05,0.03,-1.08,3.92,239,48,385,14,-12,-21,0.0,0.0,-0.005415600724518299,-0.26,-0.26,-0.27,-0.27,0.0,26.0,0.0,4.489331245422363,1,4.485664367675781,1.0323870182037354,0,147.759033203125,-79.28,-74.02,10.56,4.174069404602051,0.00544491782784462,16.699352264404297,32.9471741,-118.5303247,259.72,12.52,23.0,,,,,,,,,,,,,,,0,4.588659286499023,14.261521339416504,25.32,14.261521339416504,-2.490830183029175,1,1,1.0,0.33152395486831665,0,-0.20593181252479553,8.990164756774902,-0.03199835866689682,0.7711667418479919,277.5271301269531,1501,1502,1000,1500,1000,1000,1000,2000,1000,1500,0,0,0,0,1494,1505,1579,1498,1540,1427,1584,1465,0,1503,0,0,0,1500,0,0.11920267343521118,98544.578125,46.43,-0.12838688492774963,27929677,0.0,25.329750061035156,1,0,0.28,4,25,-1,,,
auto,00000003.BIN,C:\Users\Siya Bhadu\OneDrive\Desktop\ardupilot_parse\data\auto\00000003.BIN,00000003__descent_002,2,26469.571214000003,12.80000000000291,POS.RelHomeAlt,-0.07603254914283752,-0.07580223679542542,-5.0,0.008523464202500275,4.744821548461914,ARSP.Airspeed,-0.20480956137180328,-0.20480956137180328,76.13304465675401,ArduPilot_AOA.AOA,8.932278633117676,8.932278633117676,-3.1866656504897244,ArduPilot_AOA.SSA,ArduPilot_AOA,ground_relative_approx,0.014909547627152697,-0.0018331920728087425,-0.014796419069170952,0.06024276092648506,-0.26,-0.27,275.24,-0.26,-0.27,0.0,0.0,0.0,1501.0,1502.0,1000.0,1500.0,0.002,0.004,0.0,0.0,0.020000000001018634,-0.020000000001018634,0.0,0.0,1493.0,1505.0,1579.0,1498.0,0.0,26.0,0.0,-0.001581308664754033,-0.005556442309170961,-0.006782375741750002,0.1119116023182869,0.04619094356894493,-9.823711395263672,32.9473591,-118.531891,13.92661190032959,7.248470306396484,2.325821876525879,,,,0.014850886194028952,-0.0034498803843974533,0.06015841054314284,0.014850886194028952,-0.0034498803843974533,0.06015841054314284,2,4,346338000,2436,28,0.52,32.9473589,-118.5318898,261.31,0.015514442697167397,175.33529663085938,0.0319732129573822,0.0,1,32.9473591,-118.531891,261.0,-0.07603254914283752,-2.2160325050354004,-0.26,-0.26,-0.27,-0.27,0.0,275.24,0.01,0.01,3,0,-0.001581308664754033,-0.005556442309170961,-0.006782375741750002,0.1119116023182869,0.04619094356894493,-9.823711395263672,0,0,45.0,1,1,3276,3276,-0.04,0.77,277.49,261.19000244140625,32.9473589,-118.5318898,0.7518106698989868,0.004165736027061939,0.005293609108775854,-0.6593446135520935,2,0.16,0.56,276.5,-0.0018331920728087425,-0.014796419069170952,0.06024276092648506,0.021884819492697716,13.92661190032959,7.248470306396484,2.325821876525879,0.28,-0.11,0.01,261.07,0,0.18,0.0,-0.02,-1.0,3.93,239,48,385,10,-9,-23,0.0,0.0,-0.044091660529375076,-0.26,-0.26,-0.27,-0.27,0.0,26.0,0.0,4.489331245422363,1,4.485664367675781,1.0323870182037354,0,147.759033203125,-79.28,-74.02,10.56,4.174069404602051,0.00544491782784462,16.656105041503906,32.9471741,-118.5303247,259.72,12.52,23.0,,,,,,,,,,,,,,,0,4.744821548461914,15.248740196228027,25.32,15.248740196228027,-2.490830183029175,1,1,1.0,0.33152395486831665,0,-0.20480956137180328,8.932278633117676,-0.041079938411712646,0.7708174586296082,277.49774169921875,1501,1502,1000,1500,1000,1000,1000,2000,1000,1500,0,0,0,0,1493,1505,1579,1498,1539,1428,1584,1464,0,1503,0,0,0,1500,0,-0.23387598991394043,98548.5859375,46.45,0.3486173748970032,27929778,0.0,25.329750061035156,1,0,0.28,4,25,-1,,,
auto,00000003.BIN,C:\Users\Siya Bhadu\OneDrive\Desktop\ardupilot_parse\data\auto\00000003.BIN,00000003__descent_002,2,26469.621214000003,12.850000000002183,POS.RelHomeAlt,-0.07658091187477112,-0.07609477639198303,-5.0,0.004878044128488912,4.744821548461914,ARSP.Airspeed,-0.20480956137180328,-0.20480956137180328,76.50656878096784,ArduPilot_AOA.AOA,8.932278633117676,8.932278633117676,-2.8758146470758623,ArduPilot_AOA.SSA,ArduPilot_AOA,ground_relative_approx,0.014218808298028093,-0.0015207956312224269,-0.014137244783341885,0.05929199233651161,-0.25,-0.26,275.22,-0.25,-0.26,0.0,0.0,0.0,1502.0,1501.0,1000.0,1500.0,0.004,0.002,0.0,0.0,0.0,0.0,0.0,0.0,1493.0,1505.0,1579.0,1498.0,0.0,35.0,0.0,-0.0005981033318676054,-0.0038759070448577404,-0.009823734872043133,0.10900147259235382,0.08649201691150665,-9.860757827758789,32.9473591,-118.5318911,13.92630386352539,7.245680332183838,2.3266232013702393,,,,0.014209165181961768,-0.003059101809727978,0.05921533910735012,0.014209165181961768,-0.003059101809727978,0.05921533910735012,2,4,346338200,2436,28,0.52,32.9473591,-118.5318883,261.2,0.038490645587444305,358.3263854980469,-0.007711338810622692,0.0,1,32.9473591,-118.5318911,261.0,-0.07658091187477112,-2.216580867767334,-0.25,-0.25,-0.26,-0.26,0.0,275.22,0.01,0.01,3,0,-0.0005981033318676054,-0.0038759070448577404,-0.009823734872043133,0.10900147259235382,0.08649201691150665,-9.860757827758789,0,0,45.0,1,1,3276,3276,-0.04,0.77,277.47,260.8399963378906,32.9473589,-118.5318898,0.7516729831695557,0.00418088911101222,0.0053508831188082695,-0.6595010161399841,2,0.16,0.56,276.48,-0.0015207956312224269,-0.014137244783341885,0.05929199233651161,0.01953185349702835,13.92630386352539,7.245680332183838,2.3266232013702393,0.28,-0.11,0.01,261.07,2,0.18,-0.05,0.03,-1.08,3.92,239,48,385,14,-12,-21,0.0,0.0,-0.005415600724518299,-0.25,-0.25,-0.26,-0.26,0.0,35.0,0.0,4.567479610443115,1,4.485664367675781,1.0323870182037354,0,147.759033203125,-79.28,-74.02,10.56,4.174069404602051,0.00544491782784462,16.656105041503906,32.9471741,-118.5303247,259.72,12.52,23.0,,,,,,,,,,,,,,,0,4.744821548461914,15.248740196228027,25.32,15.248740196228027,-2.490830183029175,1,1,1.0,0.33152395486831665,0,-0.20480956137180328,8.932278633117676,-0.041079938411712646,0.7708174586296082,277.49774169921875,1502,1501,1000,1500,1000,1000,1000,2000,1000,1500,0,0,0,0,1493,1505,1579,1498,1539,1428,1584,1464,0,1504,0,0,0,1500,0,-0.23387598991394043,98548.5859375,46.45,0.3486173748970032,27929778,0.0,25.329750061035156,1,0,0.28,4,25,-1,,,
auto,00000003.BIN,C:\Users\Siya Bhadu\OneDrive\Desktop\ardupilot_parse\data\auto\00000003.BIN,00000003__descent_002,2,26469.671214,12.900000000001455,POS.RelHomeAlt,-0.07694998383522034,-0.07629004120826721,-5.0,0.004072189331113973,4.697324752807617,ARSP.Airspeed,-0.2124519646167755,-0.2124519646167755,32.10063853822071,ArduPilot_AOA.AOA,8.972282409667969,8.972282409667969,-11.743667399887606,ArduPilot_AOA.SSA,ArduPilot_AOA,ground_relative_approx,0.019436910721782958,-0.0028620979283005,-0.01922503300011158,0.011987268924713135,-0.25,-0.26,275.21,-0.25,-0.26,0.0,0.0,0.0,1501.0,1502.0,1000.0,1500.0,0.002,0.004,0.0,0.0,-0.02000000000029104,0.0,0.0,0.0,1494.0,1505.0,1579.0,1498.0,0.0,26.0,0.0,-0.0027461086865514517,-0.00359030207619071,-0.009604581631720066,0.11977756768465042,0.05926945433020592,-9.823511123657227,32.9473591,-118.5318911,13.917864799499512,7.248143672943115,2.23323392868042,,,,0.01893991110284279,-0.004647915202669733,0.011881277976933214,0.01893991110284279,-0.004647915202669733,0.011881277976933214,2,4,346338200,2436,28,0.52,32.9473591,-118.5318883,261.2,0.038490645587444305,358.3263854980469,-0.007711338810622692,0.0,1,32.9473591,-118.5318911,261.0,-0.07694998383522034,-2.216949939727783,-0.25,-0.25,-0.26,-0.26,0.0,275.21,0.01,0.01,3,0,-0.0027461086865514517,-0.00359030207619071,-0.009604581631720066,0.11977756768465042,0.05926945433020592,-9.823511123657227,0,0,45.0,1,1,3276,3276,-0.04,0.78,277.44,260.8399963378906,32.9473589,-118.5318898,0.7515260577201843,0.00417614821344614,0.005413450300693512,-0.6596679091453552,1,-0.11,-0.21,275.26,-0.0028620979283005,-0.01922503300011158,0.011987268924713135,0.012999449856579304,13.917864799499512,7.248143672943115,2.23323392868042,-0.05,-0.03,-0.02,261.07,0,0.18,0.0,-0.02,-1.0,3.93,239,48,385,10,-9,-23,0.0,0.0,-0.044091660529375076,-0.25,-0.25,-0.26,-0.26,0.0,26.0,0.0,4.567479610443115,1,4.485664367675781,1.0323870182037354,0,147.759033203125,-79.28,-74.02,10.56,4.174069404602051,0.00544491782784462,16.656105041503906,32.9471741,-118.5303247,259.72,12.52,23.0,,,,,,,,,,,,,,,0,4.697324752807617,14.94498062133789,25.32,14.94498062133789,-2.490830183029175,1,1,1.0,0.33152395486831665,0,-0.2124519646167755,8.972282409667969,-0.05765346437692642,0.7850160002708435,277.4379577636719,1501,1502,1000,1500,1000,1000,1000,2000,1000,1500,0,0,0,0,1494,1505,1579,1498,1541,1426,1584,1465,0,1503,0,0,0,1500,0,-0.045019958168268204,98546.4453125,46.44,0.18889518082141876,27929877,0.0,25.329750061035156,1,0,0.28,4,25,-1,,,
auto,00000003.BIN,C:\Users\Siya Bhadu\OneDrive\Desktop\ardupilot_parse\data\auto\00000003.BIN,00000003__descent_002,2,26469.721214,12.950000000000728,POS.RelHomeAlt,-0.07715025544166565,-0.0765019953250885,-5.0,0.002908706665081362,4.697324752807617,ARSP.Airspeed,-0.2124519646167755,-0.2124519646167755,33.31874914258612,ArduPilot_AOA.AOA,8.972282409667969,8.972282409667969,-9.653082235313828,ArduPilot_AOA.SSA,ArduPilot_AOA,ground_relative_approx,0.020816150697269747,-0.0022378263529390097,-0.020695513114333153,0.01356855221092701,-0.28,-0.26,275.19,-0.28,-0.26,0.0,0.0,0.0,1501.0,1501.0,1000.0,1500.0,0.002,0.002,0.0,0.0,0.0,-0.02000000000029104,0.0,0.0,1494.0,1505.0,1579.0,1498.0,0.0,26.0,0.0,-0.006227531004697084,-0.0036110838409513235,-0.006841351743787527,0.1418335884809494,0.09371694177389145,-9.80582332611084,32.9473591,-118.5318911,13.917427062988281,7.243631362915039,2.2336208820343018,,,,0.020469596482154497,-0.004166548226177318,0.01345560235325059,0.020469596482154497,-0.004166548226177318,0.01345560235325059,2,4,346338200,2436,28,0.52,32.9473591,-118.5318883,261.2,0.038490645587444305,358.3263854980469,-0.007711338810622692,0.0,1,32.9473591,-118.5318911,261.0,-0.07715025544166565,-2.2171502113342285,-0.28,-0.28,-0.26,-0.26,0.0,275.19,0.01,0.01,3,0,-0.006227531004697084,-0.0036110838409513235,-0.006841351743787527,0.1418335884809494,0.09371694177389145,-9.80582332611084,0,0,45.0,1,1,3276,3276,-0.06,0.78,277.42,261.0299987792969,32.9473591,-118.5318883,0.7513747811317444,0.0040784841403365135,0.005556246731430292,-0.6598396301269531,1,-0.13,-0.21,275.24,-0.0022378263529390097,-0.020695513114333153,0.01356855221092701,0.01181497797369957,13.917427062988281,7.243631362915039,2.2336208820343018,-0.05,-0.03,-0.02,261.07,2,0.18,-0.05,0.03,-1.08,3.92,239,48,385,14,-12,-21,0.0,0.0,-0.005415600724518299,-0.28,-0.28,-0.26,-0.26,0.0,26.0,0.0,4.606817245483398,1,4.513829708099365,1.0323870182037354,0,147.76829528808594,-79.28,-74.02,10.56,4.174069404602051,0.00544491782784462,16.57795524597168,32.9471741,-118.5303247,259.72,12.52,23.0,,,,,,,,,,,,,,,0,4.697324752807617,14.94498062133789,25.32,14.94498062133789,-2.490830183029175,1,1,1.0,0.33152395486831665,0,-0.2124519646167755,8.972282409667969,-0.05765346437692642,0.7850160002708435,277.4379577636719,1501,1501,1000,1500,1000,1000,1000,2000,1000,1500,0,0,0,0,1494,1505,1579,1498,1540,1427,1584,1465,0,1503,0,0,0,1500,0,-0.045019958168268204,98546.4453125,46.44,0.18889518082141876,27929877,0.0,25.329750061035156,1,0,0.28,4,25,-1,,,
auto,00000003.BIN,C:\Users\Siya Bhadu\OneDrive\Desktop\ardupilot_parse\data\auto\00000003.BIN,00000003__descent_002,2,26469.771214,13.0,POS.RelHomeAlt,-0.0766991674900055,-0.07658091187477112,-5.0,0.0009393692016861355,4.986763954162598,ARSP.Airspeed,-0.18752343952655792,-0.18752343952655792,73.9698031678363,ArduPilot_AOA.AOA,8.988762855529785,8.988762855529785,-1.7738338616497509,ArduPilot_AOA.SSA,ArduPilot_AOA,ground_relative_approx,0.01691648446257274,-8.455110219074413e-05,-0.016916273161768913,0.059635184705257416,-0.29,-0.26,275.2,-0.29,-0.26,0.0,0.0,0.0,1501.0,1501.0,1000.0,1500.0,0.002,0.002,0.0,0.0,0.0,0.01999999999810825,0.0,0.0,1494.0,1505.0,1579.0,1498.0,0.0,26.0,0.0,-0.008063292130827904,-0.0039809392765164375,-0.0014015291817486286,0.16038987040519714,0.11148709803819656,-9.837167739868164,32.9473591,-118.5318912,13.925361633300781,7.236766338348389,2.3285861015319824,,,,0.01710943102014339,-0.001918797530113163,0.05954920895870926,0.01710943102014339,-0.001918797530113163,0.05954920895870926,2,4,346338200,2436,28,0.52,32.9473591,-118.5318883,261.2,0.038490645587444305,358.3263854980469,-0.007711338810622692,0.0,1,32.9473591,-118.5318912,261.0,-0.0766991674900055,-2.2166991233825684,-0.29,-0.29,-0.26,-0.26,0.0,275.2,0.01,0.01,3,0,-0.008063292130827904,-0.0039809392765164375,-0.0014015291817486286,0.16038987040519714,0.11148709803819656,-9.837167739868164,0,0,45.0,1,1,3276,3276,-0.06,0.78,277.41,261.0299987792969,32.9473591,-118.5318883,0.7513589859008789,0.004077640362083912,0.005548269022256136,-0.6598577499389648,2,0.13,0.56,276.46,-8.455110219074413e-05,-0.016916273161768913,0.059635184705257416,0.011609549634158611,13.925361633300781,7.236766338348389,2.3285861015319824,0.28,-0.11,0.01,261.07,2,0.18,-0.05,0.03,-1.08,3.92,239,48,385,14,-12,-21,0.0,0.0,-0.005415600724518299,-0.29,-0.29,-0.26,-0.26,0.0,26.0,0.0,4.606817245483398,1,4.513829708099365,1.0323870182037354,0,147.7775421142578,-79.28,-74.02,10.56,4.174069404602051,0.00544491782784462,16.538618087768555,32.9471741,-118.5303247,259.72,12.52,23.0,,,,,,,,,,,,,,,0,4.986763954162598,16.84347915649414,25.32,16.84347915649414,-2.490830183029175,1,1,1.0,0.33152395486831665,0,-0.18752343952655792,8.988762855529785,-0.06845033168792725,0.7860547304153442,277.419189453125,1501,1501,1000,1500,1000,1000,1000,2000,1000,1500,0,0,0,0,1494,1505,1579,1498,1540,1427,1584,1465,0,1503,0,0,0,1500,0,-0.11070901155471802,98547.2109375,46.45,-0.3078150749206543,27929976,0.0,25.329750061035156,1,0,0.28,4,25,-1,,,
auto,00000003.BIN,C:\Users\Siya Bhadu\OneDrive\Desktop\ardupilot_parse\data\auto\00000003.BIN,00000003__descent_002,2,26469.821214000003,13.05000000000291,POS.RelHomeAlt,-0.07615700364112854,-0.07659593224525452,-5.0,0.00030040740966141843,4.986763954162598,ARSP.Airspeed,-0.18752343952655792,-0.18752343952655792,72.35779708938048,ArduPilot_AOA.AOA,8.988762855529785,8.988762855529785,-2.42153985494676,ArduPilot_AOA.SSA,ArduPilot_AOA,ground_relative_approx,0.018520315813274183,-0.0006263482500799,-0.018509721383452415,0.058715566992759705,-0.29,-0.26,275.21,-0.29,-0.26,0.0,0.0,0.0,1501.0,1502.0,1000.0,1500.0,0.002,0.004,0.0,0.0,0.0,0.01999999999810825,0.0,0.0,1493.0,1505.0,1579.0,1498.0,0.0,26.0,0.0,-0.0044359490275382996,-0.003842374077066779,3.2211803045356646e-05,0.16902436316013336,0.05291281268000603,-9.83609676361084,32.9473591,-118.5318912,13.925772666931152,7.236290454864502,2.3282108306884766,,,,0.018642625921215256,-0.00260129184925655,0.058619157999593365,0.018642625921215256,-0.00260129184925655,0.058619157999593365,2,4,346338400,2436,28,0.52,32.9473591,-118.5318887,261.23,0.0038718190044164658,19.122499465942383,0.02251875028014183,0.0,1,32.9473591,-118.5318912,261.0,-0.07615700364112854,-2.2161569595336914,-0.29,-0.29,-0.26,-0.26,0.0,275.21,0.01,0.01,3,0,-0.0044359490275382996,-0.003842374077066779,3.2211803045356646e-05,0.16902436316013336,0.05291281268000603,-9.83609676361084,0,0,45.0,1,1,3276,3276,-0.05,0.78,277.41,260.9599914550781,32.9473591,-118.5318883,0.7513578534126282,0.004144431557506323,0.0054772780276834965,-0.6598592400550842,2,0.13,0.56,276.46,-0.0006263482500799,-0.018509721383452415,0.058715566992759705,0.0029844213277101517,13.925772666931152,7.236290454864502,2.3282108306884766,0.28,-0.12,0.01,261.07,2,0.18,-0.05,0.03,-1.08,3.92,239,48,385,14,-12,-21,0.0,0.0,-0.005415600724518299,-0.29,-0.29,-0.26,-0.26,0.0,26.0,0.0,4.724010944366455,1,4.513829708099365,1.0323870182037354,0,147.7775421142578,-79.28,-74.02,10.56,4.174069404602051,0.00544491782784462,16.538618087768555,32.9471741,-118.5303247,259.72,12.52,23.0,,,,,,,,,,,,,,,0,4.986763954162598,16.84347915649414,25.32,16.84347915649414,-2.490830183029175,1,1,1.0,0.33152395486831665,0,-0.18752343952655792,8.988762855529785,-0.06845033168792725,0.7860547304153442,277.419189453125,1501,1502,1000,1500,1000,1000,1000,2000,1000,1500,0,0,0,0,1493,1505,1579,1498,1540,1427,1584,1464,0,1503,0,0,0,1500,0,-0.11070901155471802,98547.2109375,46.45,-0.3078150749206543,27929976,0.0,25.329750061035156,1,0,0.28,4,25,-1,,,
auto,00000003.BIN,C:\Users\Siya Bhadu\OneDrive\Desktop\ardupilot_parse\data\auto\00000003.BIN,00000003__descent_002,2,26469.871214000003,13.100000000002183,POS.RelHomeAlt,-0.07642307877540588,-0.07661095261573792,-5.0,0.0005912780761804237,5.1526288986206055,ARSP.Airspeed,-0.19303268194198608,-0.19303268194198608,72.62075865917434,ArduPilot_AOA.AOA,8.95068645477295,8.95068645477295,-3.950339240128631,ArduPilot_AOA.SSA,ArduPilot_AOA,ground_relative_approx,0.01881094706460836,-0.002334539545699954,-0.01866552047431469,0.05968282371759415,-0.28,-0.26,275.21,-0.28,-0.26,0.0,0.0,0.0,1501.0,1502.0,1000.0,1500.0,0.002,0.004,0.0,0.0,0.0,0.0,0.0,0.0,1493.0,1505.0,1579.0,1498.0,0.0,26.0,0.0,0.0030180816538631916,-0.0044244881719350815,-0.0006766170845367014,0.1503501832485199,0.04331711679697037,-9.827813148498535,32.9473591,-118.5318912,13.926079750061035,7.235720634460449,2.3286097049713135,,,,0.01864705590372498,-0.00431104876210987,0.05957846373537155,0.01864705590372498,-0.00431104876210987,0.05957846373537155,2,4,346338400,2436,28,0.52,32.9473591,-118.5318887,261.23,0.0038718190044164658,19.122499465942383,0.02251875028014183,0.0,1,32.9473591,-118.5318912,261.0,-0.07642307877540588,-2.2164230346679688,-0.28,-0.28,-0.26,-0.26,0.0,275.21,0.01,0.01,3,0,0.0030180816538631916,-0.0044244881719350815,-0.0006766170845367014,0.1503501832485199,0.04331711679697037,-9.827813148498535,0,0,45.0,1,1,3276,3276,-0.03,0.78,277.41,260.9599914550781,32.9473592,-118.5318883,0.7513493299484253,0.00426439056172967,0.00535541120916605,-0.6598692536354065,2,0.14,0.57,276.47,-0.002334539545699954,-0.01866552047431469,0.05968282371759415,-0.0004975569900125265,13.926079750061035,7.235720634460449,2.3286097049713135,0.28,-0.12,0.01,261.07,2,0.18,-0.05,0.03,-1.08,3.92,239,48,385,14,-12,-21,0.0,0.0,-0.005415600724518299,-0.28,-0.28,-0.26,-0.26,0.0,26.0,0.0,4.724010944366455,1,4.513829708099365,1.0323870182037354,0,147.7775421142578,-79.28,-74.02,10.56,4.174069404602051,0.00544491782784462,16.538618087768555,32.9471741,-118.5303247,259.72,12.52,23.0,,,,,,,,,,,,,,,0,5.1526288986206055,17.98257827758789,25.32,17.98257827758789,-2.490830183029175,1,1,1.0,0.33152395486831665,0,-0.19303268194198608,8.95068645477295,-0.023309441283345222,0.7799915671348572,277.41644287109375,1501,1502,1000,1500,1000,1000,1000,2000,1000,1500,0,0,0,0,1493,1505,1579,1498,1540,1427,1584,1464,0,1503,0,0,0,1500,0,-0.146290585398674,98547.6171875,46.45,-0.38784003257751465,27930077,0.0,25.329750061035156,1,0,0.28,4,25,-1,,,
auto,00000003.BIN,C:\Users\Siya Bhadu\OneDrive\Desktop\ardupilot_parse\data\auto\00000003.BIN,00000003__descent_002,2,26469.921214,13.150000000001455,POS.RelHomeAlt,-0.07661095261573792,-0.0766550600528717,-5.0,0.0008821487426885488,5.1526288986206055,ARSP.Airspeed,-0.19303268194198608,-0.19303268194198608,3.286529504365192,ArduPilot_AOA.AOA,8.95068645477295,8.95068645477295,-17.925516902434232,ArduPilot_AOA.SSA,ArduPilot_AOA,ground_relative_approx,0.029330738615730895,-0.00646056467667222,-0.02861037105321884,0.0017688805237412453,-0.25,-0.26,275.22,-0.25,-0.26,0.0,0.0,0.0,1501.0,1502.0,1000.0,1500.0,0.002,0.004,0.0,0.0,0.02000000000029104,-0.02000000000029104,0.0,0.0,1493.0,1505.0,1579.0,1498.0,0.0,35.0,0.0,0.004299953114241362,-0.005393098574131727,-0.0014456210192292929,0.12495830655097961,0.0987895056605339,-9.809067726135254,32.9473591,-118.5318912,13.912264823913574,7.235110282897949,2.216757297515869,,,,0.027911671401553463,-0.009043827748878401,0.0016027929597792858,0.027911671401553463,-0.009043827748878401,0.0016027929597792858,2,4,346338400,2436,28,0.52,32.9473591,-118.5318887,261.23,0.0038718190044164658,19.122499465942383,0.02251875028014183,0.0,1,32.9473591,-118.5318912,261.0,-0.07661095261573792,-2.216610908508301,-0.25,-0.25,-0.26,-0.26,0.0,275.22,0.01,0.01,3,0,0.004299953114241362,-0.005393098574131727,-0.0014456210192292929,0.12495830655097961,0.0987895056605339,-9.809067726135254,0,0,45.0,1,1,3276,3276,0.0,0.77,277.41,260.92999267578125,32.9473591,-118.5318887,0.7513061165809631,0.004440356511622667,0.005119616631418467,-0.6599189639091492,0,-0.25,-0.26,275.21,-0.00646056467667222,-0.02861037105321884,0.0017688805237412453,-0.0014190279180184007,13.912264823913574,7.235110282897949,2.216757297515869,-0.12,-0.25,-0.18,261.07,0,0.18,0.0,-0.02,-1.0,3.93,239,48,385,10,-9,-23,0.0,0.0,-0.044091660529375076,-0.26,-0.26,-0.26,-0.26,0.0,35.0,0.0,4.856569766998291,1,4.535563945770264,1.0323870182037354,0,147.7775421142578,-79.28,-74.02,10.56,4.174069404602051,0.00544491782784462,16.421424865722656,32.9471741,-118.5303247,259.72,12.52,23.0,,,,,,,,,,,,,,,0,5.1526288986206055,17.98257827758789,25.32,17.98257827758789,-2.490830183029175,1,1,1.0,0.33152395486831665,0,-0.19303268194198608,8.95068645477295,-0.023309441283345222,0.7799915671348572,277.41644287109375,1501,1502,1000,1500,1000,1000,1000,2000,1000,1500,0,0,0,0,1493,1505,1579,1498,1539,1428,1584,1464,0,1504,0,0,0,1500,0,-0.146290585398674,98547.6171875,46.45,-0.38784003257751465,27930077,0.0,25.329750061035156,1,0,0.28,4,25,-1,,,
auto,00000003.BIN,C:\Users\Siya Bhadu\OneDrive\Desktop\ardupilot_parse\data\auto\00000003.BIN,00000003__descent_002,2,26469.971214,13.200000000000728,POS.RelHomeAlt,-0.07694950699806213,-0.0766991674900055,-5.0,0.0016927719116457407,4.9529242515563965,ARSP.Airspeed,-0.19040347635746002,-0.19040347635746002,3.8013531611370515,ArduPilot_AOA.AOA,8.969574928283691,8.969574928283691,-19.006649798021297,ArduPilot_AOA.SSA,ArduPilot_AOA,ground_relative_approx,0.028531131789142173,-0.0068134437315166,-0.027705639600753784,0.001955643994733691,-0.25,-0.26,275.22,-0.25,-0.26,0.0,0.0,0.0,1502.0,1501.0,1000.0,1500.0,0.004,0.002,0.0,0.0,0.02000000000029104,-0.02000000000029104,0.0,0.0,1493.0,1505.0,1579.0,1498.0,0.0,26.0,0.0,7.774076948408037e-05,-0.0056099314242601395,-0.0014729113318026066,0.12019064277410507,0.05394519120454788,-9.841951370239258,32.9473591,-118.5318912,13.912635803222656,7.234664440155029,2.216949462890625,,,,0.026979444242310215,-0.009313761468621578,0.001792612698055932,0.026979444242310215,-0.009313761468621578,0.001792612698055932,2,4,346338400,2436,28,0.52,32.9473591,-118.5318887,261.23,0.0038718190044164658,19.122499465942383,0.02251875028014183,0.0,1,32.9473591,-118.5318912,261.0,-0.07694950699806213,-2.216949462890625,-0.25,-0.25,-0.26,-0.26,0.0,275.22,0.01,0.01,3,0,7.774076948408037e-05,-0.0056099314242601395,-0.0014729113318026066,0.12019064277410507,0.05394519120454788,-9.841951370239258,0,0,45.0,1,1,3276,3276,-0.01,0.77,277.4,260.92999267578125,32.9473591,-118.5318887,0.7512841820716858,0.004386762157082558,0.005143708549439907,-0.6599442362785339,0,-0.25,-0.26,275.21,-0.0068134437315166,-0.027705639600753784,0.001955643994733691,8.738914038985968e-05,13.912635803222656,7.234664440155029,2.216949462890625,-0.12,-0.25,-0.18,261.07,2,0.18,-0.05,0.03,-1.08,3.92,239,48,385,14,-12,-21,0.0,0.0,-0.005415600724518299,-0.25,-0.25,-0.26,-0.26,0.0,26.0,0.0,4.856569766998291,1,4.535563945770264,1.0323870182037354,0,147.7775421142578,-79.28,-74.02,10.56,4.174069404602051,0.00544491782784462,16.28886604309082,32.9471741,-118.5303247,259.72,12.52,23.0,,,,,,,,,,,,,,,0,4.9529242515563965,16.615659713745117,25.32,16.615659713745117,-2.490830183029175,1,1,1.0,0.33152395486831665,0,-0.19040347635746002,8.969574928283691,-0.011327854357659817,0.7745945453643799,277.406494140625,1502,1501,1000,1500,1000,1000,1000,2000,1000,1501,0,0,0,0,1493,1505,1579,1498,1539,1428,1584,1464,0,1503,0,0,0,1501,0,-0.09154970943927765,98546.9921875,46.45,-0.15372546017169952,27930178,0.0,25.329750061035156,1,0,0.28,4,25,-1,,,
auto,00000003.BIN,C:\Users\Siya Bhadu\OneDrive\Desktop\ardupilot_parse\data\auto\00000003.BIN,00000003__descent_002,2,26470.021214,13.25,POS.RelHomeAlt,-0.07723012566566467,-0.07682433724403381,-5.0,0.0025033950805117833,4.9529242515563965,ARSP.Airspeed,-0.19040347635746002,-0.19040347635746002,73.75895034483628,ArduPilot_AOA.AOA,8.969574928283691,8.969574928283691,-2.8615689439807275,ArduPilot_AOA.SSA,ArduPilot_AOA,ground_relative_approx,0.016899762733401925,-0.0012347701704129577,-0.01685459353029728,0.058229412883520126,-0.26,-0.26,275.22,-0.26,-0.26,0.0,0.0,0.0,1502.0,1501.0,1000.0,1500.0,0.004,0.002,0.0,0.0,-0.01999999999810825,0.0,0.0,0.0,1493.0,1505.0,1579.0,1498.0,0.0,26.0,0.0,-0.006588323041796684,-0.004252429585903883,-0.0021738726645708084,0.11472181230783463,0.03015993908047676,-9.834550857543945,32.9473591,-118.5318912,13.9271879196167,7.233899116516113,2.3306922912597656,,,,0.016936416980564403,-0.0030269448661875333,0.058140019692482475,0.016936416980564403,-0.0030269448661875333,0.058140019692482475,2,4,346338600,2436,28,0.52,32.9473591,-118.531889,261.25,0.0408993735909462,358.80059814453125,0.04462320730090141,0.0,1,32.9473591,-118.5318912,261.0,-0.07723012566566467,-2.2172300815582275,-0.26,-0.26,-0.26,-0.26,0.0,275.22,0.01,0.01,3,0,-0.006588323041796684,-0.004252429585903883,-0.0021738726645708084,0.11472181230783463,0.03015993908047676,-9.834550857543945,0,0,45.0,1,1,3276,3276,-0.03,0.77,277.39,260.97998046875,32.9473591,-118.5318887,0.7512444257736206,0.004268983379006386,0.005276220850646496,-0.6599893569946289,2,0.15,0.56,276.48,-0.0012347701704129577,-0.01685459353029728,0.058229412883520126,0.009320564568042755,13.9271879196167,7.233899116516113,2.3306922912597656,0.28,-0.12,0.01,261.07,2,0.18,-0.05,0.03,-1.08,3.92,239,48,385,14,-12,-21,0.0,0.0,-0.005415600724518299,-0.26,-0.26,-0.26,-0.26,0.0,26.0,0.0,4.88567590713501,1,4.535563945770264,1.0323870182037354,0,147.7775421142578,-79.28,-74.02,10.56,4.174069404602051,0.00544491782784462,16.28886604309082,32.9471741,-118.5303247,259.72,12.52,23.0,,,,,,,,,,,,,,,0,4.9529242515563965,16.615659713745117,25.32,16.615659713745117,-2.490830183029175,1,1,1.0,0.33152395486831665,0,-0.19040347635746002,8.969574928283691,-0.011327854357659817,0.7745945453643799,277.406494140625,1502,1501,1000,1500,1000,1000,1000,2001,1000,1500,0,0,0,0,1493,1505,1579,1498,1539,1428,1584,1464,0,1503,0,0,0,1500,0,-0.09154970943927765,98546.9921875,46.45,-0.15372546017169952,27930178,0.0,25.329750061035156,1,0,0.28,4,25,-1,,,
auto,00000003.BIN,C:\Users\Siya Bhadu\OneDrive\Desktop\ardupilot_parse\data\auto\00000003.BIN,00000003__descent_002,2,26470.071214000003,13.30000000000291,POS.RelHomeAlt,-0.07768812775611877,-0.07694950699806213,-5.0,0.001254081725955869,4.600860118865967,ARSP.Airspeed,-0.19139675796031952,-0.19139675796031952,75.02312297666592,ArduPilot_AOA.AOA,8.966292381286621,8.966292381286621,-3.6597013238435854,ArduPilot_AOA.SSA,ArduPilot_AOA,ground_relative_approx,0.01594124824237686,-0.0021927114576101303,-0.01578972488641739,0.05912459269165993,-0.28,-0.26,275.22,-0.28,-0.26,0.0,0.0,0.0,1501.0,1501.0,1000.0,1500.0,0.002,0.002,0.0,0.0,-0.019999999998108246,0.020000000001018634,0.0,0.0,1494.0,1505.0,1579.0,1498.0,0.0,26.0,0.0,-0.009671667590737343,-0.004109818022698164,-0.004185530357062817,0.11824415624141693,0.05887715891003609,-9.837020874023438,32.9473591,-118.5318912,13.927416801452637,7.23370361328125,2.3312225341796875,,,,0.015792884970472508,-0.003908715655080445,0.059035138542370864,0.015792884970472508,-0.003908715655080445,0.059035138542370864,2,4,346338600,2436,28,0.52,32.9473591,-118.531889,261.25,0.0408993735909462,358.80059814453125,0.04462320730090141,0.0,1,32.9473591,-118.5318912,261.0,-0.07768812775611877,-2.2176880836486816,-0.28,-0.28,-0.26,-0.26,0.0,275.22,0.01,0.01,3,0,-0.009671667590737343,-0.004109818022698164,-0.004185530357062817,0.11824415624141693,0.05887715891003609,-9.837020874023438,0,0,45.0,1,1,3276,3276,-0.05,0.77,277.39,260.97998046875,32.9473591,-118.5318887,0.7511918544769287,0.004098020028322935,0.005419034976512194,-0.6600489616394043,2,0.14,0.56,276.47,-0.0021927114576101303,-0.01578972488641739,0.05912459269165993,0.011178967542946339,13.927416801452637,7.23370361328125,2.3312225341796875,0.28,-0.12,0.01,261.07,2,0.18,-0.05,0.03,-1.08,3.92,239,48,385,14,-12,-21,0.0,0.0,-0.005415600724518299,-0.28,-0.28,-0.26,-0.26,0.0,26.0,0.0,4.88567590713501,1,4.535563945770264,1.0323870182037354,0,147.7775421142578,-79.28,-74.02,10.56,4.174069404602051,0.00544491782784462,16.28886604309082,32.9471741,-118.5303247,259.72,12.52,23.0,,,,,,,,,,,,,,,0,4.600860118865967,14.337461471557617,25.32,14.337461471557617,-2.490830183029175,1,1,1.0,0.33152395486831665,0,-0.19139675796031952,8.966292381286621,-0.0670701414346695,0.7765570878982544,277.3840637207031,1501,1501,1000,1500,1000,1000,1000,2000,1000,1500,0,0,0,0,1494,1505,1579,1498,1540,1427,1584,1465,0,1503,0,0,0,1500,0,0.058987706899642944,98545.2890625,46.45,0.0008553106454201043,27930277,0.0,25.329750061035156,1,0,0.28,4,25,-1,,,
auto,00000003.BIN,C:\Users\Siya Bhadu\OneDrive\Desktop\ardupilot_parse\data\auto\00000003.BIN,00000003__descent_002,2,26470.121214000003,13.350000000002183,POS.RelHomeAlt,-0.07851329445838928,-0.07694974541664124,-5.0,4.768371582142272e-06,4.600860118865967,ARSP.Airspeed,-0.19139675796031952,-0.19139675796031952,76.50507653406575,ArduPilot_AOA.AOA,8.966292381286621,8.966292381286621,-4.271888118997856,ArduPilot_AOA.SSA,ArduPilot_AOA,ground_relative_approx,0.01429573702622475,-0.0029081993270665407,-0.013996802270412445,0.05812358111143112,-0.29,-0.25,275.2,-0.29,-0.25,0.0,0.0,0.0,1501.0,1502.0,1000.0,1500.0,0.002,0.004,0.0,0.0,0.02000000000029104,0.02000000000029104,0.0,0.0,1493.0,1505.0,1579.0,1498.0,0.0,26.0,0.0,-0.007119393907487392,-0.003296968527138233,-0.006583511363714933,0.12481105327606201,0.05101167410612106,-9.860136032104492,32.9473591,-118.5318912,13.927785873413086,7.2332987785339355,2.332878351211548,,,,0.01392910038196086,-0.004458627097997135,0.05804153327825126,0.01392910038196086,-0.004458627097997135,0.05804153327825126,2,4,346338600,2436,28,0.52,32.9473591,-118.531889,261.25,0.0408993735909462,358.80059814453125,0.04462320730090141,0.0,1,32.9473591,-118.5318912,261.0,-0.07851329445838928,-2.218513250350952,-0.29,-0.29,-0.25,-0.25,0.0,275.2,0.01,0.01,3,0,-0.007119393907487392,-0.003296968527138233,-0.006583511363714933,0.12481105327606201,0.05101167410612106,-9.860136032104492,0,0,45.0,1,1,3276,3276,-0.07,0.78,277.35,261.1300048828125,32.9473591,-118.531889,0.7509848475456238,0.004051939584314823,0.005536256358027458,-0.6602838039398193,2,0.13,0.57,276.45,-0.0029081993270665407,-0.013996802270412445,0.05812358111143112,0.016586309298872948,13.927785873413086,7.2332987785339355,2.332878351211548,0.28,-0.12,0.01,261.07,2,0.18,-0.05,0.03,-1.08,3.92,239,48,385,14,-12,-21,0.0,0.0,-0.005415600724518299,-0.29,-0.29,-0.25,-0.25,0.0,26.0,0.0,4.802004814147949,1,4.582783222198486,1.0323870182037354,0,147.7775421142578,-79.28,-74.02,10.56,4.174069404602051,0.00544491782784462,16.2597599029541,32.9471741,-118.5303247,259.72,12.52,23.0,,,,,,,,,,,,,,,0,4.600860118865967,14.337461471557617,25.32,14.337461471557617,-2.490830183029175,1,1,1.0,0.33152395486831665,0,-0.19139675796031952,8.966292381286621,-0.0670701414346695,0.7765570878982544,277.3840637207031,1501,1502,1000,1500,1000,1000,1000,2000,1000,1500,0,0,0,0,1493,1505,1579,1498,1540,1427,1584,1464,0,1503,0,0,0,1500,0,0.058987706899642944,98545.2890625,46.45,0.0008553106454201043,27930277,0.0,25.329750061035156,1,0,0.28,4,25,-1,,,
auto,00000003.BIN,C:\Users\Siya Bhadu\OneDrive\Desktop\ardupilot_parse\data\auto\00000003.BIN,00000003__descent_002,2,26470.171214,13.400000000001455,POS.RelHomeAlt,-0.07932010293006897,-0.07694998383522034,-5.0,4.768371582100639e-06,4.673395156860352,ARSP.Airspeed,-0.19121699035167694,-0.19121699035167694,4.436575328389599,ArduPilot_AOA.AOA,8.998297691345215,8.998297691345215,-26.37387305364211,ArduPilot_AOA.SSA,ArduPilot_AOA,ground_relative_approx,0.025229685692252653,-0.00914511363953352,-0.023513909429311752,0.0019089753041043878,-0.29,-0.25,275.18,-0.29,-0.25,0.0,0.0,0.0,1502.0,1502.0,1000.0,1500.0,0.004,0.004,0.0,0.0,0.04000000000058208,0.0,0.0,0.0,1493.0,1505.0,1579.0,1498.0,0.0,26.0,0.0,-0.0027182442136108875,-0.0029724882915616035,-0.00985871534794569,0.12018853425979614,0.04924555867910385,-9.810198783874512,32.9473591,-118.5318912,13.914154052734375,7.233381748199463,2.219320058822632,,,,0.02260032632988666,-0.011239736057340282,0.0017535136114370763,0.02260032632988666,-0.011239736057340282,0.0017535136114370763,2,4,346338600,2436,28,0.52,32.9473591,-118.531889,261.25,0.0408993735909462,358.80059814453125,0.04462320730090141,0.0,1,32.9473591,-118.5318912,261.0,-0.07932010293006897,-2.219320058822632,-0.29,-0.29,-0.25,-0.25,0.0,275.18,0.01,0.01,3,0,-0.0027182442136108875,-0.0029724882915616035,-0.00985871534794569,0.12018853425979614,0.04924555867910385,-9.810198783874512,0,0,45.0,1,1,3276,3276,-0.06,0.78,277.33,261.1300048828125,32.9473591,-118.531889,0.750862717628479,0.004071465693414211,0.005500506609678268,-0.6604228615760803,0,-0.29,-0.25,275.17,-0.00914511363953352,-0.023513909429311752,0.0019089753041043878,0.011580027639865875,13.914154052734375,7.233381748199463,2.219320058822632,-0.12,-0.25,-0.18,261.07,1,0.18,-0.01,0.02,-0.93,3.95,239,48,385,11,-10,-22,0.0,0.0,-0.04983825981616974,-0.29,-0.29,-0.25,-0.25,0.0,26.0,0.0,4.802004814147949,1,4.582783222198486,1.0323870182037354,0,147.7775421142578,-79.28,-74.02,10.56,4.174069404602051,0.00544491782784462,16.343429565429688,32.9471741,-118.5303247,259.72,12.52,23.0,,,,,,,,,,,,,,,0,4.673395156860352,14.79310131072998,25.32,14.79310131072998,-2.490830183029175,1,1,1.0,0.33152395486831665,0,-0.19121699035167694,8.998297691345215,-0.0659579262137413,0.7814258933067322,277.3330078125,1502,1502,1000,1500,1000,1000,1000,2000,1000,1500,0,0,0,0,1493,1505,1579,1498,1539,1428,1584,1464,0,1503,0,0,0,1500,0,-0.08607561886310577,98546.9296875,46.45,0.2058372050523758,27930378,0.0,25.329750061035156,1,0,0.28,4,25,-1,,,
